1.31369	0.439881	-0.492551	0.04275	p2
1.15854	0.822983	0.222642	0.04275	p2
0.641227	-0.930682	-1.08462	0.04275	p2
-1.32725	-0.0783181	0.910388	0.04275	p2
-0.683748	0.767958	1.29825	0.04275	p2
0.847072	-0.33194	-1.20472	0.04275	p2
0.248417	-1.61038	0.649336	0.04275	p2
0.808734	-1.17152	0.614918	0.04275	p2
-1.16203	0.434241	0.841644	0.04275	p2
1.1354	-0.261724	-1.29359	0.04275	p2
0.0489893	0.317292	-1.52558	0.04275	p2
-0.464197	-1.10064	-0.863038	0.04275	p2
0.145644	0.615013	1.55355	0.04275	p2
1.17015	-1.26691	-0.287065	0.04275	p2
-0.894624	0.419583	1.41759	0.04275	p2
0.712596	1.47387	0.232932	0.04275	p2
0.0886915	1.15129	-0.935867	0.04275	p2
-1.01529	0.685472	1.11143	0.04275	p2
-1.71212	-0.171629	-0.19789	0.04275	p2
1.00302	-0.181958	-1.02597	0.04275	p2
-1.18192	-0.300453	0.75714	0.04275	p2
0.883117	1.16069	-0.616996	0.04275	p2
0.459152	0.676945	-1.23777	0.04275	p2
-0.8177	-0.370818	1.30522	0.04275	p2
1.23935	1.03003	0.098974	0.04275	p2
0.971935	-1.42655	0.180298	0.04275	p2
-1.13293	-0.900441	-0.562247	0.04275	p2
-0.526487	-1.09039	-1.19042	0.04275	p2
1.12342	0.94592	-0.57806	0.04275	p2
-0.152021	0.972871	1.28096	0.04275	p2
1.45232	0.677259	0.501499	0.04275	p2
-1.07684	-0.915059	1.01869	0.04275	p2
-0.834031	-1.25281	0.180796	0.04275	p2
-0.0287787	-0.00357561	-1.54927	0.04275	p2
1.13077	1.13806	0.201423	0.04275	p2
-0.1316	-1.66837	0.433216	0.04275	p2
1.56774	-0.394376	-0.118929	0.04275	p2
-0.757829	-1.44483	0.430501	0.04275	p2
0.152377	-0.69742	1.33185	0.04275	p2
-1.38913	0.753341	-0.250288	0.04275	p2
-1.14852	-1.14585	0.415389	0.04275	p2
0.985011	-1.03982	0.828694	0.04275	p2
0.217647	1.26459	0.622846	0.04275	p2
0.283674	-0.497431	-1.44276	0.04275	p2
1.0458	0.384994	-1.2822	0.04275	p2
-0.496781	-0.20164	-1.665	0.04275	p2
-0.660723	0.439827	1.25859	0.04275	p2
-0.819373	1.15122	-0.669522	0.04275	p2
-1.06888	-0.218673	-1.11178	0.04275	p2
1.60083	-0.00785055	0.443515	0.04275	p2
0.907251	1.02564	-0.584483	0.04275	p2
0.937055	-0.770108	0.818625	0.04275	p2
0.512826	-1.15484	-0.880558	0.04275	p2
-1.02262	-1.08387	-0.890928	0.04275	p2
-0.905897	1.38479	0.274633	0.04275	p2
0.334832	1.24064	-0.661223	0.04275	p2
-1.42267	-0.217817	0.987881	0.04275	p2
-0.951131	1.29582	-0.660188	0.04275	p2
0.366333	-1.0808	-1.24603	0.04275	p2
1.01428	-0.814416	1.05753	0.04275	p2
-0.345631	1.20071	1.05079	0.04275	p2
0.015319	-0.776552	1.41492	0.04275	p2
0.207013	-0.491101	1.57928	0.04275	p2
-0.44059	0.231213	-1.40988	0.04275	p2
-0.56748	-0.684472	-1.32053	0.04275	p2
1.1394	-0.759326	-0.840577	0.04275	p2
1.15274	-1.07225	0.124717	0.04275	p2
-0.904657	0.0334238	1.24976	0.04275	p2
0.561309	1.10159	-0.853359	0.04275	p2
-0.86134	-0.14235	1.26443	0.04275	p2
-0.188372	1.15411	0.836881	0.04275	p2
-0.0618769	-0.841996	1.45233	0.04275	p2
1.40818	0.974016	0.0983635	0.04275	p2
0.338041	0.998981	1.16707	0.04275	p2
-0.383347	-1.39123	-0.863752	0.04275	p2
1.5686	0.651023	-0.236987	0.04275	p2
-0.679482	0.467098	1.48539	0.04275	p2
-0.823253	0.546812	1.39057	0.04275	p2
-0.158331	-0.896009	1.4697	0.04275	p2
-0.5307	-1.22972	-0.993488	0.04275	p2
-1.28395	-0.984753	0.0637761	0.04275	p2
-0.668603	-0.501792	1.44035	0.04275	p2
0.315136	-1.63836	0.459325	0.04275	p2
0.493529	0.754255	1.47627	0.04275	p2
0.457347	1.55841	-0.374315	0.04275	p2
0.0269621	0.257276	1.5764	0.04275	p2
-0.16649	-0.202708	1.67285	0.04275	p2
-1.33677	-0.137924	-0.959823	0.04275	p2
0.839865	-0.798176	-1.11725	0.04275	p2
-0.330105	-0.038212	-1.39594	0.04275	p2
0.158734	-1.3694	0.88371	0.04275	p2
0.478029	1.34639	-0.0105335	0.04275	p2
-0.292119	-0.361411	-1.69141	0.04275	p2
-1.62692	-0.269038	-0.410985	0.04275	p2
-1.15843	-0.649969	-1.06461	0.04275	p2
0.38766	-1.07514	-1.00624	0.04275	p2
1.2091	-0.209157	1.07369	0.04275	p2
-0.34281	-0.0794493	-1.58133	0.04275	p2
-1.24013	-0.839717	-0.487398	0.04275	p2
1.02498	-0.896298	-0.562095	0.04275	p2
-1.4887	0.28079	-0.536586	0.04275	p2
-0.829528	1.09072	0.482544	0.04275	p2
-0.799512	0.748399	0.980224	0.04275	p2
-0.194202	0.0346385	1.65252	0.04275	p2
-0.119306	1.17307	-1.0854	0.04275	p2
-0.60751	1.28244	-0.570816	0.04275	p2
0.790684	-1.4941	-0.0456489	0.04275	p2
0.978066	-0.3957	1.25385	0.04275	p2
-0.845832	-0.28926	1.24168	0.04275	p2
-0.707973	1.19285	0.449099	0.04275	p2
0.766216	-0.617619	1.42097	0.04275	p2
-1.33115	-0.107538	-0.871924	0.04275	p2
0.490023	-0.899599	1.4116	0.04275	p2
-0.256266	0.586581	1.31431	0.04275	p2
-0.339233	1.10356	1.03595	0.04275	p2
1.13915	-0.791538	0.825144	0.04275	p2
-0.31112	-1.62706	0.325889	0.04275	p2
0.0898856	-1.30151	-0.633869	0.04275	p2
-1.25915	0.669903	0.697836	0.04275	p2
-0.212396	1.05349	1.36659	0.04275	p2
-0.0579051	1.51575	0.343988	0.04275	p2
1.00951	0.347961	1.27628	0.04275	p2
-0.578672	1.29379	-0.318492	0.04275	p2
0.902458	-1.01854	-0.462396	0.04275	p2
0.140697	-1.56787	0.54552	0.04275	p2
0.63527	-0.18	-1.31971	0.04275	p2
-0.396932	0.78419	-1.37602	0.04275	p2
-0.688409	-0.976247	-1.22418	0.04275	p2
0.728515	-1.13305	0.733883	0.04275	p2
-0.527428	-1.08687	1.15776	0.04275	p2
-0.960957	0.771214	-0.84647	0.04275	p2
0.624657	0.0667695	-1.52394	0.04275	p2
-0.07043	0.760866	1.40574	0.04275	p2
0.213124	-0.852322	-1.51405	0.04275	p2
0.486124	1.61921	-0.0918528	0.04275	p2
-0.85998	-0.575568	1.3676	0.04275	p2
-0.773784	-0.369316	1.2047	0.04275	p2
0.280647	0.28088	1.64543	0.04275	p2
0.485411	-0.53197	-1.37023	0.04275	p2
-1.30384	-0.883133	0.4381	0.04275	p2
1.48146	0.697478	0.0373427	0.04275	p2
0.0204216	-1.25482	0.723014	0.04275	p2
-0.325588	0.941464	1.25485	0.04275	p2
1.38576	0.877242	0.606413	0.04275	p2
-0.0640989	1.43681	-0.787258	0.04275	p2
-1.55419	-0.338668	-0.729702	0.04275	p2
1.36305	0.94933	-0.151389	0.04275	p2
-0.922802	-0.183191	-1.14805	0.04275	p2
-1.50743	-0.170804	0.0702538	0.04275	p2
-0.871067	-0.843064	1.12608	0.04275	p2
-0.782811	-0.826669	-1.04605	0.04275	p2
-1.05643	-1.20765	0.11118	0.04275	p2
0.401166	-1.43656	0.223205	0.04275	p2
-1.14126	-0.392791	1.25624	0.04275	p2
1.4799	0.39683	-0.251499	0.04275	p2
0.588026	-1.07256	1.10904	0.04275	p2
-0.406653	1.3114	-0.624932	0.04275	p2
-1.43766	0.459412	-0.369965	0.04275	p2
-0.704072	-0.839537	1.1788	0.04275	p2
-1.49951	0.878413	0.251059	0.04275	p2
1.41552	-0.0507347	-0.952506	0.04275	p2
-0.957856	0.769837	-1.14983	0.04275	p2
0.678993	-1.2148	-0.335332	0.04275	p2
-0.187514	1.62462	-0.518682	0.04275	p2
0.954163	-1.02084	-0.331095	0.04275	p2
1.36296	0.466908	-0.76492	0.04275	p2
0.123957	0.931491	1.14818	0.04275	p2
-1.42273	-0.400741	0.426363	0.04275	p2
1.10084	-1.1097	0.305646	0.04275	p2
-1.04064	1.04937	0.742265	0.04275	p2
-0.431966	-1.55194	0.37666	0.04275	p2
0.762034	1.12689	0.834306	0.04275	p2
0.940583	-0.0476033	-1.08071	0.04275	p2
-0.0806004	-0.943931	-1.25356	0.04275	p2
0.548947	-1.11093	-1.08796	0.04275	p2
-0.638918	0.264946	1.31579	0.04275	p2
0.342358	-0.986216	0.98547	0.04275	p2
-1.30706	-0.774398	0.132593	0.04275	p2
0.709568	-1.4112	0.273691	0.04275	p2
-1.58382	-0.419429	-0.387889	0.04275	p2
0.986132	0.471279	0.924794	0.04275	p2
-0.830632	-1.29047	0.614368	0.04275	p2
-1.60925	0.0110171	0.236406	0.04275	p2
-0.12654	-1.11205	-0.913306	0.04275	p2
1.00063	0.872916	0.556101	0.04275	p2
1.31189	0.49398	-0.358283	0.04275	p2
-0.467187	-0.442746	-1.29583	0.04275	p2
0.447651	-1.34551	0.381651	0.04275	p2
-1.54844	-0.655215	0.375934	0.04275	p2
0.323829	1.21576	1.10204	0.04275	p2
-1.16268	-0.421676	-0.910218	0.04275	p2
0.734678	-0.282916	1.53029	0.04275	p2
-1.52534	0.608509	-0.430755	0.04275	p2
1.36125	-0.369985	0.328482	0.04275	p2
0.229892	-1.02046	-1.29971	0.04275	p2
-1.23405	-0.466792	-0.951919	0.04275	p2
0.791887	-1.08576	1.03038	0.04275	p2
-0.809477	-1.0872	-0.58577	0.04275	p2
-0.343749	0.758106	1.3535	0.04275	p2
1.39307	0.160527	0.520019	0.04275	p2
-0.914369	-1.37598	0.35089	0.04275	p2
0.985357	-1.45174	0.0525423	0.04275	p2
-0.311242	-0.952401	1.4072	0.04275	p2
-1.07431	0.684071	-1.1776	0.04275	p2
-1.15223	0.950658	-0.335926	0.04275	p2
0.249372	1.05188	1.28526	0.04275	p2
0.848095	-1.36329	0.67326	0.04275	p2
-0.0148746	-0.97175	1.19682	0.04275	p2
-0.453004	-0.543885	-1.55022	0.04275	p2
0.511867	0.486327	1.46355	0.04275	p2
-0.909931	1.10597	-0.968585	0.04275	p2
-1.04535	-0.766776	0.654246	0.04275	p2
0.201129	0.445949	-1.57103	0.04275	p2
1.18724	0.105557	-0.958304	0.04275	p2
0.106582	1.32375	1.06824	0.04275	p2
0.99589	-0.870589	-0.870558	0.04275	p2
-0.89484	0.882048	-1.20484	0.04275	p2
0.539606	-0.0934567	-1.58572	0.04275	p2
-0.101884	1.31598	0.615156	0.04275	p2
-1.11855	0.342272	-1.07374	0.04275	p2
0.865938	-0.807433	1.10743	0.04275	p2
0.36984	-0.645963	-1.58029	0.04275	p2
1.036	0.268147	-1.06768	0.04275	p2
-1.51975	-0.443965	-0.135633	0.04275	p2
0.0404271	1.18406	-1.04357	0.04275	p2
1.32426	-0.949618	-0.130441	0.04275	p2
0.485189	1.48196	0.641885	0.04275	p2
0.792069	0.0111739	1.33064	0.04275	p2
0.729472	-0.979142	-0.974365	0.04275	p2
1.22839	-0.769616	-0.244274	0.04275	p2
0.969358	1.11442	0.47413	0.04275	p2
1.02322	1.26613	-0.272533	0.04275	p2
0.825337	0.518895	-1.23056	0.04275	p2
0.877289	1.14508	0.725836	0.04275	p2
0.382207	-1.10843	1.13337	0.04275	p2
-1.47986	-0.270589	0.139464	0.04275	p2
1.28816	1.03022	-0.256405	0.04275	p2
0.831776	-0.996093	1.08744	0.04275	p2
-1.6726	0.314015	-0.16246	0.04275	p2
-1.34241	1.04806	-0.10382	0.04275	p2
0.908103	1.019	-0.877208	0.04275	p2
0.469712	-1.3021	1.0443	0.04275	p2
1.16232	0.813068	-0.243403	0.04275	p2
-1.29098	0.660221	-0.855165	0.04275	p2
-0.918959	0.298291	-1.08998	0.04275	p2
0.887695	-1.31175	0.342384	0.04275	p2
1.33473	1.01438	-0.436152	0.04275	p2
1.10982	-0.528491	1.10595	0.04275	p2
0.993939	-1.30094	-0.527256	0.04275	p2
-0.375284	-1.14526	-1.1445	0.04275	p2
-0.098003	0.180542	1.41966	0.04275	p2
-1.36538	-0.57844	-0.898472	0.04275	p2
1.26424	0.903213	0.141842	0.04275	p2
-0.513202	1.56826	-0.141779	0.04275	p2
-0.755895	-0.793245	-1.25628	0.04275	p2
1.39662	0.309372	0.602119	0.04275	p2
-1.5463	0.551012	0.341723	0.04275	p2
1.28835	-0.301078	-0.835289	0.04275	p2
1.46433	-0.399711	0.213747	0.04275	p2
-1.38696	0.551063	-0.738623	0.04275	p2
0.138061	-0.437646	-1.61512	0.04275	p2
-1.22926	0.699073	-0.469068	0.04275	p2
1.00597	0.783503	1.0259	0.04275	p2
-1.06323	1.2147	-0.361603	0.04275	p2
-0.433387	0.826961	1.23023	0.04275	p2
0.855072	0.844944	1.1323	0.04275	p2
1.35461	-0.425992	0.701063	0.04275	p2
0.348389	1.44934	0.16112	0.04275	p2
-0.951017	-1.04858	-0.302735	0.04275	p2
-0.989092	0.530967	-1.07004	0.04275	p2
-1.32025	-0.425205	0.50635	0.04275	p2
-0.523587	-0.903156	-1.38591	0.04275	p2
-0.100827	-1.38504	-0.902945	0.04275	p2
-0.238101	-0.231744	-1.40775	0.04275	p2
-1.20985	-0.522379	0.934075	0.04275	p2
-1.27442	0.258497	-0.698023	0.04275	p2
-1.2175	-0.715207	0.522318	0.04275	p2
-0.702601	1.30396	0.350908	0.04275	p2
-0.628798	-1.53663	-0.212191	0.04275	p2
1.23741	-0.745383	-0.883554	0.04275	p2
0.437787	0.763806	1.15231	0.04275	p2
-1.62977	-0.317186	-0.497733	0.04275	p2
1.22317	1.01009	-0.430184	0.04275	p2
0.549898	1.30147	0.671996	0.04275	p2
-0.948585	-0.874955	0.967943	0.04275	p2
1.06184	1.11822	-0.428288	0.04275	p2
1.70744	0.274176	-0.0341697	0.04275	p2
-0.0133595	-1.03557	-1.04723	0.04275	p2
-0.809722	0.744473	-1.07249	0.04275	p2
-0.467901	-1.34722	-0.157637	0.04275	p2
1.49332	-0.296244	0.157929	0.04275	p2
-0.526841	-0.592059	1.41859	0.04275	p2
-0.0391345	-0.684109	-1.34237	0.04275	p2
-1.22095	0.729863	-0.618827	0.04275	p2
-0.494602	-1.38109	-0.471418	0.04275	p2
0.993217	0.816433	0.771203	0.04275	p2
0.700379	-1.30864	-0.592139	0.04275	p2
0.774014	-0.230252	1.2654	0.04275	p2
-0.913763	0.805581	0.901078	0.04275	p2
0.871492	-0.0312288	1.38882	0.04275	p2
-0.932591	0.20769	1.24192	0.04275	p2
-0.8684	-1.47534	0.234962	0.04275	p2
-0.0620167	0.99632	1.31776	0.04275	p2
0.867504	0.575195	0.978685	0.04275	p2
-0.313577	1.45937	0.673429	0.04275	p2
-1.71014	0.277718	-0.230296	0.04275	p2
1.68948	0.3434	-0.148716	0.04275	p2
0.151173	-0.855611	1.25962	0.04275	p2
0.686515	-0.521872	1.52197	0.04275	p2
1.12713	-0.967695	0.789179	0.04275	p2
-0.917554	-0.987066	1.11687	0.04275	p2
-0.391807	1.0127	-1.2868	0.04275	p2
0.161251	0.458407	1.55498	0.04275	p2
-0.391627	-1.39676	-0.32172	0.04275	p2
0.271231	1.16587	0.897617	0.04275	p2
0.323042	-1.69396	0.0989212	0.04275	p2
-0.0406837	-1.03617	1.34089	0.04275	p2
0.299711	0.456614	-1.40196	0.04275	p2
-1.12181	-1.11832	-0.578542	0.04275	p2
0.416566	-0.274429	1.53463	0.04275	p2
-1.50412	-0.325457	-0.0348503	0.04275	p2
-1.0843	0.417754	-0.917033	0.04275	p2
-0.226474	0.202137	-1.65075	0.04275	p2
-1.41661	0.997975	0.130046	0.04275	p2
0.514082	0.0160871	1.37627	0.04275	p2
1.50564	0.408856	-0.461686	0.04275	p2
-0.274648	-0.00666486	-1.64068	0.04275	p2
0.425413	-1.63216	0.00303155	0.04275	p2
-0.165582	-0.0602666	-1.71868	0.04275	p2
-0.804034	-1.53523	0.28284	0.04275	p2
-1.33586	0.245864	0.467447	0.04275	p2
-1.22363	0.42194	1.15278	0.04275	p2
1.37857	-0.225813	0.98377	0.04275	p2
-0.652426	-1.01663	0.795513	0.04275	p2
0.183489	0.785251	1.49555	0.04275	p2
-0.979284	-0.847557	-0.629113	0.04275	p2
0.951174	-1.11353	0.292908	0.04275	p2
-0.107796	-0.920119	-1.09001	0.04275	p2
-0.446115	1.56648	0.57628	0.04275	p2
-1.21989	0.507841	0.805348	0.04275	p2
-1.27821	-0.894352	0.108656	0.04275	p2
1.40774	0.226529	-0.866743	0.04275	p2
1.48748	-0.607973	-0.555055	0.04275	p2
-0.575301	-0.111072	-1.33608	0.04275	p2
0.348864	1.39491	-0.283881	0.04275	p2
-1.19259	0.740692	0.861414	0.04275	p2
1.32804	-1.04906	0.292637	0.04275	p2
1.52699	-0.763636	-0.23975	0.04275	p2
-0.36064	1.39003	-0.717719	0.04275	p2
-0.995901	-1.07741	0.70657	0.04275	p2
1.52327	0.327028	0.0866822	0.04275	p2
-0.139491	1.48543	0.347754	0.04275	p2
0.735159	-1.40395	0.580658	0.04275	p2
0.785512	1.16809	0.735667	0.04275	p2
-0.114734	-0.522531	-1.58908	0.04275	p2
1.05698	-0.0680238	1.33994	0.04275	p2
-1.36995	-0.993749	-0.146371	0.04275	p2
1.18085	-1.18475	-0.500973	0.04275	p2
1.71291	-0.0319757	-0.378527	0.04275	p2
-1.23664	-1.21927	-0.208135	0.04275	p2
-0.536275	1.57839	0.24043	0.04275	p2
0.505217	-0.103333	1.59149	0.04275	p2
-0.939382	1.13782	-0.754078	0.04275	p2
-0.864187	0.372817	-1.17426	0.04275	p2
-1.24924	-0.399476	-0.77386	0.04275	p2
-0.991506	-0.814787	-0.892713	0.04275	p2
-1.63644	-0.529611	0.249529	0.04275	p2
0.321784	-0.627156	-1.44545	0.04275	p2
-0.249082	-0.303739	1.45878	0.04275	p2
-1.15026	-0.987273	-0.370012	0.04275	p2
0.502207	1.51592	-0.510401	0.04275	p2
0.455519	1.36736	-0.122053	0.04275	p2
0.408345	1.34365	0.952302	0.04275	p2
-1.37202	-0.465537	-0.459679	0.04275	p2
0.109092	-0.606636	-1.37346	0.04275	p2
-0.0544188	-0.699856	1.43789	0.04275	p2
-0.985241	-0.87759	1.06892	0.04275	p2
0.771137	0.426396	-1.41416	0.04275	p2
-0.906053	0.246392	1.15363	0.04275	p2
-0.519934	-1.17485	-1.15373	0.04275	p2
0.363416	-1.1843	1.22503	0.04275	p2
0.523053	-1.29065	0.862694	0.04275	p2
-0.655289	1.58752	0.348224	0.04275	p2
1.28273	-0.68236	0.973914	0.04275	p2
-1.24688	-0.935853	0.577048	0.04275	p2
1.5985	0.593895	-0.0532304	0.04275	p2
1.18228	-0.552045	-1.16638	0.04275	p2
-0.248756	0.349328	-1.58898	0.04275	p2
1.11838	-1.16415	0.44242	0.04275	p2
-0.471712	1.24267	0.692507	0.04275	p2
0.433065	1.53346	-0.710476	0.04275	p2
-0.215781	-1.26309	0.906456	0.04275	p2
-0.128862	0.370729	1.36888	0.04275	p2
-1.09313	-0.333255	1.12103	0.04275	p2
-0.420933	-1.29221	0.638068	0.04275	p2
-1.26046	-0.739183	0.694558	0.04275	p2
1.08604	-1.27687	0.234938	0.04275	p2
-0.157786	-0.243319	-1.69379	0.04275	p2
0.677248	0.153541	-1.52188	0.04275	p2
-1.2508	-1.02797	0.380845	0.04275	p2
-1.43508	-0.662749	-0.6762	0.04275	p2
0.665831	-1.28501	0.618356	0.04275	p2
0.689761	-0.639134	-1.2686	0.04275	p2
0.69222	-1.06536	0.873286	0.04275	p2
1.26698	0.3729	0.821131	0.04275	p2
-0.656588	-1.58722	0.069608	0.04275	p2
1.68903	0.362955	0.112065	0.04275	p2
-1.58213	0.167031	0.305261	0.04275	p2
-0.905958	-1.16688	-0.947153	0.04275	p2
-1.36081	0.10569	-0.87473	0.04275	p2
-1.42158	-1.00154	0.0670115	0.04275	p2
-0.338396	-0.250614	1.42495	0.04275	p2
-0.625758	-1.4703	0.484422	0.04275	p2
0.637692	-0.649377	-1.35149	0.04275	p2
-0.647212	-0.89466	-1.06717	0.04275	p2
-1.17773	-0.405652	0.694344	0.04275	p2
-0.675915	0.390122	-1.33305	0.04275	p2
1.3041	-0.607384	-0.710076	0.04275	p2
1.50018	-0.0193293	-0.566634	0.04275	p2
0.985524	-0.704216	1.25442	0.04275	p2
-0.319024	-0.390319	1.65542	0.04275	p2
-1.26463	-0.512016	0.625809	0.04275	p2
-1.50411	-0.718263	-0.2438	0.04275	p2
0.272809	1.62623	-0.0820297	0.04275	p2
0.814468	-0.0786571	-1.19305	0.04275	p2
-1.05858	-1.16239	-0.755298	0.04275	p2
1.07532	-0.907737	0.583819	0.04275	p2
-0.23437	-1.62971	-0.25946	0.04275	p2
0.496398	1.56165	0.393489	0.04275	p2
-1.06526	0.554837	1.1751	0.04275	p2
0.0547925	0.178674	1.43126	0.04275	p2
-1.08371	-0.380243	-1.12317	0.04275	p2
-1.06755	-0.2362	1.29545	0.04275	p2
-0.436414	0.923696	-1.39954	0.04275	p2
-1.11795	1.13805	-0.665981	0.04275	p2
1.26693	0.464381	-0.917212	0.04275	p2
0.812342	-0.406377	1.21913	0.04275	p2
-1.43861	0.454287	-0.155598	0.04275	p2
-0.254347	1.03335	-1.12093	0.04275	p2
-1.13839	-0.874635	-0.418847	0.04275	p2
0.436914	-1.5204	0.135618	0.04275	p2
0.265924	-1.37548	0.831453	0.04275	p2
0.751191	-0.118353	-1.43213	0.04275	p2
-0.791637	0.983034	1.19793	0.04275	p2
0.426575	1.6585	-0.363118	0.04275	p2
1.38147	-0.380164	-0.0771453	0.04275	p2
1.04464	0.87358	1.0908	0.04275	p2
1.25353	0.661556	-0.933481	0.04275	p2
-0.242255	-1.16439	-1.23485	0.04275	p2
-0.329487	0.739243	-1.47865	0.04275	p2
-1.4712	0.660135	0.430683	0.04275	p2
-0.604772	-1.55772	0.304565	0.04275	p2
0.641921	-1.14289	0.573932	0.04275	p2
1.14065	-1.1664	0.211803	0.04275	p2
1.03174	-1.14503	0.217914	0.04275	p2
1.51251	0.218122	0.226213	0.04275	p2
1.4598	-0.224651	0.774451	0.04275	p2
-0.961184	0.485648	1.22466	0.04275	p2
-0.15511	0.685061	-1.43492	0.04275	p2
-0.500531	1.2314	-1.05694	0.04275	p2
0.819261	-1.20562	0.077717	0.04275	p2
-1.3566	-0.0675715	0.727374	0.04275	p2
1.47731	-0.295474	-0.357781	0.04275	p2
-1.08825	0.743844	-0.972989	0.04275	p2
-0.805046	0.959326	0.93755	0.04275	p2
1.2272	0.67689	-0.584015	0.04275	p2
0.854539	0.142993	1.24601	0.04275	p2
1.04726	0.706381	-0.907833	0.04275	p2
0.896787	1.11362	-0.432502	0.04275	p2
-0.951346	-0.321051	1.22079	0.04275	p2
-0.560071	0.197801	1.32864	0.04275	p2
1.23028	0.469357	-0.65473	0.04275	p2
0.0197179	-0.185999	1.67067	0.04275	p2
-0.30226	1.12383	-1.28004	0.04275	p2
0.963784	0.458381	-1.36805	0.04275	p2
-1.33808	-0.449558	-0.761014	0.04275	p2
0.0206119	0.8093	1.39759	0.04275	p2
-1.39781	0.577337	0.542799	0.04275	p2
-0.366321	-0.643597	1.23003	0.04275	p2
1.15281	-1.10504	-0.518357	0.04275	p2
-0.82656	1.52049	-0.188301	0.04275	p2
-0.499291	0.58844	1.45363	0.04275	p2
1.33468	0.534317	0.654614	0.04275	p2
-0.948104	-0.215594	1.35864	0.04275	p2
-0.0469511	-1.36766	0.507413	0.04275	p2
0.805755	0.967974	-0.743965	0.04275	p2
-0.946697	-1.1535	0.25683	0.04275	p2
-0.371599	-1.51191	-0.177564	0.04275	p2
-0.582096	0.553102	-1.47762	0.04275	p2
1.32839	-0.751483	-0.433699	0.04275	p2
0.513069	1.10305	0.830102	0.04275	p2
0.46528	1.41954	0.159222	0.04275	p2
0.416785	0.758196	1.41385	0.04275	p2
-0.605725	-1.15176	1.15255	0.04275	p2
1.3617	-0.631346	0.24713	0.04275	p2
0.332223	1.3749	0.646052	0.04275	p2
-0.175238	-1.0403	1.22772	0.04275	p2
0.403921	-1.43625	0.562034	0.04275	p2
0.262448	0.797883	-1.41456	0.04275	p2
1.52256	-0.146148	-0.748099	0.04275	p2
-0.875375	-1.44513	-0.161038	0.04275	p2
0.753952	-0.302609	-1.16956	0.04275	p2
1.16509	-0.843665	-0.0692661	0.04275	p2
0.500081	1.60731	0.219773	0.04275	p2
-1.29796	0.0315382	0.966759	0.04275	p2
1.28617	-0.754921	-0.35162	0.04275	p2
-1.05907	-0.993754	-0.414992	0.04275	p2
-0.3644	-0.792674	-1.16091	0.04275	p2
-0.220255	1.63325	0.13616	0.04275	p2
0.0881298	0.497191	-1.58067	0.04275	p2
-1.0962	0.872788	0.267509	0.04275	p2
-1.39406	-0.30559	0.271951	0.04275	p2
0.709425	0.902524	1.29441	0.04275	p2
0.30958	1.46825	-0.124684	0.04275	p2
-0.453791	1.44171	0.592607	0.04275	p2
-1.15032	-0.376368	-1.00717	0.04275	p2
0.770462	0.184314	-1.38393	0.04275	p2
-1.3267	-0.957659	0.321908	0.04275	p2
-0.765337	0.897031	1.22591	0.04275	p2
-0.98052	-0.806233	-0.74995	0.04275	p2
0.834573	-1.15869	0.422541	0.04275	p2
0.94127	-0.818698	0.93035	0.04275	p2
-1.46814	0.125541	-0.48274	0.04275	p2
-0.850437	-1.34117	-0.728121	0.04275	p2
1.61682	0.288335	0.440448	0.04275	p2
-1.50522	-0.717577	-0.0706091	0.04275	p2
-0.602035	1.4473	-0.212871	0.04275	p2
0.922024	-0.652623	1.18246	0.04275	p2
0.497846	1.46903	0.0246504	0.04275	p2
1.58073	-0.735985	-0.0417728	0.04275	p2
1.16473	-0.6607	-0.511924	0.04275	p2
0.341575	-1.17983	0.941934	0.04275	p2
0.14967	1.50294	0.409921	0.04275	p2
-0.798366	-1.18491	-0.24636	0.04275	p2
-0.68571	-0.271292	1.24256	0.04275	p2
1.51796	0.460547	-0.638402	0.04275	p2
0.288775	0.971221	1.26831	0.04275	p2
-0.611932	1.36981	0.494796	0.04275	p2
0.9165	-0.542868	-1.15048	0.04275	p2
-1.39539	0.268204	-0.901917	0.04275	p2
-1.37229	0.281703	-0.482376	0.04275	p2
-1.39507	-0.402389	0.127169	0.04275	p2
-0.406596	-1.56336	-0.282374	0.04275	p2
0.619302	-1.41788	0.437084	0.04275	p2
-0.140532	1.72119	-0.140882	0.04275	p2
1.24369	0.889487	-0.784962	0.04275	p2
-0.761104	-1.42363	-0.345371	0.04275	p2
0.897307	0.324135	-1.40295	0.04275	p2
-0.761318	-0.40465	-1.43124	0.04275	p2
-0.806811	0.649548	1.37853	0.04275	p2
1.64079	0.0716172	-0.617274	0.04275	p2
1.42136	0.205571	0.235302	0.04275	p2
-0.856903	-0.780176	-0.913919	0.04275	p2
-1.17703	-0.808646	0.516454	0.04275	p2
0.950106	-0.372063	-1.23793	0.04275	p2
-0.15907	1.23962	0.844591	0.04275	p2
-1.38597	0.600901	-0.867138	0.04275	p2
0.796105	-1.32563	-0.238248	0.04275	p2
1.40871	0.720256	-0.023231	0.04275	p2
0.977976	0.821628	-0.699325	0.04275	p2
0.0425337	0.493219	1.45258	0.04275	p2
-1.5298	-0.844072	-0.0400095	0.04275	p2
0.475363	-1.35489	0.0552218	0.04275	p2
-0.962182	1.07044	-0.0250081	0.04275	p2
1.09742	1.2297	-0.0513457	0.04275	p2
1.08122	0.017186	1.12104	0.04275	p2
0.193811	1.45601	-0.210116	0.04275	p2
1.64825	-0.0648567	-0.0929774	0.04275	p2
-0.273105	1.25429	1.08114	0.04275	p2
-0.613749	1.2514	0.417204	0.04275	p2
1.32054	-0.118258	-0.771558	0.04275	p2
-0.0715069	0.581574	1.65544	0.04275	p2
0.130775	-0.396181	1.51958	0.04275	p2
0.316198	-1.38475	0.394995	0.04275	p2
1.27539	-0.449934	-0.580541	0.04275	p2
-1.2285	0.246951	-0.875771	0.04275	p2
0.0564013	-1.54134	-0.432034	0.04275	p2
-1.22719	1.21689	-0.153232	0.04275	p2
0.0931662	0.967661	1.39898	0.04275	p2
0.674726	1.49688	-0.00689659	0.04275	p2
0.370971	0.0238955	-1.59892	0.04275	p2
-1.58716	0.238541	0.0654332	0.04275	p2
0.965959	0.694327	-1.027	0.04275	p2
0.162384	-1.1396	-0.933919	0.04275	p2
0.232106	1.06092	1.00754	0.04275	p2
1.44677	0.472273	-0.0094651	0.04275	p2
0.460079	1.37257	0.838735	0.04275	p2
1.24331	-1.06848	-0.0073967	0.04275	p2
0.804268	1.41905	0.116941	0.04275	p2
0.467377	-1.53939	0.00502669	0.04275	p2
-0.0895071	-1.65606	-0.142517	0.04275	p2
1.70342	0.368389	-0.0636572	0.04275	p2
0.407286	1.40251	0.375103	0.04275	p2
1.42889	-0.504669	0.728436	0.04275	p2
1.32153	-0.505379	0.727185	0.04275	p2
-1.45531	-0.0245402	-0.123215	0.04275	p2
0.578227	0.796457	1.12037	0.04275	p2
1.37278	0.776198	-0.337089	0.04275	p2
-0.198195	0.326861	1.67599	0.04275	p2
-1.48734	0.37569	-0.274512	0.04275	p2
-0.540042	0.0703845	-1.56244	0.04275	p2
-0.209015	-1.16509	1.19627	0.04275	p2
1.11947	-0.90041	0.35476	0.04275	p2
0.769942	-0.15997	-1.193	0.04275	p2
-0.18033	1.37191	-0.863112	0.04275	p2
1.10252	1.33604	-0.117764	0.04275	p2
0.500795	1.43453	-0.615282	0.04275	p2
0.597097	0.503191	1.27142	0.04275	p2
-1.02458	-0.188123	1.39122	0.04275	p2
-0.247921	-1.3855	-0.587195	0.04275	p2
0.347796	0.304741	-1.58834	0.04275	p2
0.234134	-1.38538	-0.752179	0.04275	p2
0.998982	-1.15446	-0.834167	0.04275	p2
0.575966	-0.0374553	1.41473	0.04275	p2
1.21782	-1.235	0.000669606	0.04275	p2
1.38308	-0.566257	0.454953	0.04275	p2
0.0873804	1.1618	1.1791	0.04275	p2
-0.784322	0.200338	1.28927	0.04275	p2
-1.22252	-0.948682	0.822872	0.04275	p2
0.592392	1.36599	0.154713	0.04275	p2
-1.25277	-0.860734	-0.185631	0.04275	p2
0.636461	-1.28057	0.110178	0.04275	p2
-1.33596	-0.311091	-0.8524	0.04275	p2
-1.38243	-0.475183	0.557381	0.04275	p2
0.757445	1.04642	0.795822	0.04275	p2
0.516158	-0.59152	-1.46728	0.04275	p2
-1.55722	-0.343019	-0.118673	0.04275	p2
-0.287192	0.621864	1.51157	0.04275	p2
-0.48147	-1.55108	-0.00882142	0.04275	p2
0.399031	-0.288803	-1.63291	0.04275	p2
1.49888	0.711591	-0.426947	0.04275	p2
-0.989549	-0.145513	-1.43189	0.04275	p2
0.648535	-1.0725	0.778316	0.04275	p2
1.15876	-0.939861	-0.321272	0.04275	p2
-0.175102	-1.39107	-0.668174	0.04275	p2
-1.01705	-1.19488	0.231019	0.04275	p2
0.440535	-0.50349	-1.54318	0.04275	p2
-0.147608	-1.50145	0.214116	0.04275	p2
0.545674	-0.659453	-1.35085	0.04275	p2
-1.09186	1.11833	0.350113	0.04275	p2
0.12845	0.157522	-1.6107	0.04275	p2
-1.03235	-0.39912	1.31473	0.04275	p2
-0.655351	1.20064	0.879369	0.04275	p2
-1.29955	-0.179163	0.956219	0.04275	p2
-0.98995	-0.138137	1.14463	0.04275	p2
-0.886938	1.04764	0.59405	0.04275	p2
1.50964	-0.690749	-0.465778	0.04275	p2
0.680264	-0.476704	1.17357	0.04275	p2
-0.262057	-1.49279	-0.133105	0.04275	p2
-0.189574	1.23266	0.973503	0.04275	p2
1.14298	-1.00937	-0.461376	0.04275	p2
0.638674	0.244641	1.56388	0.04275	p2
-0.672164	-0.0407975	-1.52443	0.04275	p2
0.470926	-1.2356	0.564181	0.04275	p2
-0.229627	-0.129862	1.40153	0.04275	p2
-0.147433	0.442913	1.55859	0.04275	p2
1.46382	0.35094	0.235023	0.04275	p2
-0.120063	-1.57578	0.638331	0.04275	p2
-1.03001	0.959741	0.597408	0.04275	p2
1.39205	0.735852	0.354509	0.04275	p2
-0.515327	1.50314	0.123782	0.04275	p2
1.19197	1.25484	0.125133	0.04275	p2
0.308694	-1.12639	-0.875917	0.04275	p2
0.899225	0.546994	1.19417	0.04275	p2
0.535632	-0.247932	1.4641	0.04275	p2
-0.156934	-1.28272	1.03086	0.04275	p2
1.13119	-0.303336	0.81634	0.04275	p2
0.874009	-1.07555	0.897165	0.04275	p2
0.247555	-0.610055	1.26255	0.04275	p2
1.19677	0.8455	-0.319309	0.04275	p2
0.328695	-0.636444	1.26864	0.04275	p2
1.23335	0.360642	1.05532	0.04275	p2
1.49797	-0.69841	-0.0207423	0.04275	p2
1.58916	-0.152166	0.0706763	0.04275	p2
0.305832	1.11628	-1.03937	0.04275	p2
-1.51112	-0.537133	-0.379599	0.04275	p2
0.739037	0.820978	1.25378	0.04275	p2
-0.820523	-1.12361	0.956272	0.04275	p2
-1.14197	-0.869232	-0.037777	0.04275	p2
-1.35566	-0.726697	-0.67178	0.04275	p2
1.26288	-0.535472	-0.572734	0.04275	p2
1.50159	0.0182145	-0.808079	0.04275	p2
-0.0687342	0.964727	1.2099	0.04275	p2
-0.183532	-1.31499	-0.7228	0.04275	p2
1.50392	-0.0622455	0.892155	0.04275	p2
0.848646	1.08937	0.55806	0.04275	p2
1.29289	-0.0687461	-0.991132	0.04275	p2
-1.08714	-0.854964	0.371128	0.04275	p2
0.0753605	-0.277266	1.59518	0.04275	p2
1.06857	-0.404985	-1.17772	0.04275	p2
0.112794	-1.12865	1.31461	0.04275	p2
1.41488	0.559815	-0.0201872	0.04275	p2
-0.0406071	1.67901	-0.406477	0.04275	p2
0.428109	-0.680053	-1.39286	0.04275	p2
0.892024	-1.44635	0.257234	0.04275	p2
1.63627	0.451226	-0.227791	0.04275	p2
-0.221743	-1.17139	1.01288	0.04275	p2
1.00828	-1.33141	-0.0499757	0.04275	p2
-1.0709	0.878185	0.676642	0.04275	p2
0.103709	-0.0566437	1.61989	0.04275	p2
-1.06713	-0.816366	0.84221	0.04275	p2
0.0541028	0.949783	1.24141	0.04275	p2
-0.231193	0.128868	1.59842	0.04275	p2
-0.317111	1.50437	0.064214	0.04275	p2
1.29473	-0.600267	0.911816	0.04275	p2
-1.41083	0.920685	0.290789	0.04275	p2
-0.229865	-1.16794	-0.830238	0.04275	p2
-0.626514	0.52884	-1.31266	0.04275	p2
-0.093725	-1.68049	0.2251	0.04275	p2
-0.0914613	-1.57621	0.114066	0.04275	p2
-0.429219	-0.100896	1.50282	0.04275	p2
-0.504676	-0.284222	1.57453	0.04275	p2
0.487689	0.576601	-1.57329	0.04275	p2
0.884722	0.19412	-1.33995	0.04275	p2
-0.0934411	0.0472404	-1.61544	0.04275	p2
0.579907	1.05399	-1.1635	0.04275	p2
-1.10831	0.844641	-0.978262	0.04275	p2
-0.0777604	-0.238191	-1.52428	0.04275	p2
-0.119858	0.678203	-1.52249	0.04275	p2
-0.897574	-0.840662	0.819702	0.04275	p2
0.199317	-0.630396	1.50222	0.04275	p2
-0.0969794	-0.608383	1.50196	0.04275	p2
0.802274	1.33848	-0.594359	0.04275	p2
0.0207296	0.965073	1.16399	0.04275	p2
-0.629799	0.769695	1.15882	0.04275	p2
-0.64985	1.20972	-0.471333	0.04275	p2
0.534986	1.25799	-0.75467	0.04275	p2
-0.931466	0.766606	-1.01704	0.04275	p2
-0.698228	1.53034	-0.0880822	0.04275	p2
1.15353	0.907346	0.120096	0.04275	p2
1.51808	0.0914519	0.355036	0.04275	p2
-1.30583	0.463018	0.709277	0.04275	p2
-1.19467	0.903039	0.0411153	0.04275	p2
-0.709224	-0.538024	-1.13937	0.04275	p2
1.02814	-1.10514	-0.107974	0.04275	p2
1.3477	0.483054	0.768225	0.04275	p2
-0.232969	1.05701	-1.32847	0.04275	p2
-1.41747	0.394655	-0.850072	0.04275	p2
0.4941	-1.23244	-1.10407	0.04275	p2
-1.47906	0.340268	-0.874977	0.04275	p2
-0.694579	1.3187	-0.118674	0.04275	p2
0.181634	1.11274	0.911033	0.04275	p2
-0.925332	0.0984316	1.48807	0.04275	p2
-1.44179	-0.585509	-0.06776	0.04275	p2
-0.872938	-1.34499	-0.344434	0.04275	p2
0.325548	-0.724821	1.24438	0.04275	p2
-0.821856	-1.12018	-0.872745	0.04275	p2
0.690451	0.968659	-1.09098	0.04275	p2
-1.16069	1.18817	0.568639	0.04275	p2
-0.510352	0.752319	1.28187	0.04275	p2
0.59131	-0.455308	-1.5349	0.04275	p2
1.42659	0.677314	-0.661103	0.04275	p2
-0.323025	1.40118	-0.0864271	0.04275	p2
0.585906	1.6241	-0.222177	0.04275	p2
0.522185	-1.33375	-0.196018	0.04275	p2
-0.283055	0.94772	1.40563	0.04275	p2
0.594801	-0.460944	-1.22067	0.04275	p2
-0.566347	-1.28946	-0.203824	0.04275	p2
0.381567	0.634443	-1.36193	0.04275	p2
0.896161	0.436411	1.2225	0.04275	p2
0.189935	1.16085	-1.1211	0.04275	p2
0.300393	0.857437	1.20662	0.04275	p2
0.66235	1.38708	-0.321641	0.04275	p2
0.938667	-1.21297	0.0958144	0.04275	p2
1.4417	-0.0969226	0.545102	0.04275	p2
0.680033	0.791409	-0.993318	0.04275	p2
-0.346219	1.60138	0.2043	0.04275	p2
-0.51637	0.704379	1.44217	0.04275	p2
0.0919421	-0.346485	-1.47572	0.04275	p2
0.556871	-1.23593	-0.881287	0.04275	p2
-0.895949	-0.382589	1.17047	0.04275	p2
-1.07691	-0.522782	0.847634	0.04275	p2
-0.710674	-0.930809	0.837917	0.04275	p2
0.877435	-1.23948	-0.687564	0.04275	p2
-0.920001	-0.561811	-1.04935	0.04275	p2
-1.34615	0.815603	0.504117	0.04275	p2
0.659748	-1.21868	0.75729	0.04275	p2
1.18649	0.646938	0.525962	0.04275	p2
-0.699616	-0.0015647	1.49925	0.04275	p2
0.854131	0.446583	1.07932	0.04275	p2
0.460866	-0.823097	1.10911	0.04275	p2
-0.409094	-1.42049	0.756755	0.04275	p2
-1.08049	-0.507934	1.24753	0.04275	p2
0.148136	0.643973	1.29074	0.04275	p2
-0.434587	1.52201	-0.310675	0.04275	p2
1.501	-0.341743	-0.0674527	0.04275	p2
-0.207883	0.917419	-1.16582	0.04275	p2
-0.0262688	1.49896	-0.292992	0.04275	p2
1.46691	0.191449	-0.939991	0.04275	p2
1.04779	-0.197776	-1.34247	0.04275	p2
-0.437315	1.10419	-0.915967	0.04275	p2
-1.31821	0.319236	0.560205	0.04275	p2
-1.12698	-0.281936	0.863181	0.04275	p2
0.877554	0.722059	-1.00444	0.04275	p2
-0.657296	1.44173	0.668768	0.04275	p2
1.04591	-0.358365	0.96047	0.04275	p2
1.28043	-0.571073	-0.463216	0.04275	p2
0.290594	-1.29443	-0.543341	0.04275	p2
1.01148	-0.945601	-0.327256	0.04275	p2
0.635935	0.806772	-1.40548	0.04275	p2
-1.28368	0.157391	0.66654	0.04275	p2
-0.568498	0.660087	1.50519	0.04275	p2
0.963971	1.25306	0.560161	0.04275	p2
1.33916	-0.0674106	0.746458	0.04275	p2
1.1354	-0.513487	0.901141	0.04275	p2
-1.2761	0.965998	0.3828	0.04275	p2
-1.14986	-0.857947	0.0908949	0.04275	p2
-0.525829	-1.38268	-0.264193	0.04275	p2
-1.54711	-0.760768	-0.13572	0.04275	p2
0.293283	1.67625	0.315834	0.04275	p2
1.21495	1.10273	-0.114436	0.04275	p2
-1.3345	-0.846851	0.712034	0.04275	p2
-0.242465	1.67867	-0.38989	0.04275	p2
-0.928953	0.746475	0.982086	0.04275	p2
0.797975	-0.651075	-1.39205	0.04275	p2
-1.15471	0.096012	1.30005	0.04275	p2
-1.41468	0.179345	0.849669	0.04275	p2
0.916209	1.19732	-0.193608	0.04275	p2
-0.953369	-1.04146	0.520244	0.04275	p2
0.162763	-0.0529629	-1.7246	0.04275	p2
0.900755	0.647042	1.35923	0.04275	p2
-0.805281	-0.952326	0.734334	0.04275	p2
-0.569579	-1.4737	0.333267	0.04275	p2
-1.41442	0.493919	0.0609563	0.04275	p2
0.417428	0.996412	-0.98823	0.04275	p2
0.583847	1.37059	-0.660686	0.04275	p2
0.756552	1.28395	0.602292	0.04275	p2
-1.4067	-0.579161	0.777822	0.04275	p2
-1.19574	1.02959	-0.391929	0.04275	p2
1.24626	-0.796492	-0.798274	0.04275	p2
0.530392	0.580002	-1.43034	0.04275	p2
-0.568874	-0.865001	1.25619	0.04275	p2
0.338572	-0.245312	1.70358	0.04275	p2
0.282503	-1.42171	0.0598564	0.04275	p2
-1.02062	-1.31511	0.314719	0.04275	p2
1.54875	0.0361411	0.793004	0.04275	p2
0.582994	-0.971094	0.87693	0.04275	p2
0.104106	1.30379	-0.682488	0.04275	p2
-0.55923	-0.943316	-0.992086	0.04275	p2
0.525145	-0.805307	-1.14855	0.04275	p2
-0.848804	-0.00842914	-1.47158	0.04275	p2
-0.159319	1.32436	0.794306	0.04275	p2
-0.402121	-1.35548	-0.503481	0.04275	p2
-0.188423	0.0851033	-1.70503	0.04275	p2
0.356077	-1.02554	-0.927532	0.04275	p2
0.0309786	0.864382	-1.51571	0.04275	p2
1.31932	-0.529192	0.975135	0.04275	p2
0.656402	1.2393	0.721499	0.04275	p2
-0.959345	0.290133	1.20661	0.04275	p2
0.859224	-1.40302	0.0367886	0.04275	p2
1.02967	0.7887	-0.811825	0.04275	p2
-0.841748	1.30808	-0.783303	0.04275	p2
-1.04612	-0.682452	-1.05233	0.04275	p2
0.862244	0.380405	1.3245	0.04275	p2
1.28277	0.669444	-0.684278	0.04275	p2
0.680445	0.883641	-1.26231	0.04275	p2
0.231152	-1.39514	0.312407	0.04275	p2
0.0943314	0.835436	-1.21016	0.04275	p2
0.445038	1.28604	0.436084	0.04275	p2
0.795071	-1.29787	-0.0664108	0.04275	p2
-0.85215	-0.00445415	1.34737	0.04275	p2
1.47632	0.567291	0.274927	0.04275	p2
1.51131	-0.286553	0.43758	0.04275	p2
-0.0924455	-0.112453	1.63222	0.04275	p2
1.33642	0.131528	-0.680476	0.04275	p2
-0.456176	-1.14094	-0.944785	0.04275	p2
-1.1626	-0.0940232	1.00474	0.04275	p2
-0.912729	0.480258	1.1285	0.04275	p2
1.28474	-0.3766	-0.481717	0.04275	p2
1.08159	0.506299	-1.19441	0.04275	p2
0.668198	0.26574	-1.46081	0.04275	p2
-0.421946	1.34477	0.92998	0.04275	p2
0.170705	1.02331	-1.17685	0.04275	p2
-1.4698	0.127543	-0.156674	0.04275	p2
-1.19916	0.376649	-0.834585	0.04275	p2
-0.464533	0.155273	1.4472	0.04275	p2
0.604842	0.341056	-1.45279	0.04275	p2
-0.64678	-0.216596	-1.5043	0.04275	p2
-1.22912	0.766841	-0.899255	0.04275	p2
0.289834	0.866275	1.46228	0.04275	p2
-1.32354	0.185855	-0.76583	0.04275	p2
0.086878	0.547741	1.31716	0.04275	p2
-1.07522	0.201485	-1.10682	0.04275	p2
1.70563	-0.380789	-0.135045	0.04275	p2
0.763023	0.458296	1.42589	0.04275	p2
0.8686	1.33821	-0.0176959	0.04275	p2
0.436236	1.45935	-0.513371	0.04275	p2
0.182567	0.365796	1.62277	0.04275	p2
0.908019	0.657298	-1.32941	0.04275	p2
1.56871	-0.617467	0.00383648	0.04275	p2
-0.0430429	1.43836	-0.408103	0.04275	p2
1.32836	-0.31017	0.963272	0.04275	p2
-1.66691	-0.166025	-0.506842	0.04275	p2
1.03893	0.664447	0.794611	0.04275	p2
0.11338	1.45243	0.106177	0.04275	p2
0.667355	0.329202	1.56504	0.04275	p2
-1.38735	-0.38238	0.997286	0.04275	p2
0.551044	0.716457	1.37092	0.04275	p2
1.15642	0.742163	-0.54264	0.04275	p2
1.09568	0.906034	-0.119438	0.04275	p2
1.23879	0.773235	-0.151238	0.04275	p2
-0.865576	1.46931	-0.408425	0.04275	p2
-1.45178	0.352247	0.614967	0.04275	p2
-1.15005	1.30368	0.205294	0.04275	p2
1.02891	-0.400677	-1.35473	0.04275	p2
-0.742807	-1.3421	0.0532786	0.04275	p2
1.36462	-0.421806	0.225551	0.04275	p2
0.0523836	0.234037	-1.56865	0.04275	p2
-0.768401	0.776659	-1.18568	0.04275	p2
-0.868748	-0.52988	1.18044	0.04275	p2
-0.314283	1.10181	-0.975375	0.04275	p2
-0.496968	-0.881209	1.05287	0.04275	p2
0.797123	1.22989	-0.717494	0.04275	p2
-0.512138	1.28008	0.421807	0.04275	p2
-0.823836	-0.846462	0.968175	0.04275	p2
1.28033	0.541261	-0.852865	0.04275	p2
0.76906	-1.09173	-0.746343	0.04275	p2
-0.320801	1.39411	0.618315	0.04275	p2
1.23033	-0.696276	-0.579104	0.04275	p2
1.4203	0.623831	0.567427	0.04275	p2
-1.49984	-0.217422	-0.0916359	0.04275	p2
-1.44621	0.671835	-0.0549262	0.04275	p2
-0.498869	0.386929	1.32803	0.04275	p2
-1.63233	0.0516432	0.617762	0.04275	p2
-0.146442	1.18859	-0.994902	0.04275	p2
1.35933	0.319701	0.412034	0.04275	p2
0.0155087	-0.533123	-1.33282	0.04275	p2
-0.433485	-1.41795	-0.720225	0.04275	p2
-1.41102	0.0731229	-0.813032	0.04275	p2
1.23454	-0.0657807	-0.759822	0.04275	p2
1.36924	-0.0187824	-0.415474	0.04275	p2
-0.019755	0.511551	-1.35388	0.04275	p2
0.00404737	0.119609	-1.42901	0.04275	p2
-1.21154	-0.94201	0.397939	0.04275	p2
1.19386	-0.746224	0.308816	0.04275	p2
-0.741076	1.23799	0.621511	0.04275	p2
-0.93509	1.07084	0.314306	0.04275	p2
1.06904	-0.714276	1.08022	0.04275	p2
-1.24714	1.03473	0.500584	0.04275	p2
0.265849	1.42613	0.205069	0.04275	p2
-0.902155	0.143789	-1.49226	0.04275	p2
-0.212722	0.59952	1.55674	0.04275	p2
0.244539	-0.372144	-1.65113	0.04275	p2
1.28566	0.251722	0.62702	0.04275	p2
0.591242	-1.25534	-0.425366	0.04275	p2
0.21892	1.57607	0.406411	0.04275	p2
-0.117704	-1.41021	-0.304179	0.04275	p2
0.446756	0.249384	-1.65216	0.04275	p2
0.825078	-0.229463	1.5211	0.04275	p2
0.0648633	-1.45762	0.487526	0.04275	p2
-0.506064	-0.343321	1.39073	0.04275	p2
0.543017	-1.36133	-0.735286	0.04275	p2
0.863183	-1.07755	0.370342	0.04275	p2
0.219882	1.37403	0.41687	0.04275	p2
0.333656	-1.64771	-0.146777	0.04275	p2
-1.10965	1.07857	-0.273087	0.04275	p2
-0.14193	0.525409	-1.38189	0.04275	p2
-0.371139	-1.66738	-0.136594	0.04275	p2
0.340292	1.3529	-0.379671	0.04275	p2
-0.465728	1.35715	-0.342699	0.04275	p2
0.990146	-1.33858	-0.147319	0.04275	p2
-0.816056	-1.39769	0.583946	0.04275	p2
-1.2465	0.342697	1.08771	0.04275	p2
-0.823545	0.655914	-1.06649	0.04275	p2
0.794546	-1.16857	-1.01031	0.04275	p2
-0.925965	0.559292	1.06275	0.04275	p2
0.135467	-1.59863	0.172088	0.04275	p2
-0.548446	1.61359	0.156197	0.04275	p2
1.12053	-0.614961	0.793149	0.04275	p2
0.682977	-1.52695	0.0236404	0.04275	p2
1.14906	0.965115	0.348191	0.04275	p2
-0.488532	-0.701447	1.20487	0.04275	p2
-0.756251	-1.48838	0.531133	0.04275	p2
-0.858852	-0.709653	-1.05791	0.04275	p2
1.58095	-0.139563	-0.499673	0.04275	p2
-0.855581	0.107185	1.27598	0.04275	p2
0.793525	-0.0578135	-1.47802	0.04275	p2
-1.51992	-0.077028	0.0113984	0.04275	p2
-1.68561	0.0113129	-0.103495	0.04275	p2
0.381734	0.702028	-1.53074	0.04275	p2
1.27985	0.531267	0.726202	0.04275	p2
0.385526	-1.48596	-0.474008	0.04275	p2
-0.438261	-0.327131	-1.54014	0.04275	p2
-0.522917	-1.60174	0.111347	0.04275	p2
0.318079	-0.136547	-1.46346	0.04275	p2
-0.706472	-1.09407	0.944806	0.04275	p2
1.07463	0.840727	0.78509	0.04275	p2
0.978957	-0.673663	1.02345	0.04275	p2
-0.711085	0.592254	1.3358	0.04275	p2
-0.389886	1.67264	0.113235	0.04275	p2
0.665759	-1.46268	-0.447631	0.04275	p2
-1.45131	-0.320083	-0.227838	0.04275	p2
-1.62684	0.176799	-0.494498	0.04275	p2
-0.170203	-0.878404	-1.15185	0.04275	p2
1.71859	0.0664121	0.199778	0.04275	p2
-1.38357	0.806286	0.72107	0.04275	p2
1.60547	0.330137	-0.343629	0.04275	p2
0.987778	1.0498	-0.00649129	0.04275	p2
-0.466411	1.29872	-0.474315	0.04275	p2
-1.03507	-0.433506	-1.28395	0.04275	p2
-0.322328	-1.31766	-0.608986	0.04275	p2
-0.171446	-0.326508	-1.38398	0.04275	p2
-1.0119	0.586055	1.25878	0.04275	p2
-0.309583	0.876965	1.35826	0.04275	p2
0.70411	-0.864253	-1.07796	0.04275	p2
-1.23292	1.06807	-0.641515	0.04275	p2
0.94441	-0.900711	0.959004	0.04275	p2
-1.01118	1.19941	0.206167	0.04275	p2
-0.397867	1.45407	-0.266707	0.04275	p2
1.34024	-0.818006	0.161264	0.04275	p2
0.369771	-1.22634	1.11233	0.04275	p2
-0.0511411	1.36534	0.40995	0.04275	p2
1.34134	0.678237	0.473391	0.04275	p2
-1.37604	0.310978	0.389698	0.04275	p2
-0.430081	-0.400982	-1.60035	0.04275	p2
1.41355	0.417363	-0.896924	0.04275	p2
0.689607	-0.378735	-1.40426	0.04275	p2
1.2606	-0.614667	0.799452	0.04275	p2
-0.762213	-1.28122	-0.830673	0.04275	p2
-0.710119	-0.268117	-1.21462	0.04275	p2
-1.26075	0.261367	0.617499	0.04275	p2
0.793195	-1.46639	0.363485	0.04275	p2
0.585485	1.01029	-0.994201	0.04275	p2
0.412126	1.647	-0.150285	0.04275	p2
1.05705	-1.1164	0.140809	0.04275	p2
1.00589	0.600741	1.22985	0.04275	p2
-1.40489	0.553717	-0.383453	0.04275	p2
0.227826	1.21314	1.05818	0.04275	p2
-0.897985	-1.09081	0.168055	0.04275	p2
0.0355987	-1.61056	0.384676	0.04275	p2
1.27444	0.704165	0.0703183	0.04275	p2
-0.536628	-0.850106	-1.06178	0.04275	p2
-0.139825	0.423129	-1.65558	0.04275	p2
0.629099	-0.593489	-1.47002	0.04275	p2
-1.7327	-0.0529004	-0.230783	0.04275	p2
1.38972	-0.74021	0.0147271	0.04275	p2
1.21477	0.717811	0.233347	0.04275	p2
1.11371	-0.357408	-0.920175	0.04275	p2
0.874523	-1.31954	-0.166968	0.04275	p2
-0.758777	-1.4065	-0.708677	0.04275	p2
-0.122631	-0.778733	1.37027	0.04275	p2
-1.05098	-1.0509	0.1136	0.04275	p2
0.900599	-0.526775	-1.02319	0.04275	p2
-0.367545	-0.31175	-1.46512	0.04275	p2
-0.378303	0.456624	1.41174	0.04275	p2
0.585313	0.523738	-1.30516	0.04275	p2
0.803257	0.832168	-1.24687	0.04275	p2
-1.61901	-0.0860335	-0.521514	0.04275	p2
-1.36636	-0.586731	-0.165056	0.04275	p2
-0.360138	-1.51153	-0.552155	0.04275	p2
1.36415	-0.832514	0.53662	0.04275	p2
0.248324	-1.42427	-0.917845	0.04275	p2
-0.519082	-1.44883	-0.684264	0.04275	p2
-1.56289	-0.633163	0.165	0.04275	p2
1.15067	-0.984698	0.888148	0.04275	p2
-0.182755	-0.679115	1.25195	0.04275	p2
-1.19032	0.927606	0.87473	0.04275	p2
-1.17961	-0.987479	-0.0787615	0.04275	p2
-1.02466	-1.08722	-0.404427	0.04275	p2
0.792916	0.920497	-1.21831	0.04275	p2
-1.32091	-0.474035	0.946446	0.04275	p2
0.694237	1.26614	0.248612	0.04275	p2
-0.376351	0.507854	1.58842	0.04275	p2
-0.286196	1.70881	0.228057	0.04275	p2
1.07599	1.0478	-0.357838	0.04275	p2
-0.691427	1.00074	-1.0619	0.04275	p2
1.03744	-1.2066	-0.694148	0.04275	p2
-0.624139	-1.18382	-1.13011	0.04275	p2
-0.729002	-0.636244	1.39676	0.04275	p2
1.33433	0.924693	-0.545723	0.04275	p2
-0.165009	0.500591	-1.59035	0.04275	p2
-0.770112	-1.18505	-0.837447	0.04275	p2
0.039838	0.684244	-1.61357	0.04275	p2
0.375227	1.53802	0.369372	0.04275	p2
1.21396	0.0127682	-0.999	0.04275	p2
-1.47463	0.740114	-0.398684	0.04275	p2
1.41462	-0.859734	0.3674	0.04275	p2
1.09999	1.23777	-0.200046	0.04275	p2
0.734279	-1.13325	-0.571121	0.04275	p2
-1.00146	-0.172371	1.00573	0.04275	p2
1.71498	-0.163897	-0.1183	0.04275	p2
1.21573	0.496357	-0.816472	0.04275	p2
-0.766157	-0.519108	-1.427	0.04275	p2
0.594191	-1.54129	-0.177209	0.04275	p2
1.41334	0.405384	0.0620489	0.04275	p2
-0.476233	-1.20376	-0.677922	0.04275	p2
-0.931343	-1.09205	-0.684754	0.04275	p2
0.635756	1.31042	0.887476	0.04275	p2
-1.64533	0.118912	-0.428511	0.04275	p2
-1.17402	-0.655934	0.720274	0.04275	p2
-0.288664	1.3092	-0.933651	0.04275	p2
-0.37728	0.813843	-1.4828	0.04275	p2
0.560705	0.173575	1.65113	0.04275	p2
1.16629	0.374434	-1.06221	0.04275	p2
-0.375829	-1.06514	1.27901	0.04275	p2
1.22156	-0.79441	0.220596	0.04275	p2
0.632376	-0.23655	1.46009	0.04275	p2
-1.13359	-0.963749	-0.742155	0.04275	p2
0.436823	0.986841	1.26241	0.04275	p2
-0.477372	0.969295	-1.01612	0.04275	p2
-0.383218	1.63771	-0.155177	0.04275	p2
-0.571948	-0.488609	1.32152	0.04275	p2
-0.291913	1.14137	0.97531	0.04275	p2
-0.00938616	1.20011	1.23937	0.04275	p2
1.05116	0.498689	1.14172	0.04275	p2
-0.937488	0.822569	1.02653	0.04275	p2
-0.123717	0.854748	-1.2428	0.04275	p2
-1.1731	0.575368	-0.953057	0.04275	p2
-1.15024	-0.106824	-0.861018	0.04275	p2
0.204757	1.21767	0.944252	0.04275	p2
0.271256	-1.47136	-0.827062	0.04275	p2
-0.272328	-1.38462	0.391367	0.04275	p2
-1.1733	-0.882311	-0.773093	0.04275	p2
-0.477515	0.749189	-1.31432	0.04275	p2
-0.653509	-0.806031	-1.15225	0.04275	p2
0.196359	1.59872	-0.204626	0.04275	p2
0.243298	1.31596	0.507992	0.04275	p2
0.720561	-0.579509	-1.12933	0.04275	p2
1.61244	0.493336	0.129622	0.04275	p2
0.0978074	0.401584	-1.43786	0.04275	p2
1.48729	0.85624	0.370223	0.04275	p2
1.45248	-0.413693	-0.70482	0.04275	p2
-0.459947	0.535216	-1.31709	0.04275	p2
-0.307138	0.436625	-1.57033	0.04275	p2
1.35202	0.177673	0.658525	0.04275	p2
0.568784	0.581858	-1.18752	0.04275	p2
-1.57632	0.204488	-0.270828	0.04275	p2
-0.353153	1.39235	-0.869871	0.04275	p2
0.0740252	-1.05793	-1.18258	0.04275	p2
1.18966	1.04372	0.493917	0.04275	p2
0.278397	-1.62978	-0.274698	0.04275	p2
-0.77514	0.554885	-1.08762	0.04275	p2
0.378726	0.238311	1.68853	0.04275	p2
1.05388	0.621178	-1.24562	0.04275	p2
1.37464	-0.518667	-0.508884	0.04275	p2
-1.32	0.947552	0.0333942	0.04275	p2
-1.72239	0.144407	-0.0616071	0.04275	p2
-0.0195315	-0.559681	-1.6586	0.04275	p2
-0.303776	-1.38685	0.249988	0.04275	p2
-0.244984	0.749217	1.27438	0.04275	p2
-0.813294	-0.986515	1.15952	0.04275	p2
-0.730414	0.472299	-1.35034	0.04275	p2
-1.18223	0.541003	-0.656768	0.04275	p2
-0.39818	0.969891	0.984498	0.04275	p2
0.825256	1.40844	-0.643234	0.04275	p2
-1.36627	0.54049	-0.520994	0.04275	p2
0.0626949	-0.305865	-1.65032	0.04275	p2
1.05167	-1.05787	0.641861	0.04275	p2
-0.455797	1.64594	0.012046	0.04275	p2
0.0734619	1.00997	-1.16332	0.04275	p2
1.19711	0.215744	1.20583	0.04275	p2
0.892097	1.23291	0.156878	0.04275	p2
-1.32867	0.49098	0.361202	0.04275	p2
1.15154	-0.67226	0.548855	0.04275	p2
-0.568373	1.35549	0.229153	0.04275	p2
-0.53454	-0.996501	1.07643	0.04275	p2
-1.2084	0.69909	-0.821808	0.04275	p2
-1.28567	-0.610915	-0.0816534	0.04275	p2
0.939892	0.572333	-1.09226	0.04275	p2
-0.337338	-1.382	-0.114329	0.04275	p2
-1.24691	-0.604683	-0.759246	0.04275	p2
-0.474313	1.45708	0.721502	0.04275	p2
0.728985	0.00820016	-1.32248	0.04275	p2
-0.268856	-1.18391	0.869456	0.04275	p2
0.72565	-1.31607	0.507023	0.04275	p2
-0.695384	1.40655	-0.120982	0.04275	p2
-0.692227	1.29623	0.880051	0.04275	p2
0.640272	1.58243	-0.278834	0.04275	p2
1.53764	0.263563	-0.574487	0.04275	p2
-0.528489	-1.47668	-0.438371	0.04275	p2
0.624047	1.46518	0.067861	0.04275	p2
1.351	-0.85782	0.24043	0.04275	p2
1.31504	-0.812027	-0.148965	0.04275	p2
0.334219	0.774948	-1.24887	0.04275	p2
1.38672	0.814472	-0.636118	0.04275	p2
-0.303103	1.13543	0.84331	0.04275	p2
-1.26914	-0.911412	-0.568783	0.04275	p2
1.09864	-0.808737	0.62445	0.04275	p2
0.120362	-0.729235	-1.22696	0.04275	p2
0.549693	-0.176206	-1.35898	0.04275	p2
0.551558	-1.0467	-1.18137	0.04275	p2
1.20131	-0.129462	0.897517	0.04275	p2
-0.169791	-1.36209	0.632236	0.04275	p2
1.59004	-0.502942	-0.108901	0.04275	p2
0.783673	-0.887247	1.08482	0.04275	p2
-0.429323	-0.854828	-1.14765	0.04275	p2
-1.1826	0.896808	0.287253	0.04275	p2
0.863878	1.37807	-0.366925	0.04275	p2
-0.851539	0.34673	1.29788	0.04275	p2
0.562118	-1.20606	-0.624759	0.04275	p2
0.666491	-0.176325	-1.46357	0.04275	p2
0.403225	0.194624	1.53624	0.04275	p2
-0.0487973	0.729191	1.32875	0.04275	p2
0.412169	-0.100241	-1.70421	0.04275	p2
-0.155925	0.576463	-1.45498	0.04275	p2
0.178628	1.53956	-0.511949	0.04275	p2
-0.447389	0.930371	1.38518	0.04275	p2
-1.38817	0.911306	-0.231958	0.04275	p2
-0.477917	-1.22967	-0.884532	0.04275	p2
1.13088	0.246516	0.923405	0.04275	p2
0.461018	-0.508394	1.54043	0.04275	p2
0.212333	-1.49612	-0.193224	0.04275	p2
0.676147	-0.730312	-1.44576	0.04275	p2
-0.468334	-1.27841	0.753956	0.04275	p2
-0.190194	-1.67009	0.0125775	0.04275	p2
-0.405166	-1.02991	-1.33758	0.04275	p2
-0.165178	-1.45404	-0.594547	0.04275	p2
-0.0399298	-0.855373	-1.17636	0.04275	p2
-0.319829	1.45148	0.427904	0.04275	p2
-1.36912	-0.230172	0.720167	0.04275	p2
1.57059	0.521043	0.455196	0.04275	p2
-1.17673	0.499204	0.716988	0.04275	p2
-0.565061	1.37111	-0.686376	0.04275	p2
0.0765593	-0.678593	1.27365	0.04275	p2
-0.782049	-1.12254	-0.686764	0.04275	p2
1.50123	0.817261	-0.134543	0.04275	p2
-0.303918	1.6123	-0.311227	0.04275	p2
-1.27232	1.0506	0.0519707	0.04275	p2
1.42699	0.262542	0.127939	0.04275	p2
1.00851	-0.0437732	1.4101	0.04275	p2
1.3657	0.0423104	0.704201	0.04275	p2
0.872798	-1.18124	-0.37618	0.04275	p2
1.10296	-0.884768	-0.381037	0.04275	p2
0.845961	-0.15799	1.32143	0.04275	p2
0.43255	-1.29618	0.914331	0.04275	p2
0.481509	0.0833017	1.56602	0.04275	p2
0.740772	0.711037	1.41968	0.04275	p2
0.766746	0.571471	-1.31766	0.04275	p2
-0.91548	-1.161	0.0766682	0.04275	p2
-1.60587	-0.356854	0.211908	0.04275	p2
0.18915	-1.49624	0.444816	0.04275	p2
1.51051	0.727022	-0.15951	0.04275	p2
1.21779	0.0559263	0.787907	0.04275	p2
-0.80421	0.296	1.1445	0.04275	p2
0.292913	-0.113747	1.51416	0.04275	p2
-0.491875	-0.543817	-1.40142	0.04275	p2
0.683367	1.01358	1.08171	0.04275	p2
-0.768511	1.04118	1.0253	0.04275	p2
-1.50332	-0.368302	0.372978	0.04275	p2
-0.75373	1.05223	1.1177	0.04275	p2
-0.474767	0.171949	-1.52923	0.04275	p2
-1.31026	-0.156296	-1.15871	0.04275	p2
-1.17535	0.788739	0.261775	0.04275	p2
1.68736	-0.391773	-0.0319658	0.04275	p2
-0.716718	1.21993	-0.919886	0.04275	p2
-0.544137	-0.279026	1.46152	0.04275	p2
-0.0823299	-0.797695	-1.50923	0.04275	p2
0.785693	-1.22531	-0.606583	0.04275	p2
0.35271	-1.43748	-0.798012	0.04275	p2
0.525222	1.43928	0.814439	0.04275	p2
0.719835	-1.23679	-0.972307	0.04275	p2
-0.57806	-0.803148	1.44285	0.04275	p2
1.33186	0.847561	0.696545	0.04275	p2
-0.579776	-1.44637	-0.0594449	0.04275	p2
-1.38786	1.03183	-0.255046	0.04275	p2
1.35767	-0.019558	0.938681	0.04275	p2
0.165941	-1.52617	0.251609	0.04275	p2
1.30326	0.303722	-1.10626	0.04275	p2
-1.42472	-0.564466	-0.237354	0.04275	p2
0.0489791	-0.0516837	-1.70915	0.04275	p2
-1.66481	-0.231084	0.123226	0.04275	p2
-0.632175	0.24485	-1.36331	0.04275	p2
0.516447	-1.56744	0.367159	0.04275	p2
0.97758	-1.0441	1.0143	0.04275	p2
0.107179	1.20819	0.916448	0.04275	p2
-0.900604	0.818223	1.17495	0.04275	p2
-0.763033	-0.42148	1.50333	0.04275	p2
-1.06426	1.24584	-0.443238	0.04275	p2
-0.674228	-0.766529	-1.31235	0.04275	p2
-0.509658	0.288278	-1.3565	0.04275	p2
-0.643263	1.37119	-0.181336	0.04275	p2
1.4488	0.084692	0.270405	0.04275	p2
-1.63767	0.115904	-0.561758	0.04275	p2
-0.00632203	0.370111	-1.65178	0.04275	p2
0.303654	-0.0345886	1.63959	0.04275	p2
-0.487229	-0.754627	1.27963	0.04275	p2
1.36025	-0.872095	0.4458	0.04275	p2
0.914239	-0.398806	-1.06093	0.04275	p2
0.544752	1.55929	-0.384464	0.04275	p2
0.120902	-1.27832	0.795821	0.04275	p2
0.79648	0.247171	-1.19067	0.04275	p2
0.822899	-0.735515	-1.18654	0.04275	p2
-1.16514	0.307818	-0.957779	0.04275	p2
0.442681	1.43728	0.519578	0.04275	p2
-1.29739	1.17662	0.0683173	0.04275	p2
0.251678	1.34997	-0.457239	0.04275	p2
0.0857658	-1.71344	-0.104563	0.04275	p2
0.458764	-0.865429	-1.1113	0.04275	p2
1.55691	0.35612	-0.697339	0.04275	p2
0.423044	-1.62314	-0.486721	0.04275	p2
0.101632	1.37611	-0.742123	0.04275	p2
0.362955	0.02911	-1.70286	0.04275	p2
-0.395674	-0.422466	-1.4328	0.04275	p2
-0.134513	1.2217	0.720757	0.04275	p2
-1.23661	-0.0724159	-0.709175	0.04275	p2
0.926625	0.343777	1.22224	0.04275	p2
1.04563	1.12084	0.239516	0.04275	p2
-0.0974343	-0.913616	1.23699	0.04275	p2
1.16884	0.744753	0.976306	0.04275	p2
0.46241	0.695444	1.53251	0.04275	p2
0.0134993	-1.45667	-0.259786	0.04275	p2
0.480484	1.13697	1.15388	0.04275	p2
-1.21069	-0.553792	0.726706	0.04275	p2
0.686757	1.4554	-0.144007	0.04275	p2
0.531453	1.40262	-0.331168	0.04275	p2
0.50146	1.22641	1.14953	0.04275	p2
-0.541915	1.38896	0.752414	0.04275	p2
-0.884507	1.47776	-0.135341	0.04275	p2
-0.590338	-1.2964	0.0139212	0.04275	p2
1.31182	1.03333	0.402592	0.04275	p2
0.780915	-1.33429	0.232456	0.04275	p2
0.44244	-0.853997	-1.20189	0.04275	p2
-0.341114	1.56101	-0.485722	0.04275	p2
-0.556122	1.03782	0.980923	0.04275	p2
0.528617	-0.286354	-1.52743	0.04275	p2
-0.261067	0.39216	-1.67896	0.04275	p2
-0.22374	1.40045	-0.698049	0.04275	p2
0.560617	0.676651	-1.27077	0.04275	p2
-0.871618	-0.728427	-1.30529	0.04275	p2
1.49196	0.549102	-0.206998	0.04275	p2
0.304781	0.475729	-1.62273	0.04275	p2
-0.33751	-0.681698	1.58231	0.04275	p2
0.844153	-1.21392	-0.805984	0.04275	p2
1.05794	0.0295358	-1.31662	0.04275	p2
-1.29093	-1.15275	-0.0678153	0.04275	p2
0.241868	-1.40343	-0.255867	0.04275	p2
1.3607	-0.171364	0.716666	0.04275	p2
-0.692806	-0.569392	1.33541	0.04275	p2
-0.353544	1.46189	-0.0222369	0.04275	p2
-0.519821	0.296582	1.60622	0.04275	p2
0.287355	-1.68724	0.345235	0.04275	p2
0.171917	-0.131163	1.47839	0.04275	p2
-1.18747	0.232459	-1.0523	0.04275	p2
-0.971506	-1.27303	0.429909	0.04275	p2
-0.641	0.830728	-1.16509	0.04275	p2
-1.28223	-0.321999	0.635427	0.04275	p2
0.0505243	-1.46342	0.0415061	0.04275	p2
0.436134	0.325329	-1.49899	0.04275	p2
0.838909	0.273521	-1.4764	0.04275	p2
-0.906641	-0.920166	0.652945	0.04275	p2
-0.245742	-1.37669	0.799635	0.04275	p2
-1.29024	0.72897	-0.696231	0.04275	p2
1.52787	-0.512039	-0.04845	0.04275	p2
-1.28586	-0.64613	0.5773	0.04275	p2
0.433661	0.865562	-1.06954	0.04275	p2
-1.67192	-0.176063	0.485602	0.04275	p2
-1.10874	0.922763	-0.867861	0.04275	p2
0.738272	-1.4123	0.665857	0.04275	p2
-0.132209	1.09788	-1.01846	0.04275	p2
-1.4468	-0.124001	-0.772931	0.04275	p2
1.42457	-0.379021	0.0386695	0.04275	p2
0.220486	-1.27909	-1.02708	0.04275	p2
1.34004	-0.743504	-0.60236	0.04275	p2
0.981075	1.14486	-0.0927625	0.04275	p2
-0.154506	0.1683	1.68259	0.04275	p2
-1.41691	-0.876517	0.501198	0.04275	p2
-0.771371	1.40585	-0.508934	0.04275	p2
-0.116732	1.57052	0.701894	0.04275	p2
1.10422	1.15175	-0.506256	0.04275	p2
-1.54184	0.646563	0.167292	0.04275	p2
0.120093	-1.16219	1.05006	0.04275	p2
1.46371	-0.694632	-0.673227	0.04275	p2
0.937634	-0.749479	0.998959	0.04275	p2
0.170688	1.64513	0.278209	0.04275	p2
-1.46169	0.32375	0.376771	0.04275	p2
-0.471897	1.45254	0.226992	0.04275	p2
1.10493	0.886731	-0.250825	0.04275	p2
-0.65938	0.0109914	1.58222	0.04275	p2
-1.15751	-0.366719	-0.819798	0.04275	p2
0.48474	0.292222	1.39278	0.04275	p2
0.427218	-1.48429	-0.695642	0.04275	p2
-0.489671	-1.6639	-0.0659136	0.04275	p2
-0.214666	1.55981	-0.650662	0.04275	p2
0.884494	-0.289103	-1.48314	0.04275	p2
-0.33684	0.856138	1.12284	0.04275	p2
1.40466	0.808993	0.200567	0.04275	p2
-0.74293	-0.924624	1.03263	0.04275	p2
1.22336	0.235633	0.923205	0.04275	p2
1.38221	-0.300307	0.389941	0.04275	p2
1.49088	0.202623	-0.34824	0.04275	p2
-0.960964	1.26007	0.600865	0.04275	p2
1.01419	-0.838333	-0.682811	0.04275	p2
-0.393525	-0.860083	1.15532	0.04275	p2
1.26536	0.998652	0.634719	0.04275	p2
1.56327	0.461882	0.378182	0.04275	p2
1.15963	-1.09843	-0.624757	0.04275	p2
1.35084	0.606424	-0.648201	0.04275	p2
1.17423	-0.119411	1.09965	0.04275	p2
1.23366	-0.932799	0.660154	0.04275	p2
1.17747	0.258857	-1.24469	0.04275	p2
-0.851435	-1.05117	-1.11759	0.04275	p2
0.760766	-1.19502	-0.222482	0.04275	p2
1.34152	0.837889	-0.0318956	0.04275	p2
0.421491	1.32874	-0.97317	0.04275	p2
-0.274983	1.28418	0.86747	0.04275	p2
-0.834458	-1.02395	0.85023	0.04275	p2
-1.44573	0.0437545	0.716078	0.04275	p2
0.346794	0.883169	-1.1746	0.04275	p2
1.14847	-1.08666	0.604441	0.04275	p2
-1.5324	-0.381802	-0.492233	0.04275	p2
-0.274502	1.45435	0.560827	0.04275	p2
-0.747014	1.20949	0.998237	0.04275	p2
-0.476197	-0.861307	1.28076	0.04275	p2
-1.22525	-0.350884	0.887161	0.04275	p2
-1.4512	0.0148344	-0.911487	0.04275	p2
1.51907	-0.00847901	-0.483315	0.04275	p2
0.56166	1.50197	-0.195375	0.04275	p2
0.134958	-1.56343	-0.19696	0.04275	p2
-0.158155	0.316626	-1.42807	0.04275	p2
1.19989	0.131714	0.843589	0.04275	p2
-0.586341	-1.30755	-0.118343	0.04275	p2
1.16228	0.782149	0.408053	0.04275	p2
1.10814	0.55832	0.97917	0.04275	p2
1.65441	-0.296863	-0.377356	0.04275	p2
-0.0484109	-1.22549	0.809588	0.04275	p2
1.00364	0.463052	-1.23938	0.04275	p2
0.502038	-0.543454	1.38331	0.04275	p2
-1.29554	-0.757838	0.376641	0.04275	p2
0.0637223	1.60899	0.0614536	0.04275	p2
1.24975	-0.214687	-1.03578	0.04275	p2
0.950978	1.15273	0.398643	0.04275	p2
0.136128	-0.931974	1.10988	0.04275	p2
0.962159	-1.28075	0.720568	0.04275	p2
1.51317	-0.0389251	0.232098	0.04275	p2
1.39014	-0.83691	-0.642065	0.04275	p2
1.3656	-0.483363	-0.339214	0.04275	p2
0.462077	-1.43267	0.444712	0.04275	p2
0.199731	0.70662	-1.493	0.04275	p2
-0.42572	-0.402256	1.37252	0.04275	p2
0.135288	0.239929	1.72755	0.04275	p2
-0.977049	0.998472	-1.05261	0.04275	p2
-0.518541	1.38442	-0.481101	0.04275	p2
1.55301	-0.139866	0.746877	0.04275	p2
0.811302	-0.24591	-1.41227	0.04275	p2
0.222525	-1.2862	0.847444	0.04275	p2
0.778068	-0.913377	-0.913135	0.04275	p2
1.35819	0.600561	0.829104	0.04275	p2
0.00768579	-0.265905	-1.7289	0.04275	p2
1.45	-0.889737	-0.41495	0.04275	p2
1.23061	0.919759	0.691271	0.04275	p2
1.13452	1.12085	-0.22871	0.04275	p2
1.03265	0.68024	0.710746	0.04275	p2
0.680158	-0.0343017	1.45667	0.04275	p2
-1.13006	-0.886567	0.853609	0.04275	p2
0.631703	-0.153998	1.2689	0.04275	p2
-1.43919	0.0608503	0.0335287	0.04275	p2
-0.566763	-1.49013	0.134389	0.04275	p2
-1.34752	-0.122097	-0.53717	0.04275	p2
-0.836215	-1.24056	0.0449369	0.04275	p2
-0.661359	0.763981	-1.35112	0.04275	p2
-1.48054	0.56968	-0.23977	0.04275	p2
-0.237816	-0.78023	1.39557	0.04275	p2
1.22298	-0.285776	0.709909	0.04275	p2
-1.24797	0.179412	-0.666537	0.04275	p2
1.34619	0.340051	0.874689	0.04275	p2
1.34059	0.726739	-0.63527	0.04275	p2
-1.2602	0.834447	-0.84628	0.04275	p2
0.810472	-1.18461	0.832436	0.04275	p2
1.34021	0.0032495	0.556821	0.04275	p2
-0.727294	1.10967	0.746142	0.04275	p2
1.05295	0.775204	0.685322	0.04275	p2
0.799232	0.630908	-0.997223	0.04275	p2
0.945754	1.11895	0.946303	0.04275	p2
-1.50764	-0.736248	0.161326	0.04275	p2
-1.09482	1.02642	0.660955	0.04275	p2
-0.454935	-1.62723	0.301212	0.04275	p2
-0.308842	-0.778076	1.25381	0.04275	p2
-1.14291	0.912539	-0.25872	0.04275	p2
-1.21436	-0.037716	-0.920519	0.04275	p2
-1.66385	0.0670274	-0.332944	0.04275	p2
0.821975	-1.16348	-0.282417	0.04275	p2
0.300824	1.33218	-0.643325	0.04275	p2
-0.913578	-0.804826	-1.15849	0.04275	p2
-0.0835413	1.21196	0.804962	0.04275	p2
0.561257	-0.819972	-1.3965	0.04275	p2
-0.018372	-1.5173	0.227595	0.04275	p2
-1.42902	-0.151103	-0.126471	0.04275	p2
0.116207	-1.51037	-0.518643	0.04275	p2
0.596596	-1.65098	0.0139529	0.04275	p2
-0.769672	-1.20903	-0.577451	0.04275	p2
-1.41392	-0.190741	0.259451	0.04275	p2
-1.17273	0.570777	0.981736	0.04275	p2
0.76204	1.11241	1.01296	0.04275	p2
-0.788153	1.29396	0.119214	0.04275	p2
-0.801584	0.542764	-1.25051	0.04275	p2
0.808008	-1.08867	0.763745	0.04275	p2
-1.14051	0.388417	0.965916	0.04275	p2
0.646972	-1.30483	0.93345	0.04275	p2
-1.1253	-0.0559179	-1.17474	0.04275	p2
1.56698	-0.213144	0.62697	0.04275	p2
-0.367143	-0.462046	-1.60331	0.04275	p2
1.48914	-0.54557	-0.286635	0.04275	p2
0.42293	-0.820156	1.28408	0.04275	p2
1.1847	1.20527	0.399384	0.04275	p2
0.182833	1.61746	0.0627416	0.04275	p2
-1.02537	-0.949987	-0.764922	0.04275	p2
-0.669237	-0.972435	1.28766	0.04275	p2
-0.519918	-1.32732	-0.399411	0.04275	p2
0.0498227	0.670808	-1.43502	0.04275	p2
-1.20737	-0.614237	0.99543	0.04275	p2
-0.107535	-1.44286	0.847793	0.04275	p2
1.54399	-0.237612	0.258348	0.04275	p2
-0.295883	-1.55804	-0.216619	0.04275	p2
0.704491	1.40736	-0.75509	0.04275	p2
1.40095	-0.565699	0.0538228	0.04275	p2
1.05599	-0.970329	-0.60347	0.04275	p2
-1.17954	1.161	-0.403497	0.04275	p2
0.366675	-0.457445	1.34935	0.04275	p2
-1.3047	-0.978593	-0.619634	0.04275	p2
0.730162	0.54424	-1.46584	0.04275	p2
1.40188	-0.256763	-0.469226	0.04275	p2
0.0943508	-1.0476	0.980816	0.04275	p2
0.848238	1.22952	0.670594	0.04275	p2
-0.316194	-0.798707	-1.30403	0.04275	p2
0.052915	0.278417	-1.73292	0.04275	p2
-0.23687	0.806329	1.52234	0.04275	p2
-0.532067	0.0311256	-1.4383	0.04275	p2
1.68479	-0.012702	-0.191073	0.04275	p2
0.590534	0.0601632	-1.64569	0.04275	p2
-0.050711	1.33412	0.72373	0.04275	p2
-0.206621	1.35233	-0.405553	0.04275	p2
-0.0368269	-1.334	-1.04934	0.04275	p2
-1.22074	-0.436308	0.92508	0.04275	p2
1.2217	-0.605275	1.03459	0.04275	p2
1.10016	-0.689849	-0.581553	0.04275	p2
-0.449207	-0.468506	1.44043	0.04275	p2
1.43397	-0.114209	-0.639103	0.04275	p2
-0.0854672	-0.136675	-1.4584	0.04275	p2
-0.555263	-1.20481	-0.61317	0.04275	p2
-0.1469	-0.392004	-1.65748	0.04275	p2
1.06989	-0.991254	0.30075	0.04275	p2
-0.656394	-0.39146	-1.44618	0.04275	p2
-0.209142	-0.517933	-1.61652	0.04275	p2
0.208823	1.43639	-0.978833	0.04275	p2
-1.71005	0.383674	0.124774	0.04275	p2
0.494001	-0.694486	-1.48078	0.04275	p2
-1.10037	0.564216	0.918563	0.04275	p2
-0.766881	0.981202	-1.19777	0.04275	p2
0.556767	0.24037	1.39417	0.04275	p2
-1.43011	0.0755921	0.245761	0.04275	p2
-1.22517	0.324845	0.987175	0.04275	p2
0.57959	0.961989	1.04583	0.04275	p2
-1.41103	0.0103304	-1.02658	0.04275	p2
0.670345	-0.984249	1.09703	0.04275	p2
0.918201	-0.785755	-0.947042	0.04275	p2
0.966955	0.782616	1.10729	0.04275	p2
-1.27611	0.818949	-0.445922	0.04275	p2
-0.0264931	0.629386	-1.55299	0.04275	p2
1.07695	0.276362	0.985881	0.04275	p2
-1.18507	1.00223	-0.0186186	0.04275	p2
-0.113971	-1.01222	1.01551	0.04275	p2
-0.741064	1.3111	-0.593096	0.04275	p2
-0.200456	-1.31561	1.14061	0.04275	p2
0.0106737	-0.434245	1.65488	0.04275	p2
1.5941	-0.429839	0.577791	0.04275	p2
1.03116	-0.980823	-0.243927	0.04275	p2
1.00929	-1.36289	0.0819147	0.04275	p2
-0.813211	-1.36781	-0.0563164	0.04275	p2
-1.28019	-0.378284	-0.54063	0.04275	p2
1.45814	-0.477128	0.0547694	0.04275	p2
0.643785	1.2392	-0.896688	0.04275	p2
-0.944964	0.203442	-1.2016	0.04275	p2
-1.41246	0.814506	0.329447	0.04275	p2
0.178133	0.599318	-1.31884	0.04275	p2
-0.305871	-0.599716	-1.31762	0.04275	p2
-0.978906	0.540317	0.929827	0.04275	p2
0.222122	0.258902	-1.69989	0.04275	p2
-0.334438	-1.40505	0.115426	0.04275	p2
0.876338	-1.36258	-0.258812	0.04275	p2
0.0378326	0.112883	1.7427	0.04275	p2
-0.852451	1.0377	0.75153	0.04275	p2
-0.657047	1.514	0.399391	0.04275	p2
0.713584	1.52544	-0.496703	0.04275	p2
0.30132	0.991783	-1.13116	0.04275	p2
-0.172288	-0.803324	-1.41695	0.04275	p2
-0.171046	1.12669	1.28821	0.04275	p2
-1.16289	1.04642	-0.702292	0.04275	p2
1.00757	1.04325	-0.787703	0.04275	p2
0.212851	-1.71011	-0.250697	0.04275	p2
-0.949348	0.930963	0.815482	0.04275	p2
-0.564211	-1.2776	0.783579	0.04275	p2
0.494478	-0.578089	1.29542	0.04275	p2
-0.856127	0.0508569	1.16394	0.04275	p2
-0.944565	0.951976	0.704317	0.04275	p2
0.457002	1.12099	-1.0456	0.04275	p2
-0.354492	-0.724841	-1.27639	0.04275	p2
-1.15661	-0.744578	-0.979122	0.04275	p2
0.923021	-1.2566	0.00783098	0.04275	p2
-0.141395	1.65794	0.240509	0.04275	p2
1.48517	-0.192608	0.901036	0.04275	p2
0.363271	0.165827	-1.67277	0.04275	p2
0.0368729	-0.692991	-1.43445	0.04275	p2
-1.3373	-0.681728	-0.878462	0.04275	p2
-0.45743	-1.06066	1.19998	0.04275	p2
-1.51484	-0.246151	-0.609138	0.04275	p2
0.192135	-0.832087	1.52592	0.04275	p2
0.70511	-1.34354	-0.438307	0.04275	p2
-0.788406	0.674265	1.24421	0.04275	p2
-0.0665921	0.445425	-1.54899	0.04275	p2
-1.30279	0.642723	-0.292067	0.04275	p2
-0.350167	-1.44955	0.89303	0.04275	p2
-0.317181	1.27026	0.739057	0.04275	p2
-0.727966	0.287378	1.292	0.04275	p2
-1.47477	0.83269	-0.29434	0.04275	p2
-0.680865	-1.01241	-0.918389	0.04275	p2
1.36727	-0.837732	0.695768	0.04275	p2
0.777441	1.24478	-0.155703	0.04275	p2
-0.969232	0.805695	-0.716462	0.04275	p2
0.960849	1.17151	-0.370864	0.04275	p2
0.405997	0.87406	1.15794	0.04275	p2
-1.35909	0.897445	-0.148895	0.04275	p2
0.500819	-1.39302	-0.326778	0.04275	p2
-0.250487	-0.0111834	1.70773	0.04275	p2
-1.37255	0.540929	-0.202228	0.04275	p2
-1.39414	-0.201285	-0.227132	0.04275	p2
1.16673	-0.36125	-0.732143	0.04275	p2
-1.18044	-1.17371	-0.512175	0.04275	p2
0.712287	-1.34442	-0.709092	0.04275	p2
-0.827567	0.488272	1.29021	0.04275	p2
-0.217959	0.899056	-1.28753	0.04275	p2
-0.958778	1.21845	0.792427	0.04275	p2
-0.395833	-0.0681959	1.60753	0.04275	p2
1.61101	-0.362712	0.499845	0.04275	p2
-0.220872	-1.04897	-1.01049	0.04275	p2
-0.655787	1.32627	-0.82858	0.04275	p2
-0.231174	1.39114	0.798684	0.04275	p2
-0.593449	0.295236	1.47403	0.04275	p2
-0.168938	1.4548	-0.92206	0.04275	p2
0.936646	1.05155	-0.740336	0.04275	p2
0.8919	-0.524863	1.08628	0.04275	p2
0.900256	-0.983926	-0.642221	0.04275	p2
-0.227996	-0.277643	1.60942	0.04275	p2
1.44104	-0.406348	0.351152	0.04275	p2
1.05484	-1.00956	0.0904176	0.04275	p2
-0.996902	1.40261	0.276933	0.04275	p2
-0.027231	-0.113209	-1.68044	0.04275	p2
1.01646	-0.833147	-0.980154	0.04275	p2
0.759429	0.148808	1.31881	0.04275	p2
0.268213	-1.56529	-0.726324	0.04275	p2
-0.0514027	-0.699844	1.53527	0.04275	p2
-0.0926169	1.2934	-0.738486	0.04275	p2
0.935655	-0.279204	1.11488	0.04275	p2
0.388936	-1.37941	-0.13237	0.04275	p2
0.947909	-1.08996	0.485873	0.04275	p2
-0.317243	-0.512302	1.30907	0.04275	p2
-0.0384162	-1.60804	-0.52104	0.04275	p2
1.16304	0.716702	0.599516	0.04275	p2
-0.691786	-1.06357	-0.831294	0.04275	p2
-0.245226	-0.707573	-1.42535	0.04275	p2
-0.624412	1.59256	0.192837	0.04275	p2
0.563008	1.18875	0.753023	0.04275	p2
-1.51748	0.767576	-0.171707	0.04275	p2
-1.16061	1.01688	0.341092	0.04275	p2
-1.31698	0.646549	0.540084	0.04275	p2
0.0749461	-1.38488	0.32919	0.04275	p2
-1.19309	0.42074	0.758922	0.04275	p2
0.679714	1.38026	0.157074	0.04275	p2
0.403522	-0.442998	1.61747	0.04275	p2
1.585	0.156562	0.643761	0.04275	p2
-1.44707	-0.0842871	0.416858	0.04275	p2
-0.543438	-0.655505	-1.22085	0.04275	p2
0.554354	-0.437005	1.25725	0.04275	p2
-1.28249	0.397964	-0.548097	0.04275	p2
-1.07782	-0.490682	-1.0624	0.04275	p2
0.275541	1.42477	-0.725568	0.04275	p2
-0.739548	-0.605431	1.20297	0.04275	p2
0.0211584	-0.993361	-1.37298	0.04275	p2
0.300264	-0.914557	1.22421	0.04275	p2
1.2448	-0.807599	-0.486567	0.04275	p2
0.983616	1.38756	-0.0872442	0.04275	p2
0.300307	0.852613	-1.49234	0.04275	p2
-1.46144	-0.683239	-0.326989	0.04275	p2
0.140454	1.34287	0.821516	0.04275	p2
-0.762997	-1.20669	0.926921	0.04275	p2
-0.34731	1.37079	0.157046	0.04275	p2
-1.07536	0.333154	-1.17988	0.04275	p2
0.0508385	-0.267988	1.69937	0.04275	p2
0.666664	-0.0971082	-1.39678	0.04275	p2
-0.359066	-1.55957	0.620635	0.04275	p2
-1.14473	0.732023	0.637399	0.04275	p2
-1.3484	0.268639	-0.394685	0.04275	p2
-0.065883	-0.488116	1.68448	0.04275	p2
0.864731	-0.496552	-1.37626	0.04275	p2
-0.855657	-0.962159	-0.831941	0.04275	p2
0.762559	-0.964203	0.834903	0.04275	p2
1.00695	-0.591996	1.0182	0.04275	p2
0.585128	1.20791	0.866869	0.04275	p2
1.58791	-0.193043	0.47145	0.04275	p2
0.0781636	-0.656587	-1.29341	0.04275	p2
-0.914774	0.66229	0.925537	0.04275	p2
0.149674	0.540361	-1.45683	0.04275	p2
0.920362	-0.91121	-0.97661	0.04275	p2
-0.00884697	1.52145	-0.842655	0.04275	p2
-0.6554	-1.35264	0.0850179	0.04275	p2
-1.24933	-1.05647	0.591868	0.04275	p2
0.965755	-1.11932	-0.401713	0.04275	p2
-1.05038	1.00159	-0.0539838	0.04275	p2
-0.341281	-0.269731	1.64916	0.04275	p2
-0.567975	0.997118	-0.958304	0.04275	p2
-1.65462	-0.0879494	-0.235535	0.04275	p2
0.268888	-1.25979	1.16678	0.04275	p2
-0.231551	-0.953444	-1.1564	0.04275	p2
1.17584	0.669735	-1.11675	0.04275	p2
-0.794844	-1.13817	0.522979	0.04275	p2
-0.105203	-0.982299	1.10309	0.04275	p2
1.04567	-0.615183	-1.06369	0.04275	p2
0.31786	1.60549	-0.392792	0.04275	p2
-0.870904	1.35547	0.610837	0.04275	p2
-1.14171	0.761292	1.08059	0.04275	p2
0.19243	0.223592	1.46397	0.04275	p2
1.73984	-0.00971882	0.121355	0.04275	p2
-1.35015	0.0173593	-0.605752	0.04275	p2
1.39522	0.137104	0.989224	0.04275	p2
0.649001	-1.07375	-1.1151	0.04275	p2
0.744438	0.272912	-1.32026	0.04275	p2
1.07991	-0.13341	-1.04902	0.04275	p2
-0.422085	-1.08332	0.871456	0.04275	p2
0.0887513	-1.26398	-0.920493	0.04275	p2
-0.946681	-1.10518	-0.527137	0.04275	p2
1.05108	-1.30474	0.494978	0.04275	p2
-1.18692	0.405635	-1.0814	0.04275	p2
1.39547	0.882795	0.382588	0.04275	p2
-0.551134	0.240504	-1.29819	0.04275	p2
-1.47133	0.525273	-0.69342	0.04275	p2
0.142151	0.609328	1.64065	0.04275	p2
-1.08688	0.0881525	-1.31174	0.04275	p2
-1.1887	-0.821634	0.686467	0.04275	p2
-0.761006	0.99692	-0.908864	0.04275	p2
1.11875	0.731786	-0.717449	0.04275	p2
-0.520672	1.21448	0.995878	0.04275	p2
-0.721922	0.431405	-1.26466	0.04275	p2
-0.813749	-0.789475	0.890176	0.04275	p2
-1.58886	-0.206005	-0.346609	0.04275	p2
-0.530164	0.85476	1.3186	0.04275	p2
0.507763	-1.45702	-0.0165312	0.04275	p2
0.820052	0.847296	-1.11905	0.04275	p2
-0.692559	0.490238	-1.16338	0.04275	p2
-0.763609	-0.163333	-1.48817	0.04275	p2
-0.903235	0.0807542	-1.38943	0.04275	p2
-0.0640301	0.468353	-1.42245	0.04275	p2
-1.56392	0.149222	-0.414541	0.04275	p2
0.5097	0.436784	1.29184	0.04275	p2
0.0326724	-1.65002	0.54157	0.04275	p2
-0.503171	-1.1523	0.784418	0.04275	p2
-0.208365	-1.52676	-0.323522	0.04275	p2
-0.471071	-0.944543	0.986608	0.04275	p2
-0.882497	0.570173	1.17019	0.04275	p2
0.713325	-0.159906	1.35554	0.04275	p2
0.209629	-1.41704	-0.0226241	0.04275	p2
1.07472	-0.416988	1.18273	0.04275	p2
-1.29022	0.594563	0.419638	0.04275	p2
0.201689	-1.53725	0.164423	0.04275	p2
-0.576465	1.41844	-0.817349	0.04275	p2
-1.70938	-0.152661	0.305564	0.04275	p2
0.884267	1.37278	-0.116257	0.04275	p2
-1.58193	-0.670351	0.0835299	0.04275	p2
0.134407	0.301769	-1.59709	0.04275	p2
-1.66845	0.0643164	-0.0109471	0.04275	p2
-0.857786	0.232938	-1.38823	0.04275	p2
-0.18763	0.956821	-1.05334	0.04275	p2
0.520255	0.630038	-1.50135	0.04275	p2
1.26856	0.979597	-0.651242	0.04275	p2
-1.21169	1.21538	0.0172095	0.04275	p2
0.402731	0.528343	-1.46077	0.04275	p2
-1.11309	0.857229	-0.72166	0.04275	p2
-0.0614646	0.53633	1.35201	0.04275	p2
-0.632201	-1.50516	0.56742	0.04275	p2
1.52176	0.489231	-0.494883	0.04275	p2
-0.268736	0.421027	1.39188	0.04275	p2
-0.61132	1.0437	0.842635	0.04275	p2
-1.09344	0.0515435	-0.919457	0.04275	p2
0.361765	0.937945	-1.43328	0.04275	p2
1.23624	0.440311	1.16671	0.04275	p2
1.4019	-0.508862	0.271224	0.04275	p2
-0.761605	-1.03464	0.615311	0.04275	p2
-1.1999	1.10552	-0.152535	0.04275	p2
-0.807887	1.40269	-0.00412449	0.04275	p2
-1.17881	-0.754323	0.411915	0.04275	p2
0.305208	-0.670208	-1.32565	0.04275	p2
-0.296133	-1.69405	0.138721	0.04275	p2
0.891231	-1.41473	-0.509212	0.04275	p2
-1.42374	0.565713	0.436339	0.04275	p2
1.12404	0.395396	1.0176	0.04275	p2
1.05704	-0.83342	0.791387	0.04275	p2
-0.0337664	-1.25083	1.00698	0.04275	p2
-0.0704683	-1.20724	-1.03449	0.04275	p2
-0.112153	-1.31166	-0.961526	0.04275	p2
-0.287582	0.298388	1.5323	0.04275	p2
-0.0302496	-1.12417	-1.13862	0.04275	p2
0.216057	0.984565	1.1161	0.04275	p2
0.568859	-0.469932	1.51357	0.04275	p2
0.511444	1.20832	1.06639	0.04275	p2
0.0221326	-0.361931	-1.39134	0.04275	p2
0.869776	1.30195	-0.68976	0.04275	p2
0.133558	-0.648511	-1.51104	0.04275	p2
-0.252282	0.292244	-1.51682	0.04275	p2
-0.626124	-0.583775	-1.43447	0.04275	p2
0.191604	-1.67357	-0.142297	0.04275	p2
1.11602	-0.859652	0.951904	0.04275	p2
-0.264085	-1.23569	-0.743564	0.04275	p2
0.569952	1.24241	0.984989	0.04275	p2
1.14121	0.933114	-0.869498	0.04275	p2
1.13034	0.553273	1.18041	0.04275	p2
1.5668	0.259264	-0.383376	0.04275	p2
1.63538	-0.108095	0.59167	0.04275	p2
0.0109422	1.52013	0.270917	0.04275	p2
1.21538	-0.938968	-0.588363	0.04275	p2
0.158572	1.19774	-1.00228	0.04275	p2
-1.05262	-0.0508514	-1.07391	0.04275	p2
0.0635882	-1.46316	-0.869806	0.04275	p2
-0.38228	0.304785	1.55683	0.04275	p2
0.17094	-1.51084	-0.77127	0.04275	p2
-0.873704	-1.09389	-0.802781	0.04275	p2
-1.16415	0.715785	-1.02147	0.04275	p2
1.39779	-0.274136	-0.915117	0.04275	p2
1.46844	0.0343066	-0.421088	0.04275	p2
-0.837693	0.321264	1.4635	0.04275	p2
0.91621	0.54237	-1.21127	0.04275	p2
1.28616	-1.02176	-0.346072	0.04275	p2
1.42058	0.110212	-1.01055	0.04275	p2
-0.413677	-1.27118	1.02265	0.04275	p2
1.42492	0.148683	-0.649442	0.04275	p2
-0.784033	1.25732	-0.366915	0.04275	p2
-0.938072	0.303406	-1.29576	0.04275	p2
-0.275655	0.711207	-1.57008	0.04275	p2
-0.886254	0.769982	1.29521	0.04275	p2
-0.168676	1.53678	0.0921352	0.04275	p2
-0.655607	-1.21265	-0.40497	0.04275	p2
-1.18611	0.273393	1.12888	0.04275	p2
-0.020535	1.29143	-0.980901	0.04275	p2
-1.16017	-0.693623	-0.51333	0.04275	p2
0.380299	-0.873168	1.06151	0.04275	p2
-0.336866	1.03588	1.34626	0.04275	p2
-0.835565	-0.507385	1.06579	0.04275	p2
-1.61436	0.405501	0.0854877	0.04275	p2
0.924028	0.257164	1.26922	0.04275	p2
0.00857526	0.719523	1.46296	0.04275	p2
-1.03131	1.06743	0.135883	0.04275	p2
-0.0935025	1.47455	-0.861	0.04275	p2
-0.832384	-0.748408	-1.13116	0.04275	p2
-0.754102	-0.484592	1.29191	0.04275	p2
1.08514	-0.154543	-0.911123	0.04275	p2
0.454871	0.697813	1.3244	0.04275	p2
0.39424	-0.583631	1.37562	0.04275	p2
-0.256304	1.20076	0.889116	0.04275	p2
-0.682795	-0.761095	1.27201	0.04275	p2
-0.783337	-0.0899736	-1.31168	0.04275	p2
1.43517	0.196646	-0.275724	0.04275	p2
-0.522663	1.48002	-0.241628	0.04275	p2
0.618429	-0.317161	-1.32633	0.04275	p2
-0.822419	1.39431	-0.107129	0.04275	p2
1.17808	-0.00997848	0.880389	0.04275	p2
1.65255	0.588209	0.0263358	0.04275	p2
0.339011	-1.38191	0.656283	0.04275	p2
1.30438	-0.290788	-0.940454	0.04275	p2
0.642537	0.0182956	1.54466	0.04275	p2
-0.192897	1.12598	-0.886535	0.04275	p2
-0.357579	-0.764014	1.51066	0.04275	p2
-0.615262	-0.418904	-1.53946	0.04275	p2
0.918016	0.943476	0.69148	0.04275	p2
-0.446302	0.0832027	1.60842	0.04275	p2
-1.25857	0.516756	0.991808	0.04275	p2
0.799388	-0.137593	-1.54666	0.04275	p2
0.8778	-0.000510771	1.25425	0.04275	p2
0.936803	-0.147622	1.24112	0.04275	p2
0.696522	-1.1527	-0.954274	0.04275	p2
-1.12523	-0.234957	-1.00586	0.04275	p2
1.29277	0.454345	0.431548	0.04275	p2
-0.81694	-1.23864	0.354372	0.04275	p2
-0.169329	1.37621	0.697738	0.04275	p2
-1.55347	0.644617	-0.23925	0.04275	p2
-1.18127	1.0322	0.0873428	0.04275	p2
0.864295	-0.150236	-1.48109	0.04275	p2
0.102662	-0.613095	1.42272	0.04275	p2
0.931238	-0.827077	-1.22678	0.04275	p2
-1.02472	-0.645941	0.862952	0.04275	p2
-1.419	0.813069	-0.365856	0.04275	p2
-0.667424	-1.21927	0.914709	0.04275	p2
0.35102	-0.943849	1.30347	0.04275	p2
-1.15984	-0.53134	-0.949302	0.04275	p2
-1.29027	0.302167	-0.999419	0.04275	p2
-1.46221	-0.298593	-0.477397	0.04275	p2
-0.550402	-0.296706	-1.56139	0.04275	p2
-0.683742	-1.37947	-0.359036	0.04275	p2
0.705609	0.297482	1.33068	0.04275	p2
1.29403	-0.575413	0.181298	0.04275	p2
1.12835	0.858535	-0.731215	0.04275	p2
-0.530975	1.21791	-0.785921	0.04275	p2
0.698006	1.06111	-1.12428	0.04275	p2
0.874389	-1.1365	-0.649701	0.04275	p2
0.287917	-1.67544	0.190959	0.04275	p2
0.767417	-0.343661	-1.4482	0.04275	p2
0.0774323	-0.885815	-1.24499	0.04275	p2
-0.28172	-1.66641	-0.39407	0.04275	p2
0.271467	1.42245	0.981816	0.04275	p2
0.944995	-0.619987	-1.1825	0.04275	p2
0.617481	0.8918	-1.01466	0.04275	p2
0.128506	0.0576438	1.71117	0.04275	p2
-0.189221	-0.748464	-1.57791	0.04275	p2
-1.47355	-0.787707	-0.339751	0.04275	p2
1.66655	-0.109295	0.264125	0.04275	p2
-1.44389	-0.875459	-0.444765	0.04275	p2
-0.0897587	-1.38605	-0.645284	0.04275	p2
-1.04458	0.928524	-0.657011	0.04275	p2
1.06651	-1.1407	-0.518797	0.04275	p2
0.819343	-1.04331	-0.796802	0.04275	p2
1.00657	1.13714	-0.287619	0.04275	p2
-0.142418	-0.821356	-1.32208	0.04275	p2
1.07528	-0.0845301	-1.37255	0.04275	p2
1.18397	-0.121649	-1.04949	0.04275	p2
-0.739196	-0.129077	1.56366	0.04275	p2
1.46297	-0.538918	0.548585	0.04275	p2
-0.267753	-1.44219	0.856118	0.04275	p2
0.0803394	1.63692	0.598727	0.04275	p2
-0.33547	1.37554	0.251323	0.04275	p2
1.29713	-0.71752	0.424259	0.04275	p2
-0.620911	-0.0337249	-1.31029	0.04275	p2
1.08801	-0.08023	1.17317	0.04275	p2
0.877879	-0.361691	-1.31258	0.04275	p2
-1.01272	-0.664368	1.10145	0.04275	p2
0.0417142	-1.37262	0.451027	0.04275	p2
-1.59104	0.0870038	-0.693916	0.04275	p2
-0.87336	-0.501323	-1.34345	0.04275	p2
0.41602	-1.12538	0.847601	0.04275	p2
-0.302517	0.193584	1.70184	0.04275	p2
1.21861	-0.778457	0.979671	0.04275	p2
-0.656481	-1.12359	0.646898	0.04275	p2
-0.124575	1.62747	-0.45118	0.04275	p2
0.276036	-0.78784	-1.15749	0.04275	p2
-0.772676	0.683308	-1.17914	0.04275	p2
0.964168	-0.471375	-0.976556	0.04275	p2
-0.66898	1.42777	0.552321	0.04275	p2
0.0226879	-0.781613	-1.43633	0.04275	p2
0.633352	1.37533	0.404034	0.04275	p2
0.537348	0.0302948	1.48293	0.04275	p2
0.155344	1.72378	-0.239205	0.04275	p2
-1.0456	0.0737872	-1.39224	0.04275	p2
-0.186316	-0.934407	1.3326	0.04275	p2
1.17148	-0.861399	-0.918065	0.04275	p2
0.12441	0.732467	-1.39957	0.04275	p2
0.953188	0.567371	-1.32173	0.04275	p2
-0.385486	-1.50587	-0.413448	0.04275	p2
1.01829	0.145117	-1.15629	0.04275	p2
-0.269561	1.32968	1.02429	0.04275	p2
-1.0373	-0.576364	1.07822	0.04275	p2
0.344514	-1.48849	-0.273733	0.04275	p2
1.29407	1.08986	-0.371118	0.04275	p2
1.13707	0.644549	-1.03732	0.04275	p2
0.105716	1.21506	-1.23028	0.04275	p2
1.38483	0.966965	0.338411	0.04275	p2
-0.353262	1.51574	0.782973	0.04275	p2
1.61965	-0.538388	0.13334	0.04275	p2
0.87757	0.795141	-1.18069	0.04275	p2
0.238545	0.549041	-1.41799	0.04275	p2
-0.755178	1.43038	-0.220529	0.04275	p2
1.52823	-0.417966	0.359167	0.04275	p2
-1.24174	-0.921393	-0.710739	0.04275	p2
-1.43955	-0.301301	0.446632	0.04275	p2
0.76973	-1.33404	0.748501	0.04275	p2
-0.600968	-0.386105	1.56272	0.04275	p2
-1.12905	-1.2419	0.323417	0.04275	p2
-1.31937	-0.662071	-0.619214	0.04275	p2
1.22483	-0.949214	0.81837	0.04275	p2
-1.24706	-0.94715	0.740794	0.04275	p2
-1.34091	0.908297	-0.5673	0.04275	p2
-0.859526	1.2274	-0.759056	0.04275	p2
-0.136823	-1.4361	0.00742373	0.04275	p2
-0.871636	1.02579	-0.941048	0.04275	p2
0.712595	0.735123	-1.25055	0.04275	p2
-0.646775	-1.26782	-0.596438	0.04275	p2
1.36595	0.3691	0.988103	0.04275	p2
0.162257	0.798251	1.38063	0.04275	p2
0.563126	-0.646481	1.22308	0.04275	p2
0.576154	0.817746	-1.07438	0.04275	p2
-1.48267	0.22915	0.594022	0.04275	p2
0.642491	-0.420389	1.22702	0.04275	p2
-0.27678	0.143475	-1.42721	0.04275	p2
-0.493801	-0.423697	1.60206	0.04275	p2
0.596211	0.353491	-1.61243	0.04275	p2
0.0643247	-0.977702	1.28975	0.04275	p2
-1.4537	0.635382	0.513823	0.04275	p2
1.18725	-0.518488	1.03694	0.04275	p2
-0.88861	1.11942	-0.220433	0.04275	p2
-0.613974	-0.456049	-1.35557	0.04275	p2
-0.724816	0.835423	1.35592	0.04275	p2
-0.0935348	1.22409	1.05999	0.04275	p2
1.3674	0.377401	-0.273767	0.04275	p2
-1.28662	-0.525556	0.761563	0.04275	p2
0.819779	-0.95991	0.747449	0.04275	p2
-1.08746	0.811751	-0.856932	0.04275	p2
1.35708	0.724012	0.708509	0.04275	p2
1.10499	0.841861	-0.841966	0.04275	p2
-0.459637	1.23125	-0.589246	0.04275	p2
-0.38177	-0.353511	1.56265	0.04275	p2
0.0622157	1.35391	-0.91488	0.04275	p2
1.35462	0.476835	0.95177	0.04275	p2
-0.310038	-0.593073	1.5054	0.04275	p2
-1.12559	-0.705306	0.994666	0.04275	p2
-0.112609	1.4375	0.910735	0.04275	p2
0.867387	-0.891222	1.23785	0.04275	p2
-1.33218	0.467124	-0.782885	0.04275	p2
1.31728	-0.779295	0.851434	0.04275	p2
-1.03097	-1.11835	0.0518592	0.04275	p2
0.83088	1.02767	-0.65397	0.04275	p2
0.48623	1.27295	0.82393	0.04275	p2
-1.45982	-0.514103	-0.29809	0.04275	p2
0.494315	0.500611	1.37736	0.04275	p2
-0.0277493	1.43024	0.22819	0.04275	p2
1.53892	-0.383977	-0.742207	0.04275	p2
1.28716	-0.497415	1.07893	0.04275	p2
0.129798	-1.3989	-0.47309	0.04275	p2
0.484644	-1.27804	-0.45283	0.04275	p2
1.24137	-0.9061	0.506187	0.04275	p2
0.885263	1.13056	0.450243	0.04275	p2
-1.00934	0.490042	1.31383	0.04275	p2
-0.00712726	-1.47652	0.421658	0.04275	p2
-1.45979	0.489131	0.633561	0.04275	p2
0.977371	0.687638	0.93839	0.04275	p2
1.56634	0.20559	-0.155404	0.04275	p2
1.10947	-0.469491	-0.896184	0.04275	p2
-1.17012	-0.313345	1.07087	0.04275	p2
-1.1622	-0.526604	0.831677	0.04275	p2
-0.234087	-0.133564	-1.57089	0.04275	p2
0.646692	1.42198	0.610107	0.04275	p2
1.22062	-1.10734	0.216649	0.04275	p2
-1.26738	-0.657597	0.348758	0.04275	p2
-0.5043	-0.842186	-1.25434	0.04275	p2
-1.62673	0.0344963	-0.455146	0.04275	p2
-0.750641	1.42597	0.637655	0.04275	p2
-1.06506	-0.124249	1.28022	0.04275	p2
-1.47801	-0.508816	-0.724251	0.04275	p2
-0.820966	1.05862	-0.569062	0.04275	p2
1.53005	0.463452	0.694057	0.04275	p2
-0.0732897	-1.46564	-0.424831	0.04275	p2
-1.32414	0.528071	-0.868987	0.04275	p2
-0.43347	0.246092	1.51256	0.04275	p2
1.01516	0.889959	0.890032	0.04275	p2
-0.670563	-0.0833528	-1.3728	0.04275	p2
-0.272747	-0.0349498	-1.49135	0.04275	p2
1.14857	-0.0163993	1.24223	0.04275	p2
-0.273057	1.05518	0.986804	0.04275	p2
1.24469	0.116604	-0.701024	0.04275	p2
1.0269	0.0219744	1.2988	0.04275	p2
-0.0155607	0.81499	1.16895	0.04275	p2
1.70942	-0.0105054	0.39464	0.04275	p2
0.579465	-1.36496	0.546179	0.04275	p2
1.12477	1.04974	-0.752972	0.04275	p2
-0.0954846	-0.37227	1.4572	0.04275	p2
0.158649	-1.24218	0.686233	0.04275	p2
-1.11512	0.645583	0.743377	0.04275	p2
1.57292	-0.500016	0.407315	0.04275	p2
-1.56509	0.512853	0.437563	0.04275	p2
-0.457015	-1.35536	0.955935	0.04275	p2
0.0843797	-1.32727	-0.993333	0.04275	p2
-0.96453	0.256456	-1.41459	0.04275	p2
1.05996	0.890809	0.965593	0.04275	p2
-1.13169	-0.712987	0.66184	0.04275	p2
0.995001	-1.12129	-0.0209543	0.04275	p2
-0.940513	1.30663	0.386328	0.04275	p2
0.68293	-1.33536	-0.290618	0.04275	p2
-1.22827	-0.820316	0.0104122	0.04275	p2
-0.664772	0.514931	-1.52923	0.04275	p2
0.154932	-1.66757	0.297477	0.04275	p2
-1.52368	0.164844	-0.0967168	0.04275	p2
0.0719221	-0.245182	1.42019	0.04275	p2
-1.39943	0.0434803	0.457906	0.04275	p2
0.207838	1.62643	0.542549	0.04275	p2
-0.334047	-1.23223	-1.14806	0.04275	p2
-1.36156	0.442306	-0.691684	0.04275	p2
-0.51813	-1.11654	-1.02622	0.04275	p2
-1.66204	-0.0776777	0.0307662	0.04275	p2
-0.307631	-0.564014	-1.59039	0.04275	p2
0.401107	-1.28015	-1.06519	0.04275	p2
-0.540175	-0.831529	1.16087	0.04275	p2
-0.902807	0.723428	-1.2298	0.04275	p2
0.542842	-1.23945	1.01839	0.04275	p2
1.01224	0.867544	0.697908	0.04275	p2
-0.473616	0.480632	-1.43938	0.04275	p2
-0.870789	0.985145	-0.623537	0.04275	p2
1.52248	0.393694	0.0246162	0.04275	p2
0.0292621	0.89443	-1.43495	0.04275	p2
-0.551317	-1.01755	-1.06988	0.04275	p2
-1.35325	0.669355	-0.788648	0.04275	p2
0.537936	-1.14852	0.917213	0.04275	p2
-1.06773	-1.06739	-0.104875	0.04275	p2
-1.36321	0.601661	0.757065	0.04275	p2
-0.421083	-1.22191	-1.10868	0.04275	p2
-0.0392675	-1.08008	1.03645	0.04275	p2
1.4789	0.177039	0.149075	0.04275	p2
1.51577	0.797478	0.0275089	0.04275	p2
-0.524631	-0.99063	-1.21941	0.04275	p2
1.47261	0.140914	-0.831352	0.04275	p2
0.483518	-1.27449	-0.693089	0.04275	p2
1.05372	-0.737746	-0.867683	0.04275	p2
0.959493	0.74217	-0.834358	0.04275	p2
1.36558	0.604046	0.311698	0.04275	p2
0.470909	-1.07293	1.00131	0.04275	p2
-1.22664	0.509476	0.907534	0.04275	p2
-1.13865	1.04797	0.82083	0.04275	p2
1.53997	-0.178556	-0.264497	0.04275	p2
-1.28807	0.759804	0.265863	0.04275	p2
0.984244	0.831424	-0.946345	0.04275	p2
0.010153	1.23539	1.14346	0.04275	p2
-0.678222	0.352532	-1.51876	0.04275	p2
0.509843	-0.20382	1.379	0.04275	p2
0.557544	-1.3184	-0.852652	0.04275	p2
1.13443	-0.985091	-0.851306	0.04275	p2
0.189097	-0.776912	-1.44742	0.04275	p2
0.799298	0.297642	1.4501	0.04275	p2
-1.31911	-0.823847	-0.56736	0.04275	p2
-1.43292	-0.303778	-0.944328	0.04275	p2
-0.637208	-0.118751	1.34659	0.04275	p2
0.611592	-0.378173	1.35641	0.04275	p2
-0.188533	0.504094	1.64358	0.04275	p2
-0.690884	1.20694	-0.31388	0.04275	p2
1.23441	0.326299	0.659675	0.04275	p2
-0.939015	-0.599999	-0.913119	0.04275	p2
1.5952	-0.470759	0.0537714	0.04275	p2
-1.00041	-1.00964	-0.150005	0.04275	p2
0.759508	-0.775999	1.38088	0.04275	p2
-0.534157	-1.39358	0.334043	0.04275	p2
-0.501221	1.09422	1.21368	0.04275	p2
0.400538	-1.56798	0.255335	0.04275	p2
-0.681288	-0.20089	1.36704	0.04275	p2
0.0266277	-0.461413	-1.40619	0.04275	p2
-0.852236	-0.514178	-1.09632	0.04275	p2
-0.678764	1.57508	-0.179968	0.04275	p2
-0.189008	-1.55124	-0.0455136	0.04275	p2
0.0747621	-1.41086	-0.539443	0.04275	p2
-0.288552	0.68871	-1.36885	0.04275	p2
0.630748	1.29571	0.0924481	0.04275	p2
-1.60195	0.25639	0.294468	0.04275	p2
1.52858	0.624229	0.174678	0.04275	p2
1.25967	0.899071	0.547797	0.04275	p2
0.635365	-1.16774	0.868155	0.04275	p2
0.997526	-0.540146	-0.879595	0.04275	p2
-0.201284	-0.796691	1.27665	0.04275	p2
-1.35896	0.105167	0.765898	0.04275	p2
-1.24426	-0.39772	0.589745	0.04275	p2
-0.285407	-1.5809	0.210745	0.04275	p2
-1.37109	0.15673	-0.988187	0.04275	p2
0.454758	1.47708	0.385529	0.04275	p2
-0.877348	-0.758382	0.978261	0.04275	p2
0.031594	-1.55153	0.759636	0.04275	p2
-0.978121	1.01038	-0.530233	0.04275	p2
-0.964848	1.22046	-0.287154	0.04275	p2
-0.997044	-0.649188	-0.985593	0.04275	p2
0.0389747	-1.20564	1.19465	0.04275	p2
-0.48894	1.55344	-0.611497	0.04275	p2
-0.581117	-1.41012	-0.62821	0.04275	p2
1.45964	0.565012	0.17983	0.04275	p2
0.996449	0.986563	0.486402	0.04275	p2
1.59135	0.662816	0.24854	0.04275	p2
-0.66717	-0.374645	-1.27678	0.04275	p2
-0.0339234	0.912475	1.28542	0.04275	p2
1.18978	-0.221531	1.21417	0.04275	p2
1.20433	0.530103	-1.10676	0.04275	p2
0.972953	1.1946	-0.634882	0.04275	p2
-0.377643	-1.36805	-0.994248	0.04275	p2
-1.27735	0.839943	0.399137	0.04275	p2
-1.6542	-0.366976	-0.0917957	0.04275	p2
-0.121481	0.985724	-1.25272	0.04275	p2
-0.965977	1.1603	-0.457387	0.04275	p2
-1.63452	0.489921	-0.179121	0.04275	p2
-0.692373	-0.911343	-0.900506	0.04275	p2
0.88825	0.653713	-1.10368	0.04275	p2
0.339873	-0.452022	-1.62923	0.04275	p2
1.09284	0.111957	-1.29021	0.04275	p2
-1.45791	0.0581385	-0.0974417	0.04275	p2
-0.503902	-0.0362503	1.6738	0.04275	p2
1.32515	-0.157582	-1.05117	0.04275	p2
-0.683176	-1.34804	0.19789	0.04275	p2
-0.339314	-1.11708	0.852174	0.04275	p2
-1.16685	0.863303	0.972862	0.04275	p2
1.51878	-0.569792	0.611446	0.04275	p2
1.2833	0.999798	-0.073799	0.04275	p2
0.369336	0.828354	-1.44289	0.04275	p2
-0.612475	1.18159	0.57346	0.04275	p2
-1.52265	0.429693	-0.631818	0.04275	p2
-0.330097	0.793237	1.23392	0.04275	p2
0.676985	1.2463	0.154509	0.04275	p2
-1.10722	0.09581	-1.22107	0.04275	p2
1.43165	0.776644	-0.507474	0.04275	p2
-0.72226	-1.40991	-0.118489	0.04275	p2
0.86554	-1.15355	-0.477835	0.04275	p2
0.498083	-0.298817	-1.61664	0.04275	p2
-1.08656	-1.27379	-0.240812	0.04275	p2
-0.334225	-1.16703	-1.25685	0.04275	p2
-0.321476	0.936602	-1.17754	0.04275	p2
0.641863	-0.447932	-1.38593	0.04275	p2
1.39068	0.957117	-0.017219	0.04275	p2
0.674795	0.914835	-0.929878	0.04275	p2
-0.998372	-0.435835	-1.18428	0.04275	p2
0.832528	0.59895	1.26611	0.04275	p2
0.969602	-1.40921	-0.24965	0.04275	p2
1.13045	0.0682778	1.23337	0.04275	p2
1.56719	0.737586	-0.0830248	0.04275	p2
-1.71184	-0.0309465	0.206857	0.04275	p2
0.569793	-1.07401	0.880358	0.04275	p2
-1.05312	-0.964807	0.38028	0.04275	p2
-0.727715	0.842348	1.12922	0.04275	p2
-1.30642	-0.892969	-0.64879	0.04275	p2
-0.464358	1.3836	-0.0963554	0.04275	p2
-0.698918	1.05854	-1.18262	0.04275	p2
-1.51008	-0.23859	0.000226925	0.04275	p2
-0.961166	-0.695726	1.22991	0.04275	p2
-0.211778	1.2666	1.19874	0.04275	p2
-1.41819	-0.0119838	0.541678	0.04275	p2
-0.681124	-1.39663	-0.598587	0.04275	p2
-1.05399	-0.949663	0.897672	0.04275	p2
0.0787025	-0.554801	-1.51497	0.04275	p2
-0.666234	-1.17184	1.05853	0.04275	p2
0.101127	1.45665	-0.189968	0.04275	p2
0.116549	1.63425	0.454407	0.04275	p2
-1.13697	-0.860251	-0.662444	0.04275	p2
-1.44521	0.854822	-0.129752	0.04275	p2
1.0945	-0.764453	-1.00935	0.04275	p2
-0.359678	0.0715075	1.65119	0.04275	p2
0.189997	1.32157	-0.941143	0.04275	p2
-1.525	-0.23321	-0.830111	0.04275	p2
0.170798	1.00046	-1.02855	0.04275	p2
-0.0633248	1.46788	-0.151498	0.04275	p2
1.46809	0.147766	0.679487	0.04275	p2
-0.664642	-0.685891	1.21178	0.04275	p2
-1.37017	-0.673678	-0.743855	0.04275	p2
-1.40574	-0.488985	-0.897607	0.04275	p2
-1.4134	-0.767144	0.11356	0.04275	p2
-1.31238	-0.0189122	-1.03597	0.04275	p2
0.920487	-0.860968	0.782059	0.04275	p2
0.785833	-0.442024	1.14239	0.04275	p2
1.47525	-0.837584	-0.31364	0.04275	p2
-0.855899	0.737839	0.868952	0.04275	p2
-0.119173	1.60754	-0.234484	0.04275	p2
-0.749934	1.40926	0.40953	0.04275	p2
0.348357	0.113835	1.57083	0.04275	p2
-0.627278	-0.401743	1.39953	0.04275	p2
-0.614051	0.760816	1.44999	0.04275	p2
0.93296	-0.336034	-1.14765	0.04275	p2
-0.0316795	-0.812901	1.54482	0.04275	p2
0.224205	-0.726656	1.28435	0.04275	p2
0.142812	1.32037	-1.06031	0.04275	p2
0.787586	1.29888	0.272402	0.04275	p2
-0.924967	0.487184	-1.00464	0.04275	p2
-1.0548	-0.337803	1.19985	0.04275	p2
-1.42903	0.483534	-0.878714	0.04275	p2
-0.83809	1.29752	0.517783	0.04275	p2
0.54914	0.700214	-1.37927	0.04275	p2
-0.444939	0.076496	-1.51954	0.04275	p2
0.663011	-1.5111	-0.253989	0.04275	p2
0.0391657	-1.46456	0.186626	0.04275	p2
-1.44815	0.971392	-0.208466	0.04275	p2
1.37701	0.496445	-0.652497	0.04275	p2
-1.46867	-0.802152	0.243198	0.04275	p2
-1.15653	-0.802828	0.812941	0.04275	p2
-0.251203	-0.851097	1.50112	0.04275	p2
0.413997	0.608371	1.26137	0.04275	p2
0.29305	1.17846	1.24778	0.04275	p2
-0.0589075	1.31941	-1.07235	0.04275	p2
-1.70244	0.256982	0.343607	0.04275	p2
0.341788	1.11885	-1.295	0.04275	p2
-0.734659	-0.599963	1.11663	0.04275	p2
-0.639992	1.05731	-0.979948	0.04275	p2
-0.431194	0.777431	1.16044	0.04275	p2
0.80623	0.242351	1.33627	0.04275	p2
0.264329	0.824505	-1.27568	0.04275	p2
-1.46417	-0.73401	0.373188	0.04275	p2
1.36721	-0.59669	-0.412769	0.04275	p2
-0.385713	1.17723	-0.805139	0.04275	p2
1.42861	0.606424	0.0814178	0.04275	p2
1.65742	0.0958687	0.0797108	0.04275	p2
0.658901	0.384223	-1.27752	0.04275	p2
-1.29372	-0.557057	-0.950684	0.04275	p2
-0.745319	-1.00259	0.793895	0.04275	p2
-0.376831	0.60404	-1.55219	0.04275	p2
1.5282	0.383491	0.430637	0.04275	p2
0.627981	-0.877249	-1.29196	0.04275	p2
-1.38701	0.895163	0.183694	0.04275	p2
-0.933886	1.17582	0.877976	0.04275	p2
-1.11492	0.28677	1.30166	0.04275	p2
0.22893	1.3199	-0.852131	0.04275	p2
-0.412624	-1.16969	0.795767	0.04275	p2
1.47787	-0.31684	-0.785735	0.04275	p2
0.119095	-0.0628321	1.51477	0.04275	p2
-1.05431	-0.988288	-0.976133	0.04275	p2
1.17181	-0.696022	0.98964	0.04275	p2
1.27334	-0.958461	-0.706275	0.04275	p2
1.37354	-0.602369	-0.193894	0.04275	p2
0.175722	-0.281791	1.49419	0.04275	p2
-1.40638	0.159625	-0.430975	0.04275	p2
-0.111718	1.67057	-0.0678612	0.04275	p2
-0.628206	1.25544	0.816523	0.04275	p2
-0.221627	0.217894	-1.45365	0.04275	p2
-0.967543	-0.985689	-0.449027	0.04275	p2
-0.429303	1.325	0.408222	0.04275	p2
-1.13231	-1.02192	-0.46777	0.04275	p2
-1.16571	-0.781189	0.607301	0.04275	p2
-0.563495	-1.43953	0.774976	0.04275	p2
-1.35619	0.257256	0.667688	0.04275	p2
-0.0236785	0.900979	1.38671	0.04275	p2
0.541946	-1.32905	-0.631578	0.04275	p2
-0.846949	1.14514	0.997571	0.04275	p2
-1.3625	0.81008	-0.713628	0.04275	p2
-1.16111	0.718119	0.969835	0.04275	p2
-1.54055	-0.057688	-0.76496	0.04275	p2
-1.08971	1.03571	-0.785981	0.04275	p2
1.18706	0.186335	1.03313	0.04275	p2
1.27716	0.580018	0.410544	0.04275	p2
0.363929	-1.33312	0.56742	0.04275	p2
0.309246	0.874335	-1.36144	0.04275	p2
1.08541	0.917585	0.411395	0.04275	p2
0.236064	1.22537	-1.21807	0.04275	p2
-0.997715	-1.35403	0.210657	0.04275	p2
1.57895	-0.0241779	-0.33084	0.04275	p2
-0.566013	-0.615251	1.2871	0.04275	p2
0.866634	1.06338	1.0002	0.04275	p2
-0.445144	1.06703	1.09056	0.04275	p2
0.108452	1.53831	0.0057795	0.04275	p2
-0.973821	1.0801	0.599622	0.04275	p2
-0.285745	0.465156	1.65111	0.04275	p2
1.28928	0.772581	0.598495	0.04275	p2
0.586078	-0.696545	-1.21375	0.04275	p2
-1.0406	-0.84328	-1.09337	0.04275	p2
-0.730198	-0.701661	-1.19999	0.04275	p2
-1.63054	-0.558704	0.333047	0.04275	p2
1.21574	-0.587578	0.487047	0.04275	p2
0.207692	-1.38714	0.440008	0.04275	p2
0.588571	-1.34942	0.769089	0.04275	p2
0.842409	-1.16326	-0.108825	0.04275	p2
0.364687	-1.38007	0.305925	0.04275	p2
1.48837	0.08641	-0.716098	0.04275	p2
0.872819	0.0884939	1.3133	0.04275	p2
-1.16328	0.954305	0.224707	0.04275	p2
-1.42173	0.843984	-0.51856	0.04275	p2
0.148779	1.70851	0.0259288	0.04275	p2
-0.608147	-1.3897	0.160718	0.04275	p2
-1.04306	1.18867	-0.269407	0.04275	p2
0.138898	0.858391	1.24466	0.04275	p2
-1.32156	0.40393	-0.951098	0.04275	p2
-0.0518783	1.71655	0.188626	0.04275	p2
-0.959237	0.221129	-1.05792	0.04275	p2
0.0151061	-0.885201	1.48093	0.04275	p2
-0.823479	-1.13565	-0.354115	0.04275	p2
0.506309	-0.72064	-1.39862	0.04275	p2
1.20593	-0.653708	-0.403095	0.04275	p2
-1.27389	0.837278	-0.0941279	0.04275	p2
-1.10469	-0.00828824	1.02688	0.04275	p2
0.272163	-0.596	-1.54822	0.04275	p2
-0.45227	1.29454	0.604747	0.04275	p2
0.582854	1.50907	0.389785	0.04275	p2
-0.957319	-1.05755	-0.978654	0.04275	p2
1.2552	-0.0771171	-1.13192	0.04275	p2
-0.139685	-1.29595	0.585779	0.04275	p2
-1.15963	0.829932	0.102524	0.04275	p2
-1.03722	-1.39476	0.133967	0.04275	p2
-1.48988	-0.256935	0.816785	0.04275	p2
1.31133	0.776204	-0.542451	0.04275	p2
-1.50959	0.314342	-0.0176257	0.04275	p2
1.29846	-0.335611	0.709187	0.04275	p2
0.623467	-0.742136	1.39213	0.04275	p2
-0.291401	-1.54087	-0.653256	0.04275	p2
0.892514	-1.46687	-0.260274	0.04275	p2
-0.817828	-0.92451	1.08803	0.04275	p2
-1.29931	0.70764	-0.577034	0.04275	p2
-0.347056	0.218241	1.52035	0.04275	p2
-0.708476	1.39029	-0.419002	0.04275	p2
-0.00866555	-1.37495	-0.604209	0.04275	p2
0.700134	-0.536219	-1.30226	0.04275	p2
-1.23045	1.10292	0.295826	0.04275	p2
-0.264436	-0.740472	-1.18775	0.04275	p2
-0.845016	-0.46727	-1.45472	0.04275	p2
1.14163	0.082044	1.32989	0.04275	p2
-0.410332	1.64905	0.402013	0.04275	p2
1.47433	-0.91707	0.239724	0.04275	p2
-0.133595	0.624942	1.4826	0.04275	p2
-1.64076	-0.0275746	0.41545	0.04275	p2
-0.790093	-1.52768	-0.328517	0.04275	p2
1.41109	0.146612	0.393793	0.04275	p2
-0.378323	1.45552	0.253127	0.04275	p2
0.524635	-1.56707	-0.326107	0.04275	p2
1.22774	0.29208	0.783704	0.04275	p2
-0.28333	-1.5714	-0.502177	0.04275	p2
-0.93471	-0.285078	-1.06516	0.04275	p2
-0.0167952	1.44845	0.539544	0.04275	p2
0.165621	-0.57934	-1.30401	0.04275	p2
-0.767727	0.544063	1.09639	0.04275	p2
-0.661713	1.12379	1.13316	0.04275	p2
-1.51258	-0.639139	0.474572	0.04275	p2
0.243321	-1.47369	-0.48051	0.04275	p2
0.92039	-1.04977	-0.802528	0.04275	p2
-0.372344	1.59815	-0.616267	0.04275	p2
1.27471	-0.512851	-0.901691	0.04275	p2
-1.08926	0.0141176	-1.12339	0.04275	p2
0.673614	0.363585	-1.50655	0.04275	p2
-1.32602	0.463745	0.233203	0.04275	p2
0.873113	-1.23729	-0.247139	0.04275	p2
0.392036	-1.15319	-0.970979	0.04275	p2
-1.02929	1.15749	0.575577	0.04275	p2
1.15805	-0.272661	-0.782274	0.04275	p2
-0.857709	0.776015	-0.880301	0.04275	p2
-1.39439	0.843657	-0.629873	0.04275	p2
-1.37627	0.32899	-0.331608	0.04275	p2
1.06728	-0.978783	-0.431046	0.04275	p2
0.0450063	1.55731	0.665851	0.04275	p2
1.14544	0.334277	0.815255	0.04275	p2
0.096082	-0.131821	-1.55848	0.04275	p2
0.400241	-1.40621	-0.572347	0.04275	p2
-1.44279	-0.913009	-0.117317	0.04275	p2
1.2893	-0.0716709	-0.848998	0.04275	p2
-0.663058	-0.176661	-1.38141	0.04275	p2
0.915509	0.368228	-1.25806	0.04275	p2
-0.942193	-0.352928	-1.12149	0.04275	p2
-0.0986993	0.891593	1.346	0.04275	p2
-0.162163	1.48679	-0.504898	0.04275	p2
-0.213843	1.53615	0.271771	0.04275	p2
1.05762	-0.24237	-1.13343	0.04275	p2
1.06033	0.145463	1.35708	0.04275	p2
0.161505	-0.401716	-1.42025	0.04275	p2
0.943745	0.880424	1.15326	0.04275	p2
0.910696	0.425978	-1.0157	0.04275	p2
1.00703	-0.969113	0.497163	0.04275	p2
-0.346871	-0.506262	1.59369	0.04275	p2
1.38542	-0.29322	-0.720661	0.04275	p2
0.679966	0.664855	1.31215	0.04275	p2
0.204266	1.17983	0.794156	0.04275	p2
-0.826988	-1.46222	0.0727758	0.04275	p2
0.313586	0.985877	0.984207	0.04275	p2
1.5992	0.528218	-0.310838	0.04275	p2
-0.00952754	0.467435	1.53416	0.04275	p2
0.329995	-0.517291	1.62472	0.04275	p2
0.75338	0.0807199	-1.51728	0.04275	p2
0.329448	-1.16337	0.811544	0.04275	p2
-0.0307053	0.574329	1.56656	0.04275	p2
-1.71996	-0.0259206	0.0756063	0.04275	p2
-1.58654	-0.47103	0.11102	0.04275	p2
0.55092	-1.56232	-0.00656784	0.04275	p2
1.68519	0.0035326	-0.00714408	0.04275	p2
-0.844914	0.241021	-1.19587	0.04275	p2
-0.533524	-0.455023	1.4184	0.04275	p2
-1.2487	-1.20486	0.148183	0.04275	p2
-0.149667	-1.20652	-1.22969	0.04275	p2
1.23702	-0.713736	0.501005	0.04275	p2
0.581798	0.427761	1.35721	0.04275	p2
-1.19138	0.137345	-0.954712	0.04275	p2
1.59985	-0.24517	-0.511642	0.04275	p2
0.933916	-0.11198	1.42415	0.04275	p2
-1.46084	0.0625204	0.590453	0.04275	p2
0.999206	-1.15889	0.371636	0.04275	p2
-1.04001	1.05809	0.547879	0.04275	p2
1.07316	-0.908188	0.478474	0.04275	p2
-0.608757	0.301618	-1.27328	0.04275	p2
0.972184	0.38829	1.13811	0.04275	p2
-0.0919609	-1.48815	-0.0795142	0.04275	p2
0.878141	0.944225	1.08993	0.04275	p2
1.45992	-0.635643	0.738642	0.04275	p2
-0.993038	-1.41862	-0.260511	0.04275	p2
0.352525	0.655525	1.21575	0.04275	p2
1.17376	-0.537329	0.664786	0.04275	p2
0.252438	0.667499	-1.23274	0.04275	p2
-0.0791861	-1.30394	-0.684601	0.04275	p2
0.865523	-0.660361	-0.947689	0.04275	p2
1.53431	0.165334	-0.7229	0.04275	p2
-1.00149	1.10472	-0.393686	0.04275	p2
-0.74043	-0.0518065	-1.57901	0.04275	p2
1.44174	-0.440416	-0.500218	0.04275	p2
1.18059	-0.933663	-0.441607	0.04275	p2
-0.0963506	-0.477128	-1.68643	0.04275	p2
0.0484626	1.49072	0.180595	0.04275	p2
0.260327	-1.01588	1.21824	0.04275	p2
-0.0617181	0.847154	-1.47015	0.04275	p2
0.69231	-0.470457	-1.15961	0.04275	p2
1.14744	0.742428	-0.945833	0.04275	p2
0.497079	1.38958	0.309669	0.04275	p2
-1.0539	-0.723703	1.04781	0.04275	p2
0.418613	-0.287462	-1.54007	0.04275	p2
-0.234174	0.577266	-1.37485	0.04275	p2
-1.4865	0.641063	-0.350966	0.04275	p2
1.12899	0.211298	1.31603	0.04275	p2
-1.41875	0.15286	0.170222	0.04275	p2
0.243883	1.51455	0.263072	0.04275	p2
0.170656	1.53728	0.81533	0.04275	p2
-0.31939	-1.07269	-1.23001	0.04275	p2
0.756682	-1.50828	-0.165262	0.04275	p2
-1.25449	0.714238	-0.988313	0.04275	p2
0.884778	-1.40783	-0.172352	0.04275	p2
-0.022733	-0.711983	1.28685	0.04275	p2
0.764447	1.28974	0.710429	0.04275	p2
-0.818451	-1.24785	-0.156185	0.04275	p2
-0.126923	-0.550046	-1.43329	0.04275	p2
-0.997755	-0.697531	0.936939	0.04275	p2
0.827596	1.20396	-0.897568	0.04275	p2
-1.01525	-0.502298	1.32554	0.04275	p2
1.33072	-1.0321	-0.468819	0.04275	p2
-1.5849	0.129577	0.0391139	0.04275	p2
0.035439	-0.113077	1.53097	0.04275	p2
0.481039	-1.54177	0.601836	0.04275	p2
1.03556	1.29848	0.533231	0.04275	p2
1.31999	0.665484	-0.150807	0.04275	p2
0.362879	0.34553	1.419	0.04275	p2
-0.587117	-0.984467	-1.28402	0.04275	p2
-0.298122	-0.062056	1.58593	0.04275	p2
1.68451	-0.129699	-0.0181797	0.04275	p2
1.38297	0.0343319	-0.831833	0.04275	p2
-0.331941	-1.7106	-0.0150932	0.04275	p2
-0.203558	0.467405	1.47512	0.04275	p2
0.935845	-0.825331	-1.02088	0.04275	p2
-0.996956	1.38119	-0.275278	0.04275	p2
-0.0908924	1.5317	-0.362288	0.04275	p2
-1.02201	0.432411	1.01691	0.04275	p2
-0.978461	1.13445	0.0338224	0.04275	p2
1.50714	-0.212038	0.381996	0.04275	p2
1.21128	0.637538	0.990545	0.04275	p2
-1.35223	0.0343014	-0.720851	0.04275	p2
-0.813987	-0.687979	1.22454	0.04275	p2
0.390927	1.57085	0.277072	0.04275	p2
-0.613586	-1.15613	-0.712648	0.04275	p2
0.325648	1.4939	-0.714357	0.04275	p2
0.747183	-1.26647	0.868632	0.04275	p2
-1.05735	-0.578208	-0.786448	0.04275	p2
0.259063	0.0194859	-1.58845	0.04275	p2
-0.656619	-1.28185	-0.848846	0.04275	p2
-0.150427	-1.44665	-0.94747	0.04275	p2
-1.34096	0.425843	0.955066	0.04275	p2
-1.55579	0.648965	0.481664	0.04275	p2
-1.50207	-0.0504043	-0.358118	0.04275	p2
-1.34278	-0.196066	-0.456976	0.04275	p2
0.0945094	0.330993	1.61189	0.04275	p2
0.236271	-0.479259	1.49072	0.04275	p2
0.665826	1.10329	0.665539	0.04275	p2
-0.284389	-0.31735	-1.60167	0.04275	p2
-0.541991	-1.14358	-0.922524	0.04275	p2
0.516337	0.107812	-1.6137	0.04275	p2
0.895726	-0.438855	1.1002	0.04275	p2
-1.47963	-0.152929	-0.417369	0.04275	p2
1.40609	-0.326752	0.18484	0.04275	p2
0.233396	-0.68642	1.43945	0.04275	p2
-0.637827	-0.898172	-1.31766	0.04275	p2
-0.738315	-0.83372	-1.15653	0.04275	p2
1.39645	0.619854	-0.741236	0.04275	p2
0.0655092	0.603355	1.5158	0.04275	p2
-1.38431	-0.269656	-0.753784	0.04275	p2
1.11959	1.21708	0.489274	0.04275	p2
0.0864745	0.732605	1.40817	0.04275	p2
0.864933	0.00829068	-1.42637	0.04275	p2
0.0956203	-1.56827	-0.786662	0.04275	p2
1.08874	-0.442396	-0.815999	0.04275	p2
-0.379328	-0.358525	-1.6674	0.04275	p2
1.45155	0.31915	0.502291	0.04275	p2
-0.410795	0.69532	-1.49695	0.04275	p2
0.822117	-0.753438	-0.916338	0.04275	p2
1.00795	-1.17017	0.667616	0.04275	p2
1.22182	-0.94242	-0.012553	0.04275	p2
0.396555	1.28871	0.793322	0.04275	p2
0.791632	1.29506	-0.374207	0.04275	p2
-0.00888388	0.646245	-1.3511	0.04275	p2
1.06181	1.11925	0.0401617	0.04275	p2
0.421511	1.50832	0.0920548	0.04275	p2
-0.622355	0.761704	1.03772	0.04275	p2
-0.48251	-0.369641	-1.41806	0.04275	p2
-1.3595	-0.267226	1.0206	0.04275	p2
1.51531	0.541651	-0.331731	0.04275	p2
-1.29617	0.108345	0.828389	0.04275	p2
1.01204	1.23564	-0.156408	0.04275	p2
0.0640949	1.0463	-1.00037	0.04275	p2
0.337486	1.45442	0.295798	0.04275	p2
1.36884	-0.0133106	-1.09981	0.04275	p2
-1.0433	0.95713	-0.977196	0.04275	p2
0.723477	1.3752	0.254447	0.04275	p2
-0.718799	-0.98652	-0.741526	0.04275	p2
-0.459402	0.932247	1.12347	0.04275	p2
-1.10035	0.668824	1.15188	0.04275	p2
-0.512096	0.775655	-1.18679	0.04275	p2
-0.09176	0.0333104	1.73353	0.04275	p2
-0.0173247	1.30451	1.089	0.04275	p2
-1.11971	-0.756629	1.09544	0.04275	p2
0.341473	-0.239171	-1.45571	0.04275	p2
-0.189045	-1.61826	-0.508267	0.04275	p2
0.98734	0.98782	-0.687359	0.04275	p2
-0.981703	-0.412627	1.07137	0.04275	p2
0.00235503	1.63334	-0.513261	0.04275	p2
-0.801997	-0.149896	1.35399	0.04275	p2
0.965632	-1.26104	0.426203	0.04275	p2
-0.97348	0.420192	-0.965103	0.04275	p2
-1.22776	0.226932	1.02539	0.04275	p2
-0.248877	-0.591109	1.37126	0.04275	p2
1.4702	-0.445177	-0.0692834	0.04275	p2
-0.893071	-1.12408	0.78791	0.04275	p2
0.788247	-0.339044	1.36084	0.04275	p2
1.35986	0.58963	0.724838	0.04275	p2
0.156959	0.461722	-1.4034	0.04275	p2
-0.812874	0.0249279	-1.31228	0.04275	p2
1.51704	0.0260623	0.873162	0.04275	p2
-0.687891	1.22561	0.691531	0.04275	p2
-0.76978	-0.902984	1.20095	0.04275	p2
0.361778	0.256379	1.59282	0.04275	p2
-0.642254	-1.23158	0.369358	0.04275	p2
-1.12004	0.459423	-0.807162	0.04275	p2
1.51318	0.763456	0.414175	0.04275	p2
-0.821047	0.341176	-1.49045	0.04275	p2
-0.300095	-1.43098	0.0065131	0.04275	p2
-0.468895	-1.01977	1.31413	0.04275	p2
-0.99608	-0.472937	1.15988	0.04275	p2
0.485248	0.331877	-1.31572	0.04275	p2
0.283152	0.0948258	-1.40011	0.04275	p2
-1.07069	-1.12339	0.601775	0.04275	p2
0.171313	-0.263387	-1.69507	0.04275	p2
-1.2447	-0.782117	-0.131239	0.04275	p2
1.08188	0.0166297	-1.15634	0.04275	p2
-1.41191	0.526402	0.893645	0.04275	p2
-0.124732	-0.440885	1.3903	0.04275	p2
1.13528	-0.998646	0.555964	0.04275	p2
-0.850395	-0.340317	-1.23043	0.04275	p2
0.942456	0.671863	1.19253	0.04275	p2
0.388149	-0.806267	1.37375	0.04275	p2
0.0434111	-1.72201	0.0799889	0.04275	p2
-1.39983	-0.356115	-0.651735	0.04275	p2
0.838438	1.05364	-0.491442	0.04275	p2
-0.708323	-1.28018	-0.12273	0.04275	p2
0.964331	1.20202	0.746912	0.04275	p2
0.356914	-1.61286	-0.342841	0.04275	p2
1.32656	-0.120271	-0.672126	0.04275	p2
0.837565	0.506436	-1.14223	0.04275	p2
-1.02061	0.440001	-1.04791	0.04275	p2
-1.00514	-0.0838249	1.42582	0.04275	p2
-0.902454	-0.650031	1.1175	0.04275	p2
1.22085	-0.182833	0.717266	0.04275	p2
-1.435	-0.41618	-0.101198	0.04275	p2
-1.32741	0.461835	-0.306321	0.04275	p2
-0.272319	-0.338746	-1.44288	0.04275	p2
-1.22208	0.688961	0.61292	0.04275	p2
-1.48007	0.717885	-0.276658	0.04275	p2
-0.261684	-1.13511	-1.08259	0.04275	p2
-0.236836	1.67957	0.399017	0.04275	p2
1.06349	1.11182	0.549456	0.04275	p2
-0.165411	-0.743353	1.44287	0.04275	p2
0.941058	0.0886086	-1.39819	0.04275	p2
0.4421	1.60329	-0.505027	0.04275	p2
0.80864	0.675992	1.13183	0.04275	p2
0.0111301	0.688392	-1.27416	0.04275	p2
-0.206981	-1.46174	-0.811522	0.04275	p2
-0.984733	-0.456335	-1.05526	0.04275	p2
1.33748	0.482857	0.231498	0.04275	p2
-0.790479	0.157827	1.20669	0.04275	p2
-0.617608	0.42349	-1.53756	0.04275	p2
-1.07209	0.25841	1.15406	0.04275	p2
-0.239318	1.34226	0.45588	0.04275	p2
0.246125	-1.1518	1.01649	0.04275	p2
-1.33229	0.290675	-1.08786	0.04275	p2
-1.59384	-0.17309	-0.0765293	0.04275	p2
0.979943	-0.901675	0.59884	0.04275	p2
-0.988579	0.0780567	1.05943	0.04275	p2
-1.03713	0.805722	-0.616626	0.04275	p2
-1.43861	0.744431	0.494203	0.04275	p2
0.4507	-1.29689	0.788427	0.04275	p2
-0.786736	-1.56427	-0.109426	0.04275	p2
1.15776	-0.329792	1.04137	0.04275	p2
1.08452	-0.305219	-1.02104	0.04275	p2
0.485386	1.57908	0.0909401	0.04275	p2
-0.191681	-1.41606	0.276657	0.04275	p2
0.806525	-1.16904	0.341813	0.04275	p2
-1.05397	-1.18184	-0.0687719	0.04275	p2
-1.09807	-0.109311	1.12907	0.04275	p2
-0.926274	1.25743	0.228133	0.04275	p2
-0.797822	0.512443	-1.42056	0.04275	p2
-1.27324	-0.996863	0.176489	0.04275	p2
-0.525846	1.34243	0.582438	0.04275	p2
-0.8345	-0.598467	-1.09716	0.04275	p2
-1.39837	-0.481102	0.89194	0.04275	p2
1.60306	-0.458552	-0.265552	0.04275	p2
-0.111183	-0.885055	-1.50193	0.04275	p2
-1.34891	0.300486	-0.573244	0.04275	p2
0.203698	1.52945	0.523296	0.04275	p2
0.845555	1.32485	0.438602	0.04275	p2
0.493475	1.16277	-0.850198	0.04275	p2
-0.231045	-1.70136	0.366904	0.04275	p2
1.3605	-0.394557	-0.289718	0.04275	p2
-1.1148	0.146742	-1.02351	0.04275	p2
-0.15508	-0.103471	1.5349	0.04275	p2
-0.600726	-1.28998	-0.33688	0.04275	p2
-1.13587	-0.850615	0.442622	0.04275	p2
0.416299	-0.00520998	-1.46177	0.04275	p2
-0.806097	-1.27523	-0.523393	0.04275	p2
0.992405	0.716887	-1.18294	0.04275	p2
1.37852	-0.743938	0.508975	0.04275	p2
-0.238112	-1.45894	-0.654266	0.04275	p2
0.999197	1.26576	0.679203	0.04275	p2
-0.677462	0.972017	-0.851437	0.04275	p2
-0.563779	-0.0246785	1.57168	0.04275	p2
0.138397	-1.45493	-0.128466	0.04275	p2
-1.00704	-1.1326	0.417479	0.04275	p2
1.27637	-1.0384	-0.0870407	0.04275	p2
-0.150916	-1.5616	-0.770665	0.04275	p2
-1.42766	-0.584329	-0.484919	0.04275	p2
-0.613808	1.00787	-1.24194	0.04275	p2
-0.226774	0.129823	-1.54087	0.04275	p2
-0.271719	-1.49484	0.55577	0.04275	p2
-1.5674	-0.57477	0.0871916	0.04275	p2
-0.389836	1.24192	0.977197	0.04275	p2
-1.55282	0.479472	0.554452	0.04275	p2
0.94852	-1.31338	0.626991	0.04275	p2
-1.08435	-1.099	-0.214442	0.04275	p2
-0.893687	-1.10068	-0.205135	0.04275	p2
-0.123475	-1.17987	1.24223	0.04275	p2
-0.897592	-1.22639	-0.786068	0.04275	p2
0.801086	0.612484	1.36128	0.04275	p2
-0.930126	-1.47427	0.136159	0.04275	p2
-1.60779	0.606714	-0.0688834	0.04275	p2
0.288179	-0.862136	-1.44111	0.04275	p2
1.06501	1.11907	-0.754257	0.04275	p2
0.0446434	1.24703	-0.944568	0.04275	p2
0.04267	-1.11585	-1.01142	0.04275	p2
1.56672	-0.755921	-0.135738	0.04275	p2
-0.127132	-0.611146	-1.63636	0.04275	p2
0.391038	0.305458	1.50635	0.04275	p2
-0.0109387	-1.3572	-0.430568	0.04275	p2
-1.09278	0.423697	1.23158	0.04275	p2
1.23291	-0.716337	0.765943	0.04275	p2
-0.949011	-0.666752	-0.836883	0.04275	p2
0.216209	-1.59021	-0.0177095	0.04275	p2
0.783026	0.857907	-1.01068	0.04275	p2
-0.908429	-0.436799	1.34431	0.04275	p2
-1.4169	-0.225391	0.595056	0.04275	p2
0.916209	-0.412544	1.33857	0.04275	p2
-1.57555	0.382274	-0.20154	0.04275	p2
-0.241122	0.353689	-1.4373	0.04275	p2
0.268432	-1.62977	0.267481	0.04275	p2
0.0129712	-1.11194	1.279	0.04275	p2
1.43221	0.518696	0.655884	0.04275	p2
-0.927096	1.23452	-0.0405084	0.04275	p2
1.16313	-0.019194	1.03029	0.04275	p2
0.0460094	-1.61194	0.243731	0.04275	p2
0.209998	-1.53385	0.583754	0.04275	p2
-1.29288	0.753157	0.758379	0.04275	p2
0.337148	1.52638	-0.544893	0.04275	p2
0.143982	-0.141348	1.69146	0.04275	p2
0.677825	-1.40266	0.73657	0.04275	p2
0.909763	-1.15987	0.61873	0.04275	p2
1.51441	-0.613074	0.32408	0.04275	p2
-1.32621	1.04109	-0.342745	0.04275	p2
-0.77657	-0.202023	1.45916	0.04275	p2
-0.945623	1.07673	0.130056	0.04275	p2
0.503905	-1.36459	0.746473	0.04275	p2
-1.32408	-0.503359	0.179776	0.04275	p2
0.642135	0.419935	1.51084	0.04275	p2
-0.0315321	-0.520215	1.57876	0.04275	p2
-0.781791	-1.32284	0.50878	0.04275	p2
1.45567	-0.153496	0.177148	0.04275	p2
0.330405	0.48465	-1.49956	0.04275	p2
-0.0552857	-0.580184	-1.55166	0.04275	p2
-0.594578	0.939878	-1.35655	0.04275	p2
-1.28354	0.207672	-0.958016	0.04275	p2
0.817666	-0.869929	-1.16972	0.04275	p2
0.604226	1.10083	0.832358	0.04275	p2
1.22901	-0.00564741	1.09664	0.04275	p2
0.292006	0.396845	1.34388	0.04275	p2
1.62126	-0.637993	0.0683056	0.04275	p2
-0.637987	0.0363267	-1.46033	0.04275	p2
-1.30879	-0.446361	-0.404183	0.04275	p2
0.745532	-0.0261078	-1.24128	0.04275	p2
0.470877	-0.823122	-1.34471	0.04275	p2
-1.0557	0.439472	0.912782	0.04275	p2
1.31021	-0.402142	-0.653778	0.04275	p2
1.01352	1.37623	-0.00359637	0.04275	p2
1.2991	-0.834906	0.353489	0.04275	p2
-0.788225	-0.885531	0.84716	0.04275	p2
1.185	-0.692105	0.406612	0.04275	p2
0.793542	-1.37294	-0.531353	0.04275	p2
-0.997617	-0.392912	0.98136	0.04275	p2
1.28462	0.354912	-0.780654	0.04275	p2
1.0403	-0.134525	-1.2217	0.04275	p2
0.13595	1.01599	1.01168	0.04275	p2
-0.984816	1.31744	0.281639	0.04275	p2
1.62881	-0.355996	-0.196922	0.04275	p2
-1.05103	-0.499191	-0.966546	0.04275	p2
-0.326948	-1.49812	0.0753085	0.04275	p2
-1.38115	-0.636784	0.149984	0.04275	p2
-0.0719716	1.53361	0.185587	0.04275	p2
-0.849072	0.812087	1.09233	0.04275	p2
0.792912	1.51983	-0.198212	0.04275	p2
-0.334811	1.66236	-0.437081	0.04275	p2
-0.201791	0.226952	1.73024	0.04275	p2
1.18425	1.09123	-0.648335	0.04275	p2
0.372833	1.52511	-0.269023	0.04275	p2
-0.0596786	1.18845	-0.790108	0.04275	p2
-1.60677	-0.0962835	-0.130523	0.04275	p2
1.42889	-0.256674	0.50978	0.04275	p2
0.255113	-0.0809243	1.72745	0.04275	p2
-0.742875	-1.56025	-0.0174886	0.04275	p2
-1.41299	0.265099	0.263482	0.04275	p2
-0.890992	-1.17728	-0.416425	0.04275	p2
-1.1812	-1.03789	0.207906	0.04275	p2
-0.620342	1.39636	-0.567392	0.04275	p2
-1.51334	0.305253	0.0814736	0.04275	p2
-1.31914	0.718279	0.448901	0.04275	p2
-0.0262104	-0.432677	-1.63748	0.04275	p2
-0.199773	-1.43529	0.0994266	0.04275	p2
-0.0485463	-1.51802	0.0577194	0.04275	p2
-1.27392	-0.367134	-1.11913	0.04275	p2
1.35118	0.377679	-0.831217	0.04275	p2
1.44885	0.0206062	-0.239008	0.04275	p2
-1.19893	0.107108	0.9117	0.04275	p2
0.563926	-0.36901	1.52236	0.04275	p2
0.043245	1.04346	-1.29742	0.04275	p2
0.927333	1.00765	1.0231	0.04275	p2
0.451867	-0.992519	-1.17886	0.04275	p2
1.16436	-0.191017	0.813373	0.04275	p2
0.0848204	1.59032	-0.61223	0.04275	p2
0.753444	-0.644948	1.06038	0.04275	p2
-1.12451	-0.2253	-1.29751	0.04275	p2
-0.45786	-0.921515	1.3706	0.04275	p2
-1.39357	-0.221464	-0.933298	0.04275	p2
1.49369	0.809774	0.132265	0.04275	p2
0.237227	1.00696	-1.40827	0.04275	p2
-0.107745	-1.44401	-0.814115	0.04275	p2
-0.813935	-0.924199	-1.25112	0.04275	p2
0.275803	0.735772	-1.5463	0.04275	p2
1.40833	-0.677676	-0.585019	0.04275	p2
1.28052	0.267316	-0.75164	0.04275	p2
-0.643103	-1.33337	0.438724	0.04275	p2
0.155577	-1.45605	-0.85825	0.04275	p2
0.781172	1.00907	-1.06543	0.04275	p2
-0.346181	-1.23006	0.852863	0.04275	p2
1.29521	0.233271	-1.00071	0.04275	p2
-1.23625	-0.62508	-0.956219	0.04275	p2
-1.49994	-0.509265	-0.614213	0.04275	p2
1.08245	1.02387	-0.222948	0.04275	p2
-1.358	0.665097	0.357411	0.04275	p2
0.129309	-0.58012	-1.60222	0.04275	p2
0.841489	1.24515	0.763896	0.04275	p2
0.163147	-1.55169	-0.639247	0.04275	p2
0.871347	0.943128	-0.944619	0.04275	p2
0.934079	1.35552	0.561369	0.04275	p2
-0.418363	1.27482	-1.13359	0.04275	p2
1.4255	0.848132	0.499706	0.04275	p2
-1.32168	-0.834912	-0.0606957	0.04275	p2
0.365733	0.581585	1.37989	0.04275	p2
1.52405	-0.409883	0.641858	0.04275	p2
0.753432	1.29242	0.0387302	0.04275	p2
-1.19874	-0.402734	0.808619	0.04275	p2
1.397	-0.418632	-0.864629	0.04275	p2
1.24646	0.403558	-1.12173	0.04275	p2
0.928388	-1.22877	0.550068	0.04275	p2
-1.31334	-0.276402	0.896389	0.04275	p2
-0.365048	-0.919652	1.09029	0.04275	p2
0.331494	-1.10621	1.28811	0.04275	p2
1.28988	0.595546	0.591897	0.04275	p2
-0.601727	0.364313	1.25769	0.04275	p2
1.4204	0.135154	-0.0973005	0.04275	p2
-1.43966	0.648853	0.738704	0.04275	p2
-0.744513	0.557905	-1.17586	0.04275	p2
-0.187578	1.73193	0.123289	0.04275	p2
-1.36151	0.58533	0.0769681	0.04275	p2
1.46318	0.380572	-0.591193	0.04275	p2
-1.17265	-1.13523	0.617018	0.04275	p2
-1.38912	0.170893	1.03609	0.04275	p2
-1.30395	-0.0745586	1.13546	0.04275	p2
-0.868483	1.15916	-0.00226992	0.04275	p2
-1.15342	-0.436557	-1.08541	0.04275	p2
-0.523572	-1.41248	0.149242	0.04275	p2
-1.44256	-0.02295	-0.762435	0.04275	p2
-0.247674	1.40227	0.897742	0.04275	p2
-0.698875	-1.14217	-0.485698	0.04275	p2
0.775271	0.214388	1.20813	0.04275	p2
1.70217	0.0652484	-0.278416	0.04275	p2
1.18468	0.846401	0.305568	0.04275	p2
-1.5101	0.253921	0.439101	0.04275	p2
-1.26448	-0.05316	-0.852333	0.04275	p2
-0.282778	-1.5709	0.0922995	0.04275	p2
-0.922131	1.46827	0.00635435	0.04275	p2
-0.00891664	1.39894	0.630608	0.04275	p2
0.945298	-0.392688	1.03386	0.04275	p2
1.21574	0.842717	-0.898032	0.04275	p2
0.256853	-1.12343	-1.01575	0.04275	p2
-0.880362	-1.11852	0.492003	0.04275	p2
1.29417	-0.143929	-0.580154	0.04275	p2
-0.938843	0.811022	-1.23335	0.04275	p2
0.153413	1.52808	-0.293665	0.04275	p2
0.164365	-0.100936	-1.48854	0.04275	p2
-1.2039	-0.126743	-1.15415	0.04275	p2
-0.497031	-1.27847	0.83726	0.04275	p2
0.0596359	-1.22913	0.892464	0.04275	p2
-1.23534	-0.460872	-0.564668	0.04275	p2
0.79983	1.51299	-0.103626	0.04275	p2
-1.41085	0.411192	0.350227	0.04275	p2
0.213163	1.51455	0.0473645	0.04275	p2
-0.381753	-0.101963	-1.47928	0.04275	p2
0.851047	-0.286187	-1.12859	0.04275	p2
0.12806	1.49615	-0.868937	0.04275	p2
0.0458246	-0.394194	1.53209	0.04275	p2
-0.481841	-1.61087	0.189454	0.04275	p2
-1.29866	-0.68267	0.923727	0.04275	p2
-1.08933	-0.0830521	-1.25935	0.04275	p2
1.28908	-0.294447	1.13852	0.04275	p2
0.321534	1.08105	-0.910097	0.04275	p2
-0.162439	1.00239	-1.14106	0.04275	p2
0.759406	-0.673778	1.3002	0.04275	p2
1.2256	-0.809634	0.593773	0.04275	p2
0.375199	-1.18637	-1.22244	0.04275	p2
-1.52254	0.038071	-0.739929	0.04275	p2
1.39354	-0.974787	-0.285964	0.04275	p2
0.620801	-1.35485	-0.793118	0.04275	p2
0.0466872	-0.663563	1.38092	0.04275	p2
1.02586	-0.339544	1.31463	0.04275	p2
-1.27687	0.245797	1.15133	0.04275	p2
-0.407924	1.22718	-0.902058	0.04275	p2
-0.274508	-1.34534	0.971147	0.04275	p2
1.31458	0.613033	-0.0401489	0.04275	p2
0.895218	1.03026	0.863722	0.04275	p2
-0.107957	0.435523	-1.3509	0.04275	p2
-0.79506	0.643043	-1.42062	0.04275	p2
0.0735674	-1.12732	-0.927039	0.04275	p2
-0.635232	-1.40678	0.331938	0.04275	p2
0.691461	-1.1649	-0.494443	0.04275	p2
1.52496	0.461448	0.535353	0.04275	p2
0.440612	-0.247031	-1.43861	0.04275	p2
-0.847549	-1.21616	0.55826	0.04275	p2
0.483159	0.441596	-1.30221	0.04275	p2
-0.0353495	-1.39256	-0.751084	0.04275	p2
-1.26811	-0.67655	-0.309929	0.04275	p2
1.34715	-0.702218	-0.696853	0.04275	p2
-0.539595	-0.664998	-1.49061	0.04275	p2
-0.920052	-0.558226	-1.14759	0.04275	p2
0.8598	-1.03066	0.489429	0.04275	p2
0.524103	0.461662	-1.46717	0.04275	p2
-1.46821	-0.187701	0.423388	0.04275	p2
0.424993	-1.68261	-0.0936365	0.04275	p2
-0.373909	1.08813	0.952794	0.04275	p2
0.593731	0.161908	1.49581	0.04275	p2
1.3019	0.934277	0.458382	0.04275	p2
1.29992	-0.141723	0.769345	0.04275	p2
0.640612	0.449145	-1.49339	0.04275	p2
-0.23251	1.27789	0.719326	0.04275	p2
0.443652	0.958745	-1.06753	0.04275	p2
-0.720347	0.504431	1.29914	0.04275	p2
1.50529	0.00197844	0.726355	0.04275	p2
1.25273	-0.660843	-0.198656	0.04275	p2
-0.384104	1.32749	1.00677	0.04275	p2
-0.318645	0.298418	1.38056	0.04275	p2
-0.93213	0.459989	-1.14069	0.04275	p2
-0.433929	-1.07521	-1.11933	0.04275	p2
1.66979	-0.0588375	0.118447	0.04275	p2
0.124177	-0.0308536	1.72709	0.04275	p2
-0.736201	-0.841797	1.08878	0.04275	p2
0.43304	-1.40255	-0.871705	0.04275	p2
1.51198	0.543165	0.625203	0.04275	p2
-1.46107	-0.362868	-0.778256	0.04275	p2
-0.958543	1.28577	0.471238	0.04275	p2
1.07747	0.921072	0.320277	0.04275	p2
-0.385385	0.428726	-1.31108	0.04275	p2
0.487457	1.02875	1.05886	0.04275	p2
0.689105	-0.826923	1.36557	0.04275	p2
-1.46566	0.0525888	-0.669113	0.04275	p2
1.26127	0.85656	-0.112583	0.04275	p2
-0.558937	1.30257	-0.889412	0.04275	p2
-1.03227	-1.09442	0.503221	0.04275	p2
0.669132	0.535686	-1.13937	0.04275	p2
-0.816309	-0.956529	-0.73632	0.04275	p2
0.528856	1.65597	-0.0123361	0.04275	p2
1.53788	-0.11169	-0.828906	0.04275	p2
0.124237	0.179723	1.52593	0.04275	p2
0.767587	-0.316203	-1.29144	0.04275	p2
0.332735	-0.636812	1.46929	0.04275	p2
1.30457	-0.300194	-0.693586	0.04275	p2
0.990369	-0.690586	0.8947	0.04275	p2
0.264426	-1.33519	-0.917431	0.04275	p2
1.15158	0.992887	0.0012385	0.04275	p2
1.20188	0.780139	-0.68705	0.04275	p2
-1.42109	-0.224673	-0.0471838	0.04275	p2
-0.947709	-1.46137	-0.0927552	0.04275	p2
0.200633	1.12995	-1.28945	0.04275	p2
0.215142	1.53016	-0.405203	0.04275	p2
1.22082	1.02345	-0.729148	0.04275	p2
1.42429	-0.926323	-0.0604078	0.04275	p2
-1.44334	0.630629	0.0716722	0.04275	p2
1.1615	-0.644058	1.12877	0.04275	p2
0.995096	1.25055	0.0599839	0.04275	p2
-0.995204	-1.13468	0.141512	0.04275	p2
0.954481	-0.915439	-0.620891	0.04275	p2
-0.714287	-1.18612	0.695775	0.04275	p2
0.69919	0.327654	-1.38764	0.04275	p2
0.0447281	1.1722	1.06128	0.04275	p2
-0.416013	0.32825	-1.55332	0.04275	p2
1.41672	0.362082	-0.0420517	0.04275	p2
-1.42224	-0.0936143	-0.892139	0.04275	p2
0.655764	1.05015	1.24179	0.04275	p2
-0.181734	-0.272313	1.72621	0.04275	p2
-1.37358	-0.514753	0.0158372	0.04275	p2
0.0423314	-0.963901	-1.09345	0.04275	p2
0.396146	1.35831	-0.190598	0.04275	p2
-0.589321	1.33105	0.0857498	0.04275	p2
0.474645	-1.15237	1.04898	0.04275	p2
0.622897	1.09669	-1.07421	0.04275	p2
0.841172	1.28637	0.568517	0.04275	p2
0.565867	0.123494	-1.4882	0.04275	p2
-0.227777	1.60376	-0.215988	0.04275	p2
0.340058	-0.54138	-1.34356	0.04275	p2
-0.633746	1.48421	-0.590136	0.04275	p2
-0.748672	-1.20551	0.833663	0.04275	p2
0.761291	-0.385272	-1.2178	0.04275	p2
-0.139645	0.7372	1.4666	0.04275	p2
-1.04987	-0.554246	-1.26227	0.04275	p2
-1.51824	0.824011	-0.0739308	0.04275	p2
-1.28243	-0.651766	0.685255	0.04275	p2
0.538652	-0.918153	-1.23278	0.04275	p2
0.595296	1.19782	-0.532459	0.04275	p2
0.511925	0.868437	1.11881	0.04275	p2
-1.17036	0.396062	-0.927494	0.04275	p2
-0.595467	-0.875464	-1.16869	0.04275	p2
-0.0236324	0.944939	1.47832	0.04275	p2
-0.57833	0.129486	-1.5139	0.04275	p2
-1.52758	0.702274	0.361473	0.04275	p2
1.16927	-0.551703	-0.987983	0.04275	p2
-0.317774	-1.36452	-0.744721	0.04275	p2
1.21504	-0.768651	-0.0365872	0.04275	p2
0.608215	-0.662784	1.44807	0.04275	p2
0.355476	-1.4817	0.0624209	0.04275	p2
0.954974	-1.10064	0.0954533	0.04275	p2
1.41079	0.977133	0.236442	0.04275	p2
-0.595856	-1.63524	-0.0241335	0.04275	p2
-1.06948	1.25131	0.554149	0.04275	p2
0.858956	0.830951	1.01955	0.04275	p2
0.959186	0.691122	1.07842	0.04275	p2
1.09489	1.07839	-0.0337305	0.04275	p2
-0.661884	1.51457	0.534583	0.04275	p2
0.287788	0.366724	-1.64793	0.04275	p2
-1.51398	-0.180493	-0.257233	0.04275	p2
0.240827	-0.230537	-1.47109	0.04275	p2
-0.391264	1.15041	0.881328	0.04275	p2
0.220735	1.30026	-0.647946	0.04275	p2
-0.000653108	0.231519	1.71397	0.04275	p2
-0.390549	1.30444	-0.856755	0.04275	p2
-0.693372	0.830113	0.990715	0.04275	p2
0.162691	0.888579	-1.26428	0.04275	p2
1.39808	-0.15487	0.885386	0.04275	p2
0.776593	1.37177	-0.244248	0.04275	p2
-1.61776	0.238093	0.437414	0.04275	p2
-1.606	0.357094	0.00296496	0.04275	p2
-0.736274	-1.25345	0.0441711	0.04275	p2
0.541202	-1.47704	-0.349535	0.04275	p2
-0.153291	-0.344317	1.57539	0.04275	p2
1.4258	0.742023	-0.117457	0.04275	p2
0.43285	-1.45049	0.337199	0.04275	p2
-1.0489	0.147622	1.38433	0.04275	p2
1.61991	0.308948	0.0254789	0.04275	p2
-0.826877	1.23021	0.861329	0.04275	p2
-0.359572	-1.34385	0.552583	0.04275	p2
1.36376	-0.608951	-0.903168	0.04275	p2
-1.07412	0.344846	-0.996976	0.04275	p2
-1.10092	-1.31858	0.133429	0.04275	p2
-0.153945	-0.630785	-1.42207	0.04275	p2
1.28087	0.463764	0.63249	0.04275	p2
-0.377223	0.313641	-1.33868	0.04275	p2
1.05214	-0.48202	1.03893	0.04275	p2
1.33262	-0.453333	-0.980334	0.04275	p2
0.893749	-1.16554	0.192505	0.04275	p2
0.499178	-0.43216	1.59971	0.04275	p2
-1.67142	-0.451186	-0.280335	0.04275	p2
0.154311	1.17506	1.00105	0.04275	p2
-1.35706	0.392839	-0.241256	0.04275	p2
0.747644	-0.534433	1.20103	0.04275	p2
1.30418	-0.590656	0.485677	0.04275	p2
0.048042	-0.79569	-1.51931	0.04275	p2
-1.33732	1.00804	0.465894	0.04275	p2
1.54261	0.324479	-0.040382	0.04275	p2
-0.637819	1.08857	-0.716434	0.04275	p2
-0.953658	-0.799397	0.908243	0.04275	p2
-1.2328	0.0712641	-1.01073	0.04275	p2
1.34327	-1.01033	-0.028022	0.04275	p2
0.52546	-1.30613	0.364348	0.04275	p2
-0.575265	-1.14648	0.835593	0.04275	p2
-0.421894	1.51014	0.304908	0.04275	p2
-0.324467	-1.3541	0.455245	0.04275	p2
0.0791849	1.61591	0.192889	0.04275	p2
-0.0598546	1.18657	1.15728	0.04275	p2
0.628309	1.47485	-0.294113	0.04275	p2
-1.24059	-1.22478	-0.104328	0.04275	p2
-1.43349	-0.986836	-0.0240928	0.04275	p2
-0.609382	-1.56387	0.195843	0.04275	p2
0.305424	0.807369	1.52844	0.04275	p2
-1.04914	0.332095	1.04062	0.04275	p2
0.0857285	-1.65851	0.0134098	0.04275	p2
-1.01639	-1.16813	0.326597	0.04275	p2
0.137279	-0.23602	1.66902	0.04275	p2
0.0371846	1.67885	-0.448511	0.04275	p2
-1.03431	0.9127	0.978384	0.04275	p2
0.253506	-0.421648	1.33681	0.04275	p2
-0.921657	0.125889	1.10809	0.04275	p2
-0.602893	0.176339	1.47124	0.04275	p2
1.43397	0.73754	0.636412	0.04275	p2
-0.674238	-1.0046	-1.0155	0.04275	p2
0.862195	0.0339908	-1.24427	0.04275	p2
0.228999	-0.64147	1.59379	0.04275	p2
1.27013	-0.580719	0.563938	0.04275	p2
0.694096	0.094248	1.51551	0.04275	p2
-1.23228	0.46259	-0.576441	0.04275	p2
-0.218932	-1.42714	0.672343	0.04275	p2
-0.479119	-1.35838	-0.658663	0.04275	p2
0.390107	-1.26413	0.718176	0.04275	p2
0.415963	-1.47793	0.815568	0.04275	p2
1.54621	0.541883	-0.118328	0.04275	p2
1.67946	-0.128407	0.347453	0.04275	p2
1.39515	0.537671	-0.549001	0.04275	p2
0.206251	-1.02661	-1.19948	0.04275	p2
1.13529	1.26586	0.0245102	0.04275	p2
-0.235372	1.1585	1.23829	0.04275	p2
0.417246	-0.338123	-1.32648	0.04275	p2
-1.29687	0.586267	-0.678722	0.04275	p2
0.447278	1.10988	1.26316	0.04275	p2
1.13235	-1.27535	0.0733563	0.04275	p2
-0.608956	0.0105453	1.44441	0.04275	p2
0.52451	-1.16072	0.776211	0.04275	p2
0.861231	-0.720012	0.900171	0.04275	p2
1.57721	0.129733	0.20846	0.04275	p2
-1.66606	0.0763328	0.173494	0.04275	p2
-0.221745	0.757268	1.39091	0.04275	p2
-0.526355	1.0627	0.845641	0.04275	p2
-1.2787	0.865321	-0.750164	0.04275	p2
-0.252106	1.59885	0.227594	0.04275	p2
-1.24445	0.893142	-0.35736	0.04275	p2
0.637223	0.79543	1.31103	0.04275	p2
0.187893	-1.54904	0.705242	0.04275	p2
-0.112904	1.15323	-1.27948	0.04275	p2
1.21	1.04735	-0.339822	0.04275	p2
0.963098	-0.289391	1.0243	0.04275	p2
-0.403984	0.963029	-1.19337	0.04275	p2
1.6502	0.0961692	0.554046	0.04275	p2
0.784159	0.705874	1.21519	0.04275	p2
0.585633	0.146956	-1.57131	0.04275	p2
-1.01882	-0.842331	0.726192	0.04275	p2
0.333017	-1.72148	-0.0472737	0.04275	p2
-0.722204	-1.18272	0.444061	0.04275	p2
1.62454	-0.0523595	0.366427	0.04275	p2
0.0228439	-0.748572	-1.31821	0.04275	p2
1.40164	-0.775513	0.605697	0.04275	p2
0.194402	-0.680335	-1.3672	0.04275	p2
1.12756	0.780087	-1.05755	0.04275	p2
-0.0392776	-1.65316	-0.365333	0.04275	p2
0.122988	-1.08436	1.24175	0.04275	p2
0.478774	-0.207982	1.59977	0.04275	p2
-0.963826	-0.358801	-1.03124	0.04275	p2
-0.557573	0.933152	-1.16518	0.04275	p2
1.28537	0.772864	-0.344597	0.04275	p2
-0.20447	0.541198	-1.5222	0.04275	p2
0.67755	-1.24075	0.494921	0.04275	p2
-0.588731	-0.489077	1.57314	0.04275	p2
-1.41979	0.728003	0.698427	0.04275	p2
-0.16142	0.273045	1.4715	0.04275	p2
-1.5406	0.0991118	-0.618775	0.04275	p2
0.986992	-0.267436	-1.00951	0.04275	p2
0.180305	-0.0406691	1.42019	0.04275	p2
-0.394245	-1.19893	0.710589	0.04275	p2
-0.169256	-0.305731	-1.58122	0.04275	p2
-1.40668	0.312087	0.89978	0.04275	p2
-1.05766	0.13563	0.967215	0.04275	p2
-0.00609803	0.346889	1.43141	0.04275	p2
-1.21589	-0.107283	1.19596	0.04275	p2
0.450124	-0.766879	-1.11505	0.04275	p2
0.588891	0.0944715	1.39779	0.04275	p2
0.739352	-0.777811	-1.15564	0.04275	p2
-0.926434	-1.27901	0.0845709	0.04275	p2
-0.530891	1.38509	0.128898	0.04275	p2
1.0265	-1.046	0.375823	0.04275	p2
0.484534	0.389959	1.41782	0.04275	p2
-0.802078	-0.0809128	1.17802	0.04275	p2
-1.18997	-1.1457	-0.27926	0.04275	p2
-0.586145	0.203145	1.58616	0.04275	p2
1.12097	-0.0525011	-1.06556	0.04275	p2
-0.131566	-1.73189	-0.0696741	0.04275	p2
-0.358882	-1.63094	-0.365401	0.04275	p2
-0.511259	-1.08254	1.01738	0.04275	p2
-0.663531	0.465429	-1.41112	0.04275	p2
1.48096	0.427794	-0.137916	0.04275	p2
0.0976044	0.727716	-1.22659	0.04275	p2
-0.661396	-0.260071	-1.34938	0.04275	p2
0.120683	0.53026	1.47268	0.04275	p2
-0.872247	1.43573	-0.487447	0.04275	p2
1.57586	-0.451071	0.2763	0.04275	p2
1.23952	0.279036	-0.910031	0.04275	p2
1.32658	0.403819	0.534258	0.04275	p2
-0.10409	1.52205	-0.623665	0.04275	p2
0.182146	-1.33161	-1.10631	0.04275	p2
0.480623	1.0409	-0.844284	0.04275	p2
-0.362213	1.0497	-0.891531	0.04275	p2
-0.796533	1.30405	0.665833	0.04275	p2
0.654083	0.945647	1.22784	0.04275	p2
1.3261	0.0138281	-1.02454	0.04275	p2
-0.500574	-1.23262	0.544642	0.04275	p2
-0.404936	-1.29987	-0.802031	0.04275	p2
1.10518	0.512572	0.771497	0.04275	p2
-0.922128	1.01135	0.986711	0.04275	p2
-0.014684	-1.68436	-0.454306	0.04275	p2
1.11085	1.16277	-0.12938	0.04275	p2
-1.61547	-0.00206293	0.0138566	0.04275	p2
1.44062	0.612304	-0.519263	0.04275	p2
-1.45495	0.542834	0.145911	0.04275	p2
-0.577918	1.09331	1.08759	0.04275	p2
-1.03638	-1.18739	0.518384	0.04275	p2
-0.790964	-1.42446	0.236087	0.04275	p2
1.47038	-0.427391	-0.812781	0.04275	p2
1.16981	-0.160641	-0.940014	0.04275	p2
0.212849	0.191481	-1.57355	0.04275	p2
-1.21137	0.0888387	1.08974	0.04275	p2
-1.61232	-0.440839	0.415515	0.04275	p2
1.12617	0.118567	1.12937	0.04275	p2
-1.15685	0.87288	-0.152793	0.04275	p2
-0.454557	1.50681	0.0293847	0.04275	p2
-0.475358	1.64932	0.190415	0.04275	p2
-1.5218	-0.0531244	0.573535	0.04275	p2
-0.658697	-1.50636	-0.46236	0.04275	p2
0.837935	0.119598	1.53598	0.04275	p2
-1.18374	-0.248221	-0.762261	0.04275	p2
-0.67013	-1.09941	-1.15114	0.04275	p2
-0.318619	-0.434015	-1.5323	0.04275	p2
0.0851572	1.50006	0.830892	0.04275	p2
-0.841434	0.740279	1.14749	0.04275	p2
0.951809	-0.545399	-1.28529	0.04275	p2
-0.853894	1.25191	-0.293045	0.04275	p2
-0.0642223	1.12274	-0.897426	0.04275	p2
1.40039	0.242318	-0.996722	0.04275	p2
-0.148798	1.45297	0.19923	0.04275	p2
-1.37667	-0.525785	-0.817931	0.04275	p2
-0.834734	1.20839	-0.959351	0.04275	p2
0.60272	0.604429	-1.47869	0.04275	p2
-1.30422	0.56119	-0.33336	0.04275	p2
0.305526	-1.58444	0.0228717	0.04275	p2
1.39034	-0.349668	-0.650006	0.04275	p2
0.979524	1.03406	0.402974	0.04275	p2
-0.393375	-0.995731	0.945298	0.04275	p2
1.34771	0.179768	0.800982	0.04275	p2
1.19294	0.971061	0.229188	0.04275	p2
-0.961481	0.109011	1.1822	0.04275	p2
0.622163	-0.911811	1.11743	0.04275	p2
0.96459	0.180018	1.32032	0.04275	p2
-1.14917	0.477318	-1.02363	0.04275	p2
1.43061	0.420101	0.433442	0.04275	p2
-0.319754	0.186205	-1.69242	0.04275	p2
-1.08243	-1.05117	0.704284	0.04275	p2
-0.103949	-1.18968	0.990899	0.04275	p2
0.932136	1.37816	-0.248434	0.04275	p2
1.09088	0.355207	1.18675	0.04275	p2
-0.0731603	-1.36818	0.809414	0.04275	p2
0.658548	0.453751	-1.22022	0.04275	p2
-0.820662	-1.37514	0.125874	0.04275	p2
0.298767	1.28626	0.591389	0.04275	p2
-0.734604	0.0920729	-1.39702	0.04275	p2
1.18378	-1.15408	-0.30805	0.04275	p2
0.536008	-1.63413	0.200875	0.04275	p2
1.3809	0.945226	-0.461056	0.04275	p2
0.944143	0.143435	1.42403	0.04275	p2
-0.838033	0.0199076	1.45138	0.04275	p2
-0.965634	0.390952	-1.36893	0.04275	p2
-1.25702	0.708897	-0.377743	0.04275	p2
-1.22912	-0.429798	-1.03246	0.04275	p2
0.740106	0.976259	-0.8503	0.04275	p2
-0.00542549	-1.40846	0.235854	0.04275	p2
1.0171	-0.0771307	1.10674	0.04275	p2
-1.48886	0.804304	0.0368912	0.04275	p2
0.892158	-0.00387858	-1.14284	0.04275	p2
1.03321	1.37462	-0.266884	0.04275	p2
-1.56475	-0.315275	0.441164	0.04275	p2
-0.439162	0.144658	1.67787	0.04275	p2
-0.280141	-0.470132	-1.63186	0.04275	p2
-0.462823	1.41272	0.0712788	0.04275	p2
1.2294	0.0264527	-1.16759	0.04275	p2
0.0993694	1.4984	-0.606998	0.04275	p2
1.47774	-0.552214	-0.730623	0.04275	p2
0.349556	-1.2604	-1.16807	0.04275	p2
-0.732403	0.414648	-1.15572	0.04275	p2
1.46754	-0.752172	0.511621	0.04275	p2
-1.63717	0.407776	0.433412	0.04275	p2
-0.671105	0.0303369	1.3573	0.04275	p2
-0.0169216	0.807933	-1.19911	0.04275	p2
-0.57279	-1.19119	0.674543	0.04275	p2
-0.869501	-1.21248	0.877008	0.04275	p2
0.86673	-1.08674	-0.386595	0.04275	p2
0.0460942	-1.57755	-0.341183	0.04275	p2
1.18288	-0.901334	-0.23561	0.04275	p2
-0.750373	0.923456	0.798188	0.04275	p2
0.660595	-0.543126	1.42341	0.04275	p2
-0.158973	0.369796	1.48654	0.04275	p2
-1.44923	-0.143062	0.637682	0.04275	p2
-0.417093	1.14108	-1.0908	0.04275	p2
1.14568	-0.757305	0.459587	0.04275	p2
-0.981296	-0.489956	0.909242	0.04275	p2
0.789611	-0.000682216	1.49255	0.04275	p2
-0.595287	-0.838129	-1.25166	0.04275	p2
0.938378	0.927653	0.927664	0.04275	p2
-0.869998	-0.558731	-1.41723	0.04275	p2
-0.0683792	-1.59525	-0.720234	0.04275	p2
0.778639	1.19883	0.483997	0.04275	p2
-1.26719	-0.64042	-0.215532	0.04275	p2
-0.305362	-1.2541	0.66743	0.04275	p2
-1.0152	-1.06055	-0.77012	0.04275	p2
-0.472269	0.39374	1.55732	0.04275	p2
0.261053	0.417449	1.54582	0.04275	p2
1.0842	-0.168472	1.07669	0.04275	p2
1.474	0.726084	-0.579873	0.04275	p2
0.473529	1.53125	0.561995	0.04275	p2
-0.0208977	-0.224726	1.47375	0.04275	p2
-0.596406	1.643	-0.150937	0.04275	p2
-0.936485	0.989313	-0.449509	0.04275	p2
0.590579	0.474002	1.56891	0.04275	p2
0.450933	-0.970015	1.22473	0.04275	p2
0.343623	-0.386914	-1.35588	0.04275	p2
-0.344518	-0.913872	-1.18296	0.04275	p2
0.162587	-0.906156	-1.32499	0.04275	p2
-0.28875	-1.44343	-0.477652	0.04275	p2
1.48627	-0.802585	0.0396146	0.04275	p2
-0.450119	-1.39008	0.0637118	0.04275	p2
0.8059	-1.30182	-0.364479	0.04275	p2
1.19632	0.749312	0.856127	0.04275	p2
0.347806	1.35643	0.258367	0.04275	p2
1.65898	0.221759	-0.0862819	0.04275	p2
1.51499	-0.155912	-0.438713	0.04275	p2
-0.557246	-1.31283	0.186803	0.04275	p2
0.189123	1.08263	-0.954146	0.04275	p2
0.303232	-0.786987	-1.48637	0.04275	p2
-0.224271	0.854159	-1.43337	0.04275	p2
-1.42501	0.281782	0.494732	0.04275	p2
0.522227	0.918715	-1.00479	0.04275	p2
-0.72409	-0.0552535	1.32106	0.04275	p2
-1.14243	-0.431808	-1.1713	0.04275	p2
-0.968744	-1.09674	0.818886	0.04275	p2
0.457628	-0.222918	-1.58061	0.04275	p2
1.54701	-0.521071	0.220532	0.04275	p2
0.481778	-0.93914	-1.29357	0.04275	p2
1.2572	-0.229599	-1.19115	0.04275	p2
1.33025	-0.268119	-0.535688	0.04275	p2
-0.047233	-1.35655	1.06617	0.04275	p2
-1.42474	-0.0396728	-0.28775	0.04275	p2
0.130507	0.445421	1.36381	0.04275	p2
1.34057	-0.154562	-0.486361	0.04275	p2
-0.206217	-1.58868	0.355033	0.04275	p2
1.15953	1.27318	-0.10146	0.04275	p2
1.20285	0.183659	1.12096	0.04275	p2
1.41427	0.254315	-0.0336242	0.04275	p2
0.128141	0.908746	-1.10466	0.04275	p2
-1.19061	-0.306697	-1.05569	0.04275	p2
-1.33695	-0.2928	0.407148	0.04275	p2
0.18095	1.36902	0.731338	0.04275	p2
1.39138	0.100534	-0.34594	0.04275	p2
-1.55976	-0.634237	-0.351459	0.04275	p2
-1.19748	1.18367	0.186678	0.04275	p2
-1.44278	-0.393663	-0.475335	0.04275	p2
-0.854869	0.656623	-1.17723	0.04275	p2
-0.334465	0.0227873	1.5545	0.04275	p2
-0.441922	-1.18373	1.04006	0.04275	p2
-1.11852	-0.639231	-0.981385	0.04275	p2
-0.499571	0.870004	-1.42586	0.04275	p2
-1.04289	-1.15614	0.675793	0.04275	p2
-0.744543	0.245982	-1.50034	0.04275	p2
0.28217	1.07566	1.15404	0.04275	p2
1.1941	0.481162	0.946714	0.04275	p2
0.83334	-0.525629	-1.09783	0.04275	p2
0.661834	-0.807139	1.137	0.04275	p2
-0.180709	1.32928	-0.941418	0.04275	p2
0.84405	0.171519	-1.48187	0.04275	p2
-1.19381	-1.28268	-0.018795	0.04275	p2
-1.44236	-0.231693	-0.556328	0.04275	p2
-0.942907	1.10034	-0.112824	0.04275	p2
0.06724	0.7234	1.28901	0.04275	p2
-1.34918	-0.606972	-0.283659	0.04275	p2
-0.187094	-0.979525	1.42534	0.04275	p2
-1.54231	-0.740706	0.0328977	0.04275	p2
1.4774	0.389827	0.730452	0.04275	p2
-1.27702	0.470323	0.483744	0.04275	p2
0.402562	-0.138643	-1.36165	0.04275	p2
0.388211	0.710771	-1.41508	0.04275	p2
1.63029	0.398986	-0.468428	0.04275	p2
1.0776	1.23917	0.392528	0.04275	p2
-1.44211	-0.514605	0.677847	0.04275	p2
-0.220091	-1.52636	-0.545092	0.04275	p2
1.12378	-1.04389	-0.0124193	0.04275	p2
-0.477004	0.0596009	1.49212	0.04275	p2
0.0240733	1.56676	-0.165201	0.04275	p2
-0.324775	-0.153984	1.55585	0.04275	p2
-0.656106	1.1515	-0.968008	0.04275	p2
-1.64078	0.365535	-0.266342	0.04275	p2
-1.09668	0.690237	-0.675368	0.04275	p2
-1.05446	-0.647907	0.994899	0.04275	p2
1.47513	-0.858128	-0.196877	0.04275	p2
0.279221	1.55494	-0.763499	0.04275	p2
1.31679	0.281504	-0.478912	0.04275	p2
0.316521	-0.0012531	-1.49992	0.04275	p2
1.27354	-0.959243	0.296737	0.04275	p2
-0.0953639	-0.764267	1.21227	0.04275	p2
0.612202	-1.08856	-0.692021	0.04275	p2
0.0477513	1.40319	-0.515755	0.04275	p2
-0.539445	-0.441255	1.50674	0.04275	p2
-0.226247	-0.68017	1.51738	0.04275	p2
-1.01054	0.858124	-0.922986	0.04275	p2
-0.759154	-0.894873	1.3072	0.04275	p2
0.904531	0.664333	1.27325	0.04275	p2
0.620797	-0.329583	-1.53784	0.04275	p2
-0.0713694	-1.55118	-0.247242	0.04275	p2
0.707583	1.35087	-0.399432	0.04275	p2
-0.98865	-1.21544	0.0142165	0.04275	p2
1.48999	-0.280633	-0.133696	0.04275	p2
0.338403	-1.51158	0.318983	0.04275	p2
1.09551	-0.134314	0.900237	0.04275	p2
0.105208	1.61593	-0.349365	0.04275	p2
0.23048	1.48997	-0.791483	0.04275	p2
0.45136	-1.45129	0.682211	0.04275	p2
-0.994515	1.07079	0.948793	0.04275	p2
-1.10322	-0.891077	-0.286104	0.04275	p2
0.000959624	-1.14757	0.844069	0.04275	p2
-0.344047	1.67629	-0.0240596	0.04275	p2
1.13796	-0.82809	-0.776886	0.04275	p2
-0.731311	0.771087	-1.02737	0.04275	p2
-0.915239	0.90375	-1.04353	0.04275	p2
0.0831559	1.41228	0.824088	0.04275	p2
1.08274	0.875819	-0.547812	0.04275	p2
0.136822	1.09266	1.1995	0.04275	p2
0.12916	0.818428	-1.35694	0.04275	p2
-0.000772295	-0.289729	1.39558	0.04275	p2
0.709071	-0.411258	1.29369	0.04275	p2
-0.625329	-1.11177	0.904186	0.04275	p2
-0.446141	-0.670879	1.47324	0.04275	p2
0.147039	1.46037	0.695468	0.04275	p2
1.65919	-0.576584	-0.0160373	0.04275	p2
-0.167946	-0.714305	-1.23123	0.04275	p2
-1.0157	-0.218893	-1.23372	0.04275	p2
-0.158376	-0.204623	1.55895	0.04275	p2
0.255137	0.513393	1.65929	0.04275	p2
-1.00213	1.25503	-0.501787	0.04275	p2
-0.61111	-0.931289	1.10166	0.04275	p2
0.487092	1.41087	-0.217331	0.04275	p2
-1.02083	1.36423	-0.140478	0.04275	p2
1.25163	-0.626383	0.665801	0.04275	p2
-0.594421	-0.233214	1.37734	0.04275	p2
0.791281	-0.381891	1.49454	0.04275	p2
1.65162	-0.271825	0.494187	0.04275	p2
-0.0275126	1.0047	-1.2189	0.04275	p2
1.20542	-0.863087	0.712249	0.04275	p2
1.66768	-0.24809	0.237705	0.04275	p2
-1.12296	1.06953	-0.0525145	0.04275	p2
-1.06267	0.56054	-1.13286	0.04275	p2
0.792804	-1.3674	0.419327	0.04275	p2
-0.358488	1.34722	0.773577	0.04275	p2
-1.23229	1.09723	-0.0708299	0.04275	p2
1.12268	-0.162202	1.17481	0.04275	p2
1.20304	0.562298	-0.895612	0.04275	p2
0.25031	-1.43179	-0.585235	0.04275	p2
-1.05097	-1.15934	-0.451837	0.04275	p2
0.974498	-1.23784	-0.418405	0.04275	p2
1.55829	0.379861	0.169876	0.04275	p2
-0.264085	0.941505	-1.38863	0.04275	p2
-0.94206	-1.07246	-0.439065	0.04275	p2
1.49047	-0.627407	-0.34458	0.04275	p2
1.60523	0.315971	0.635554	0.04275	p2
-0.994671	-0.785353	1.04183	0.04275	p2
-0.519116	0.323131	1.40939	0.04275	p2
-1.3822	0.213209	-0.689898	0.04275	p2
-0.275007	1.50764	-0.825493	0.04275	p2
1.09219	-1.20181	-0.275454	0.04275	p2
-1.44015	0.0891366	0.800961	0.04275	p2
0.404789	1.53944	0.483482	0.04275	p2
1.4206	0.484768	-0.20564	0.04275	p2
-0.211001	-0.0703836	1.61364	0.04275	p2
-0.980389	-0.158286	1.28568	0.04275	p2
0.929189	-0.21163	1.05975	0.04275	p2
-0.371883	-1.44867	-0.614231	0.04275	p2
-0.752758	0.426562	1.33273	0.04275	p2
-0.366766	-0.209168	-1.5256	0.04275	p2
-1.34965	-0.0448699	0.462852	0.04275	p2
-1.29858	0.445053	0.622496	0.04275	p2
-0.944572	0.908582	-1.12749	0.04275	p2
-1.33645	0.846638	0.081123	0.04275	p2
1.31927	0.836836	0.408087	0.04275	p2
1.48842	0.151274	-0.016115	0.04275	p2
-0.732844	1.10323	-0.958818	0.04275	p2
-1.03274	-0.0686541	1.34137	0.04275	p2
-0.910045	-0.660175	0.96701	0.04275	p2
0.605799	0.70042	1.28785	0.04275	p2
-1.24067	-0.940067	-0.025622	0.04275	p2
0.016352	-1.42445	0.58601	0.04275	p2
0.299759	1.58711	0.455559	0.04275	p2
0.942897	1.18818	0.663516	0.04275	p2
1.05944	-7.17467e-05	0.975961	0.04275	p2
0.764878	0.718382	1.01353	0.04275	p2
-1.03195	0.357336	1.33215	0.04275	p2
0.802139	-0.647446	-1.17849	0.04275	p2
-1.48858	-0.380743	-0.368737	0.04275	p2
-0.0764561	-1.32191	1.15266	0.04275	p2
0.569164	-1.24103	0.485449	0.04275	p2
1.44075	-0.0136729	0.370421	0.04275	p2
0.859439	0.5584	-1.42715	0.04275	p2
-0.0120948	1.54544	0.0437521	0.04275	p2
0.359475	-1.37786	0.0264224	0.04275	p2
0.72319	-0.982701	-0.885588	0.04275	p2
-1.19942	-0.60833	0.834878	0.04275	p2
0.582685	-0.84593	-1.21142	0.04275	p2
0.41508	-1.23946	-0.984252	0.04275	p2
-0.626348	-0.736701	1.39325	0.04275	p2
0.13252	-1.56719	0.0864934	0.04275	p2
-1.3855	-0.0721855	-0.404029	0.04275	p2
-0.532646	-1.29075	0.29319	0.04275	p2
1.52299	0.677999	0.355864	0.04275	p2
0.985203	1.25698	0.166922	0.04275	p2
1.42117	-0.677756	-0.441519	0.04275	p2
1.05602	1.21695	-0.45184	0.04275	p2
-0.534232	0.608633	1.30897	0.04275	p2
1.6265	0.24179	0.276517	0.04275	p2
1.14308	-1.19601	-0.175583	0.04275	p2
-0.310873	-1.28593	-0.89577	0.04275	p2
0.999574	-0.76384	-1.12069	0.04275	p2
-0.651631	1.00006	1.03552	0.04275	p2
-0.00633409	-1.66272	-0.191009	0.04275	p2
-0.910612	-0.185833	-1.43181	0.04275	p2
-1.17882	-0.961637	0.043827	0.04275	p2
-0.596109	1.00567	1.24233	0.04275	p2
-0.73099	-0.781519	0.959901	0.04275	p2
1.05912	-1.19318	-0.15205	0.04275	p2
1.20487	0.270697	1.12732	0.04275	p2
1.13278	0.442764	-0.926403	0.04275	p2
0.650705	0.242974	-1.30574	0.04275	p2
1.32916	0.943805	-0.313757	0.04275	p2
1.59156	0.426358	0.238328	0.04275	p2
-1.69548	0.135115	0.0835383	0.04275	p2
1.42638	0.833241	-0.181764	0.04275	p2
-0.749261	1.08944	-0.738978	0.04275	p2
-0.539838	-1.63692	0.308498	0.04275	p2
-1.43647	0.234849	0.121934	0.04275	p2
-0.664247	1.33809	-0.641835	0.04275	p2
0.405216	1.13427	0.999082	0.04275	p2
0.240109	1.68159	-0.446889	0.04275	p2
0.445847	0.226508	-1.37231	0.04275	p2
0.854831	1.24089	-0.478457	0.04275	p2
0.571723	-0.454163	1.34787	0.04275	p2
0.257249	0.555533	1.56254	0.04275	p2
-1.25814	-0.69066	-0.508731	0.04275	p2
0.126644	-0.942205	1.4273	0.04275	p2
-1.17942	-0.610829	0.644839	0.04275	p2
-0.977947	0.979869	0.366526	0.04275	p2
-0.258051	-1.36608	-0.382828	0.04275	p2
-1.56031	-0.42418	-0.298802	0.04275	p2
1.38947	0.667479	-0.316512	0.04275	p2
0.184063	-1.60095	-0.548267	0.04275	p2
-0.233974	1.12329	-1.066	0.04275	p2
0.728104	-1.52742	0.275071	0.04275	p2
0.7712	0.893324	1.06989	0.04275	p2
-0.186738	0.0114596	-1.54926	0.04275	p2
-1.0432	-0.20929	-1.37878	0.04275	p2
1.5984	-0.166098	-0.701859	0.04275	p2
0.628741	1.26897	0.634111	0.04275	p2
0.395025	-0.514883	-1.4509	0.04275	p2
-0.508935	-1.30902	-0.901829	0.04275	p2
-1.5157	0.400429	0.199191	0.04275	p2
0.568268	1.13267	-0.69228	0.04275	p2
-1.3541	-0.189408	0.865375	0.04275	p2
0.729919	-0.225593	-1.53714	0.04275	p2
0.742516	0.929823	-1.14781	0.04275	p2
-0.199529	1.39626	-1.03209	0.04275	p2
-1.62946	-0.473569	-0.00496871	0.04275	p2
-0.0615119	-1.26281	0.678813	0.04275	p2
-1.15849	-0.182323	1.2966	0.04275	p2
-0.919523	-1.02553	0.677442	0.04275	p2
-0.402127	-1.6764	-0.287226	0.04275	p2
-0.773576	-0.480863	1.17796	0.04275	p2
-0.184484	-0.630672	-1.51531	0.04275	p2
0.80085	-1.33233	-0.764674	0.04275	p2
-1.03812	0.509723	-1.23654	0.04275	p2
1.34857	-0.595914	-0.096337	0.04275	p2
0.0569705	-0.830539	-1.16953	0.04275	p2
0.177403	-1.46694	-0.269023	0.04275	p2
-0.670647	0.937602	-1.3008	0.04275	p2
-0.570172	-0.724509	-1.11247	0.04275	p2
-0.838037	-1.52529	0.131357	0.04275	p2
0.218238	-1.66096	0.0703957	0.04275	p2
1.34529	0.0253641	1.12296	0.04275	p2
1.16544	-0.503013	-0.823106	0.04275	p2
0.965671	1.12443	0.809287	0.04275	p2
0.245486	-0.866955	1.38303	0.04275	p2
-0.31606	0.661619	-1.24335	0.04275	p2
0.261291	-0.728302	-1.44013	0.04275	p2
-0.965273	1.14331	0.72473	0.04275	p2
-0.333728	0.522641	1.37836	0.04275	p2
-1.00777	0.732214	0.922402	0.04275	p2
-1.17814	-0.77256	-0.442674	0.04275	p2
-1.06056	0.194171	1.24916	0.04275	p2
0.520043	0.640672	1.33887	0.04275	p2
0.449213	1.02934	0.976286	0.04275	p2
1.16784	0.871076	-0.0232425	0.04275	p2
-0.657789	-0.686698	1.31726	0.04275	p2
-1.35031	0.729999	0.0390629	0.04275	p2
-1.61768	0.458735	0.161099	0.04275	p2
-1.41543	0.214894	-0.191856	0.04275	p2
-0.821087	-0.286206	-1.40455	0.04275	p2
-0.941192	-0.442767	-1.41218	0.04275	p2
-0.40437	1.11698	0.796829	0.04275	p2
-1.29792	0.0523844	-1.14538	0.04275	p2
0.793154	0.684839	-1.16642	0.04275	p2
-0.280385	1.48277	-0.0837663	0.04275	p2
1.49744	0.726985	0.196211	0.04275	p2
1.43187	-0.0288985	-0.70844	0.04275	p2
-0.440438	1.54355	-0.0837346	0.04275	p2
1.00841	-0.0934751	-1.30154	0.04275	p2
1.60368	-0.550008	-0.291299	0.04275	p2
-1.53847	0.143354	-0.791557	0.04275	p2
-0.767327	-1.03829	-1.09254	0.04275	p2
0.728293	-0.64255	1.18396	0.04275	p2
-1.00172	0.870844	-1.01992	0.04275	p2
-0.00166951	-1.48721	0.699794	0.04275	p2
0.087556	0.170055	-1.50632	0.04275	p2
0.987667	-0.15038	-1.14229	0.04275	p2
-1.09879	1.15627	0.712166	0.04275	p2
-0.588354	-0.442298	-1.22702	0.04275	p2
-0.175703	1.42113	0.422498	0.04275	p2
-0.522883	1.38361	0.41824	0.04275	p2
0.767441	1.53724	-0.351622	0.04275	p2
-0.852064	-1.28442	-0.256749	0.04275	p2
-0.634561	0.719722	-1.20761	0.04275	p2
-0.76641	1.2687	-0.6656	0.04275	p2
-1.25815	0.345648	-1.16669	0.04275	p2
-1.30322	0.527187	-0.587054	0.04275	p2
1.3456	0.543619	-0.911172	0.04275	p2
0.674586	0.611092	-1.42377	0.04275	p2
-0.909536	0.817055	-0.783287	0.04275	p2
0.08004	1.37493	0.484969	0.04275	p2
0.00563918	-0.0769429	1.63644	0.04275	p2
-0.0917527	0.967765	-1.05775	0.04275	p2
-0.193433	1.52608	-0.316532	0.04275	p2
1.50517	-0.166739	-0.550724	0.04275	p2
0.377127	1.05443	1.26134	0.04275	p2
-1.25706	-0.100518	-1.00392	0.04275	p2
0.056422	-1.15301	-1.31072	0.04275	p2
0.00389174	-1.46213	-0.14296	0.04275	p2
0.756029	0.712794	1.3032	0.04275	p2
1.10459	-1.00408	0.434351	0.04275	p2
-0.448606	-1.2477	1.14528	0.04275	p2
-0.559638	1.13273	-0.711018	0.04275	p2
-1.70409	-0.0482933	0.307774	0.04275	p2
0.705182	0.838917	-1.35821	0.04275	p2
1.3473	0.124087	-0.953449	0.04275	p2
0.820944	-1.22921	0.232904	0.04275	p2
0.731047	-1.56286	0.0927768	0.04275	p2
0.074173	-0.0535441	-1.60369	0.04275	p2
1.66805	0.45874	0.287268	0.04275	p2
-0.0313988	-1.11421	-1.29777	0.04275	p2
-0.992246	0.682033	-0.867333	0.04275	p2
-0.916924	-1.12397	0.657805	0.04275	p2
1.34541	-1.05398	-0.275906	0.04275	p2
1.39489	-0.519992	0.376984	0.04275	p2
0.984979	-1.02437	-0.863156	0.04275	p2
-0.450869	1.32541	-0.713781	0.04275	p2
-0.412345	-1.14625	1.14568	0.04275	p2
0.738259	-0.151673	1.5023	0.04275	p2
-1.52607	-0.130957	-0.630989	0.04275	p2
-1.46702	0.155063	0.459204	0.04275	p2
1.37075	-0.662924	0.437184	0.04275	p2
-0.76188	1.23535	0.0483268	0.04275	p2
-0.792218	-0.822092	1.24469	0.04275	p2
1.15407	1.01456	-0.282459	0.04275	p2
1.47801	0.06043	-0.947837	0.04275	p2
-0.0525643	1.06844	-1.12907	0.04275	p2
-1.48412	0.488814	0.369508	0.04275	p2
0.353771	1.19769	0.842569	0.04275	p2
-1.30556	0.655206	-0.111854	0.04275	p2
0.594017	-1.51	0.20301	0.04275	p2
-0.556383	-0.602525	1.19009	0.04275	p2
0.674726	-1.41669	-0.537357	0.04275	p2
0.502708	-0.089383	-1.40025	0.04275	p2
0.214625	-1.01292	1.40306	0.04275	p2
1.09684	0.748269	0.534008	0.04275	p2
0.385323	0.122535	1.6786	0.04275	p2
-0.061049	-1.6129	0.32346	0.04275	p2
-1.33855	0.359933	0.676416	0.04275	p2
0.324226	0.929119	-1.06939	0.04275	p2
-0.79156	-0.470536	-1.1916	0.04275	p2
-0.717224	-1.37153	0.558696	0.04275	p2
0.624059	1.5622	-0.0589311	0.04275	p2
-1.67169	-0.27947	0.406709	0.04275	p2
-1.55107	-0.0855906	0.405164	0.04275	p2
1.17905	-0.558334	-0.582015	0.04275	p2
1.19799	0.330271	0.916907	0.04275	p2
-0.634671	1.29445	0.295285	0.04275	p2
-1.49964	-0.435289	-0.226331	0.04275	p2
-1.02844	-1.32768	-0.304204	0.04275	p2
-0.184278	-1.61208	-0.122304	0.04275	p2
1.37778	-0.66803	0.117452	0.04275	p2
-1.08011	-0.220497	1.21149	0.04275	p2
0.748723	-0.714479	-1.23116	0.04275	p2
-0.108423	-1.71337	-0.360032	0.04275	p2
1.21839	0.483648	-0.996004	0.04275	p2
0.0866485	-0.355666	1.68092	0.04275	p2
1.57669	-0.638282	-0.38919	0.04275	p2
-0.0170435	1.50241	0.715533	0.04275	p2
1.26861	0.700432	0.853416	0.04275	p2
1.2641	1.0684	0.27947	0.04275	p2
-0.893856	1.15652	0.482677	0.04275	p2
0.550427	-0.176328	1.54068	0.04275	p2
-0.961824	-1.28607	-0.342489	0.04275	p2
0.257124	1.31104	-0.733786	0.04275	p2
1.05974	0.746952	1.16169	0.04275	p2
-1.27544	-0.441414	0.715968	0.04275	p2
0.248001	-1.28674	0.743501	0.04275	p2
0.308511	-1.6855	-0.33851	0.04275	p2
-0.778813	0.134527	1.39508	0.04275	p2
0.768831	1.11189	-0.975639	0.04275	p2
-0.941393	0.00824819	1.11095	0.04275	p2
0.981399	-1.30192	-0.63913	0.04275	p2
-0.93808	0.648401	-1.0742	0.04275	p2
0.553029	1.10808	1.07345	0.04275	p2
-0.678114	0.669306	-1.43424	0.04275	p2
0.678554	0.999856	0.777553	0.04275	p2
1.26513	0.536976	-0.507168	0.04275	p2
0.0876951	1.45039	0.901918	0.04275	p2
-0.239861	-1.29285	0.580283	0.04275	p2
1.63118	-0.254168	-0.15421	0.04275	p2
1.26801	0.536323	-0.731537	0.04275	p2
1.0695	-0.526644	1.18753	0.04275	p2
-0.885831	1.41676	0.0700152	0.04275	p2
-1.34414	0.701996	-0.348946	0.04275	p2
0.891668	-1.28999	-0.762613	0.04275	p2
0.275695	0.18909	-1.39721	0.04275	p2
1.07461	-1.05964	-0.191369	0.04275	p2
-1.21404	-0.615179	-0.661429	0.04275	p2
-1.08655	0.979124	-0.531766	0.04275	p2
-0.806611	-0.0601514	-1.17889	0.04275	p2
1.07193	1.08042	0.798218	0.04275	p2
-1.13502	0.799259	-0.600394	0.04275	p2
-0.282551	1.03377	-1.01645	0.04275	p2
1.26247	0.179984	-0.939112	0.04275	p2
0.651017	-0.371424	1.55246	0.04275	p2
-0.189584	-0.0330886	1.4193	0.04275	p2
-0.318857	1.02949	1.07928	0.04275	p2
-1.59662	0.68629	0.0391884	0.04275	p2
-1.55386	0.455351	-0.383444	0.04275	p2
0.633699	1.37426	-0.0648415	0.04275	p2
-0.390372	1.03308	1.16161	0.04275	p2
-1.04302	-1.30839	0.0651861	0.04275	p2
-0.126105	1.42512	-0.0440786	0.04275	p2
-0.691562	-0.735568	-1.06031	0.04275	p2
1.64875	-0.289807	0.373746	0.04275	p2
-0.336198	-0.402315	1.46653	0.04275	p2
0.651585	-0.766891	-1.36823	0.04275	p2
0.449512	-1.35425	0.666339	0.04275	p2
0.26367	-0.72867	-1.25149	0.04275	p2
-0.861915	-0.721737	1.05534	0.04275	p2
-0.153432	1.40201	-0.205955	0.04275	p2
0.49682	-1.67301	0.0827395	0.04275	p2
0.791325	1.22509	0.156488	0.04275	p2
1.0895	1.19326	0.135951	0.04275	p2
-0.519597	-0.777936	1.08909	0.04275	p2
0.456681	-1.28188	-0.896556	0.04275	p2
-0.922375	0.340203	1.12111	0.04275	p2
-1.20372	0.395245	-0.718393	0.04275	p2
0.150178	1.33103	0.577726	0.04275	p2
-1.1757	-0.0357095	-1.27189	0.04275	p2
0.791685	1.52261	-0.0101594	0.04275	p2
0.994536	0.998861	-0.291586	0.04275	p2
-0.542407	0.963945	-1.08158	0.04275	p2
0.114426	0.675406	1.47306	0.04275	p2
-0.815315	1.16662	0.123084	0.04275	p2
0.0222933	0.631378	1.27927	0.04275	p2
-0.306729	-1.29326	-1.03144	0.04275	p2
0.260973	1.30182	1.08851	0.04275	p2
1.69154	-0.390881	0.098406	0.04275	p2
-1.1569	-0.0102117	0.864319	0.04275	p2
0.472339	0.518736	-1.50979	0.04275	p2
-0.285803	-0.860067	-1.12647	0.04275	p2
0.75448	0.158611	1.56978	0.04275	p2
1.55432	-0.401383	-0.560754	0.04275	p2
1.42572	-0.350241	0.499641	0.04275	p2
1.13817	0.855248	0.932691	0.04275	p2
1.03657	-1.09495	0.544118	0.04275	p2
1.05806	0.140178	-0.955361	0.04275	p2
1.12379	0.966027	0.779429	0.04275	p2
-1.33972	0.883299	-0.475992	0.04275	p2
-0.259192	0.195447	1.49242	0.04275	p2
0.732872	-0.440457	-1.44723	0.04275	p2
-0.207662	0.0914237	1.51273	0.04275	p2
-1.50913	-0.339765	0.289118	0.04275	p2
0.775237	-0.897639	-1.25702	0.04275	p2
1.49135	-0.382963	0.784355	0.04275	p2
-0.498245	1.65264	-0.159282	0.04275	p2
-0.411286	-0.798048	1.23945	0.04275	p2
0.320453	1.51188	-0.368085	0.04275	p2
-0.531903	1.46505	0.799848	0.04275	p2
0.889983	1.36906	0.641535	0.04275	p2
0.168977	-1.00992	1.04034	0.04275	p2
-1.38143	-1.0742	-0.0360422	0.04275	p2
1.34424	-0.72294	-0.27382	0.04275	p2
-0.155936	-1.3441	0.958861	0.04275	p2
0.167518	0.403718	-1.50428	0.04275	p2
0.334846	0.0881422	1.47142	0.04275	p2
-0.995068	-1.36784	0.415286	0.04275	p2
-0.473619	-0.195522	-1.38753	0.04275	p2
-0.998079	1.43779	-0.0502247	0.04275	p2
0.529219	0.959261	1.17699	0.04275	p2
0.256355	1.63474	-0.573815	0.04275	p2
0.567808	1.4444	-0.0544934	0.04275	p2
0.339181	1.42612	-0.950553	0.04275	p2
0.258987	1.53838	-0.311467	0.04275	p2
1.0604	1.00673	0.134921	0.04275	p2
1.49945	-0.498479	-0.661525	0.04275	p2
-1.14711	-1.04206	-0.0204198	0.04275	p2
-0.937673	-0.983365	0.885185	0.04275	p2
-1.4902	-0.671363	0.0253391	0.04275	p2
1.32049	0.969616	0.219607	0.04275	p2
0.731642	-0.976582	-1.21229	0.04275	p2
-0.447403	0.0981809	-1.40559	0.04275	p2
1.23861	0.87268	0.41333	0.04275	p2
1.49876	-0.605229	-0.143658	0.04275	p2
1.54867	0.2853	-0.765183	0.04275	p2
-1.66983	-0.274135	0.249276	0.04275	p2
1.28032	-0.296703	-1.03491	0.04275	p2
-1.31618	1.08158	0.37872	0.04275	p2
-0.733435	0.233409	-1.30501	0.04275	p2
-1.11062	-0.158322	1.02691	0.04275	p2
-0.607962	-1.13129	-1.03792	0.04275	p2
-1.48684	0.0635851	0.922207	0.04275	p2
0.858937	0.583357	-1.29836	0.04275	p2
1.14611	0.435758	1.14035	0.04275	p2
-0.298609	1.39173	0.00714837	0.04275	p2
0.465855	-0.448686	1.37127	0.04275	p2
0.600484	-0.0652821	-1.35276	0.04275	p2
-0.103094	1.53774	0.0167771	0.04275	p2
-0.751103	1.32034	-0.832679	0.04275	p2
0.00793388	-1.12259	1.1083	0.04275	p2
1.40054	0.231871	0.366108	0.04275	p2
-1.1154	0.916574	-0.610503	0.04275	p2
-0.0262394	0.82636	1.30442	0.04275	p2
-1.23022	-0.854046	0.793268	0.04275	p2
1.38138	-0.496847	-0.80117	0.04275	p2
-0.126744	0.924838	1.16046	0.04275	p2
0.223121	0.453671	-1.32999	0.04275	p2
0.631352	1.51779	-0.40411	0.04275	p2
-0.105301	1.01417	-1.33446	0.04275	p2
-1.36191	0.660809	-0.690673	0.04275	p2
-0.844888	1.38529	-0.225807	0.04275	p2
-0.587248	1.155	0.835331	0.04275	p2
0.427647	-0.866251	1.19478	0.04275	p2
0.81542	0.749442	-1.29653	0.04275	p2
-0.652118	-1.43436	0.239819	0.04275	p2
1.10186	0.325172	-1.14655	0.04275	p2
-0.525568	1.00072	1.06807	0.04275	p2
-0.398941	0.521057	-1.53961	0.04275	p2
-1.12054	-0.0625345	-1.33934	0.04275	p2
-1.34289	0.507619	-0.0226927	0.04275	p2
1.21307	-0.327949	-1.10472	0.04275	p2
0.380186	-0.105027	1.55311	0.04275	p2
-0.932172	-0.763316	-1.25401	0.04275	p2
1.39733	0.0906431	0.633209	0.04275	p2
0.972988	1.17539	-0.735178	0.04275	p2
-0.684678	0.362981	-1.22344	0.04275	p2
1.24047	-0.431379	-1.15889	0.04275	p2
-1.28526	1.04231	-0.562405	0.04275	p2
1.04295	1.1757	-0.573239	0.04275	p2
1.02752	-0.216179	1.36431	0.04275	p2
-0.509849	1.10131	-0.819426	0.04275	p2
1.34613	0.740029	0.809319	0.04275	p2
0.490776	0.205217	1.34332	0.04275	p2
1.16463	0.606332	1.09262	0.04275	p2
0.57634	-0.984001	1.0731	0.04275	p2
-0.198539	1.45646	-0.101253	0.04275	p2
1.34415	-0.970568	0.348727	0.04275	p2
-0.0669356	1.41281	-0.265443	0.04275	p2
0.841627	0.91964	0.985203	0.04275	p2
1.294	-0.132702	0.605319	0.04275	p2
-1.33184	-0.981537	0.503907	0.04275	p2
0.232769	1.677	-0.230071	0.04275	p2
0.540126	-0.882711	-1.3406	0.04275	p2
-0.873416	-0.0334453	-1.12697	0.04275	p2
-0.226038	1.37489	0.56013	0.04275	p2
0.549577	0.936533	1.36468	0.04275	p2
0.658612	0.429638	-1.40383	0.04275	p2
-0.952088	-1.00878	0.976175	0.04275	p2
-1.15453	0.167951	0.971326	0.04275	p2
0.676946	-1.41098	-0.000516171	0.04275	p2
0.310469	-1.17787	-0.750742	0.04275	p2
0.467971	1.22319	-0.668329	0.04275	p2
1.03214	-0.476561	-1.11093	0.04275	p2
-0.724359	0.597178	-1.31563	0.04275	p2
0.969992	0.334969	-1.1331	0.04275	p2
-0.48675	1.30682	-0.811737	0.04275	p2
-1.1294	0.51438	1.1335	0.04275	p2
0.588697	0.895329	0.955916	0.04275	p2
1.48846	-0.0750666	-0.111423	0.04275	p2
-1.31107	0.380067	0.795578	0.04275	p2
-0.32288	-0.652027	1.3122	0.04275	p2
-0.54283	-1.51568	0.557346	0.04275	p2
-0.963334	1.20326	-0.113856	0.04275	p2
0.0453938	-0.525738	1.45348	0.04275	p2
-1.69085	0.0155486	-0.190803	0.04275	p2
0.261191	-1.34808	1.08389	0.04275	p2
-1.59827	-0.558803	-0.382122	0.04275	p2
-0.285259	-0.138458	-1.6449	0.04275	p2
1.0685	-0.89566	0.679546	0.04275	p2
-0.360887	-1.63906	0.168468	0.04275	p2
1.61545	0.186228	-0.41503	0.04275	p2
0.582494	0.134456	-1.30813	0.04275	p2
1.59875	0.304409	0.349551	0.04275	p2
0.93773	-0.997822	0.442165	0.04275	p2
0.628325	1.28887	-0.239525	0.04275	p2
-0.680299	1.29207	-0.0233632	0.04275	p2
1.15674	0.140768	-1.15528	0.04275	p2
-1.59945	0.523073	-0.282075	0.04275	p2
0.215885	-1.52875	0.0631167	0.04275	p2
-0.358921	0.918797	-1.03832	0.04275	p2
0.87468	-1.00538	0.999109	0.04275	p2
-1.02601	0.753446	-1.08195	0.04275	p2
-0.477294	-1.53388	-0.145349	0.04275	p2
0.639567	-1.55001	0.417227	0.04275	p2
0.9911	0.441731	-0.927761	0.04275	p2
1.55477	-0.571614	-0.48056	0.04275	p2
1.70376	0.102231	-0.0852256	0.04275	p2
-0.728362	0.799769	-1.30416	0.04275	p2
0.563069	-0.520915	-1.43918	0.04275	p2
-0.35112	-0.8768	1.32579	0.04275	p2
0.384433	1.4358	-0.382281	0.04275	p2
0.79128	0.337828	-1.14811	0.04275	p2
0.889297	0.560625	-0.996079	0.04275	p2
-0.78607	0.969555	1.08122	0.04275	p2
-0.151278	1.44595	-0.607793	0.04275	p2
-1.39397	-0.171958	0.379768	0.04275	p2
-1.06098	0.991638	-0.254356	0.04275	p2
0.522051	-0.96995	0.997976	0.04275	p2
0.285501	0.274462	1.42298	0.04275	p2
1.05568	-0.992555	-0.818283	0.04275	p2
0.907669	1.23445	-0.739692	0.04275	p2
0.359078	-1.38447	0.974169	0.04275	p2
-1.17845	-1.03852	0.658991	0.04275	p2
0.235635	-0.176943	1.67447	0.04275	p2
-0.546045	-0.33171	-1.37168	0.04275	p2
0.648376	1.6216	-0.120385	0.04275	p2
1.46467	0.111302	0.829184	0.04275	p2
1.51995	-0.0785799	0.467219	0.04275	p2
-0.683679	-1.26181	0.470061	0.04275	p2
0.206871	1.22002	-0.878489	0.04275	p2
-0.810555	-0.569162	-1.2345	0.04275	p2
-0.418699	1.43358	-0.51557	0.04275	p2
1.34757	-0.840612	-0.453842	0.04275	p2
-1.21986	0.753652	-0.301821	0.04275	p2
-1.07898	-1.23154	0.428092	0.04275	p2
0.91606	-0.37882	1.43631	0.04275	p2
1.2551	0.836695	-0.0211215	0.04275	p2
-1.57729	-0.211296	0.454098	0.04275	p2
0.871479	0.287678	-1.17882	0.04275	p2
-1.46772	-0.685687	-0.557563	0.04275	p2
0.458793	-1.20247	0.645861	0.04275	p2
0.0557398	1.53404	-0.269017	0.04275	p2
-1.08146	-0.926377	-0.100079	0.04275	p2
-0.168306	1.24527	-0.739987	0.04275	p2
1.43799	-0.13553	0.979036	0.04275	p2
1.71229	0.152919	0.185213	0.04275	p2
-0.507245	-0.458399	-1.60801	0.04275	p2
0.779925	1.42362	0.439929	0.04275	p2
0.372919	-1.52122	0.514777	0.04275	p2
-1.59245	-0.0628826	-0.627474	0.04275	p2
-0.15425	1.03657	1.16845	0.04275	p2
-1.11087	1.16826	-0.0518442	0.04275	p2
-0.674091	-0.145762	-1.57764	0.04275	p2
-0.950402	-1.33076	0.495639	0.04275	p2
1.28321	-0.498364	0.52402	0.04275	p2
1.01917	0.204983	-1.26479	0.04275	p2
-1.0685	-1.31566	-0.0983932	0.04275	p2
-0.41162	0.668068	-1.19241	0.04275	p2
1.09514	0.661062	0.651342	0.04275	p2
0.316017	-0.323977	-1.5777	0.04275	p2
0.918382	-1.04078	0.740349	0.04275	p2
0.0338997	-0.488475	-1.55461	0.04275	p2
-0.450973	0.112549	-1.69011	0.04275	p2
-1.20159	0.0275609	1.25738	0.04275	p2
-0.831004	0.584526	-1.33765	0.04275	p2
-0.799969	-0.926834	-1.15194	0.04275	p2
-1.34157	-0.665533	-0.473669	0.04275	p2
0.152062	1.54355	0.192122	0.04275	p2
-1.34257	0.777186	-0.611079	0.04275	p2
-0.313756	-1.04868	1.07285	0.04275	p2
1.24315	0.444044	0.53323	0.04275	p2
1.5178	0.105862	-0.154767	0.04275	p2
-0.00303044	1.60945	-0.362265	0.04275	p2
-0.793014	0.900863	1.13888	0.04275	p2
-0.110279	0.406773	-1.46029	0.04275	p2
1.16506	0.916869	0.459708	0.04275	p2
-1.49119	0.204644	-0.00250211	0.04275	p2
0.067598	0.912724	-1.2383	0.04275	p2
-0.777426	-1.51638	-0.211989	0.04275	p2
-0.346804	1.5659	-0.0121068	0.04275	p2
-0.216486	1.71745	-0.288324	0.04275	p2
0.175851	-1.07278	1.13136	0.04275	p2
-0.94773	-0.910572	0.784122	0.04275	p2
-0.473976	-0.758218	-1.49258	0.04275	p2
0.23681	1.34964	-1.08221	0.04275	p2
0.439433	-1.33221	-0.251942	0.04275	p2
1.2854	0.801258	0.824408	0.04275	p2
-0.230626	1.42333	-0.461128	0.04275	p2
-0.000745164	-0.158167	-1.44975	0.04275	p2
0.581781	-0.702048	-1.48934	0.04275	p2
1.11939	-0.646734	-1.10048	0.04275	p2
1.40758	-0.653447	0.354143	0.04275	p2
0.892885	0.855435	0.909217	0.04275	p2
0.870414	0.883839	-0.850895	0.04275	p2
1.16841	-0.184713	-1.14408	0.04275	p2
-1.02831	-0.0440153	-1.19369	0.04275	p2
1.31243	0.110467	0.933312	0.04275	p2
-0.27797	0.455334	-1.33167	0.04275	p2
-1.28161	0.9477	-0.199195	0.04275	p2
0.106647	1.07256	1.37273	0.04275	p2
-1.05839	-0.993674	0.568739	0.04275	p2
-1.177	0.0303501	-0.822681	0.04275	p2
1.47006	0.921497	-0.046317	0.04275	p2
0.103254	-1.25112	1.10478	0.04275	p2
0.495843	0.785684	1.32533	0.04275	p2
-0.899157	1.39526	0.389637	0.04275	p2
0.0978229	1.09926	-1.22149	0.04275	p2
0.692554	-1.42692	-0.23655	0.04275	p2
0.525945	1.15053	0.992314	0.04275	p2
-0.477705	-0.0979084	1.59411	0.04275	p2
-1.29467	0.98475	0.151979	0.04275	p2
0.189649	-1.29315	0.617395	0.04275	p2
0.566804	-1.29822	0.255683	0.04275	p2
1.43914	0.413968	-0.795554	0.04275	p2
-1.32226	0.790074	-0.352503	0.04275	p2
-0.51294	-1.02267	-1.31776	0.04275	p2
0.764463	-0.32175	1.19405	0.04275	p2
-0.190577	1.21653	-0.838159	0.04275	p2
0.175949	-0.672553	-1.28334	0.04275	p2
-0.955971	-0.279745	1.0382	0.04275	p2
-0.702469	-0.0805788	1.42674	0.04275	p2
-0.423518	1.50822	-0.777635	0.04275	p2
-0.121556	0.772122	-1.36985	0.04275	p2
0.685138	1.42232	-0.45315	0.04275	p2
-1.13365	-0.905364	-0.166115	0.04275	p2
-0.441687	1.57688	-0.206308	0.04275	p2
-1.13405	-0.818674	0.986784	0.04275	p2
0.691308	1.06116	-0.817451	0.04275	p2
0.976904	0.858092	-0.844354	0.04275	p2
1.21968	0.925164	-0.150404	0.04275	p2
0.42375	1.1924	1.06762	0.04275	p2
-0.210894	1.53349	-0.0522066	0.04275	p2
-0.0467648	-0.231432	1.59024	0.04275	p2
1.17572	-0.0493168	-0.84557	0.04275	p2
0.609193	-0.76812	1.03492	0.04275	p2
-0.935133	1.06004	-0.310582	0.04275	p2
-0.0994297	0.402791	1.64556	0.04275	p2
0.242525	1.44172	0.081975	0.04275	p2
-1.53884	0.0851626	-0.0253249	0.04275	p2
1.28729	-0.286119	1.05332	0.04275	p2
-0.719849	-0.398122	-1.17256	0.04275	p2
-0.75635	1.49355	0.383411	0.04275	p2
-0.0797489	1.44796	0.757479	0.04275	p2
-1.09711	1.00087	-0.643727	0.04275	p2
-0.325183	0.934031	-1.27631	0.04275	p2
1.53269	-0.138901	0.588012	0.04275	p2
-1.1416	-0.25943	-1.14295	0.04275	p2
0.168658	-1.25593	0.923125	0.04275	p2
1.05002	0.0846132	-1.20771	0.04275	p2
-1.49217	-0.367344	0.105809	0.04275	p2
0.0783219	0.182217	-1.68379	0.04275	p2
0.0453023	1.5992	0.298962	0.04275	p2
-0.211235	0.243903	1.54567	0.04275	p2
0.894484	-0.650338	-1.11977	0.04275	p2
-0.601127	1.33547	-0.487939	0.04275	p2
0.3207	0.348954	1.53958	0.04275	p2
-1.21262	-0.0366459	-1.12956	0.04275	p2
1.25132	0.148095	0.71707	0.04275	p2
-0.423546	-1.51465	0.761772	0.04275	p2
0.510403	1.52312	0.471333	0.04275	p2
-0.497827	1.01041	-0.89062	0.04275	p2
-0.84523	1.29925	0.357503	0.04275	p2
-0.490136	-1.44795	-0.365532	0.04275	p2
1.55231	-0.362098	0.269463	0.04275	p2
0.779923	-0.497354	-1.28657	0.04275	p2
-0.721757	1.45896	-0.334841	0.04275	p2
1.54816	-0.207199	-0.642553	0.04275	p2
-1.21413	-0.194971	-1.06002	0.04275	p2
0.933716	1.25324	-0.530022	0.04275	p2
-1.24032	-1.10979	-0.447281	0.04275	p2
-1.73606	-0.0833403	-0.0992825	0.04275	p2
0.728757	-0.0416304	1.57266	0.04275	p2
-0.862687	1.25781	0.611439	0.04275	p2
0.979215	1.36363	0.286021	0.04275	p2
0.961955	0.224266	-1.36682	0.04275	p2
-0.238881	1.48603	0.376631	0.04275	p2
0.844424	1.31034	-0.234397	0.04275	p2
-0.414408	1.33375	-1.00998	0.04275	p2
0.643612	-0.83086	0.977935	0.04275	p2
0.424027	1.12527	-1.24824	0.04275	p2
1.23965	0.564165	1.08025	0.04275	p2
0.824516	-1.02832	0.635211	0.04275	p2
-0.653284	0.885602	1.316	0.04275	p2
-1.32909	0.334202	1.01644	0.04275	p2
-0.26281	1.37353	-0.330092	0.04275	p2
1.54083	-0.331407	-0.41656	0.04275	p2
-0.574763	-0.161918	-1.4423	0.04275	p2
0.387279	-0.335606	1.59732	0.04275	p2
-0.725128	1.45354	0.293145	0.04275	p2
-0.442621	-0.559714	1.44563	0.04275	p2
-1.4682	-0.137841	0.867825	0.04275	p2
-1.1537	-1.01212	0.736851	0.04275	p2
-0.190466	-1.25895	-0.994435	0.04275	p2
0.703965	-0.344435	1.39864	0.04275	p2
1.14696	-0.911114	0.0385293	0.04275	p2
0.307918	-1.44544	0.273991	0.04275	p2
-1.60096	-0.218918	-0.478775	0.04275	p2
-0.830667	-1.23681	-0.880158	0.04275	p2
1.3821	-0.453975	-0.0203976	0.04275	p2
0.685736	0.573604	1.47059	0.04275	p2
-0.182463	-0.00310621	1.5445	0.04275	p2
1.12674	1.21299	-0.587726	0.04275	p2
-1.26169	0.45855	-1.12185	0.04275	p2
-0.314294	0.443145	-1.47954	0.04275	p2
0.00163007	0.388152	1.68099	0.04275	p2
-0.876659	-1.09077	1.04645	0.04275	p2
0.745327	-0.869996	1.28062	0.04275	p2
1.04872	0.446592	1.07078	0.04275	p2
-1.03856	-1.25817	-0.506915	0.04275	p2
1.30997	-0.339004	-0.579826	0.04275	p2
0.340678	1.01238	1.3769	0.04275	p2
1.14377	0.746008	0.73537	0.04275	p2
1.42632	-0.0448606	0.112727	0.04275	p2
-0.39689	0.120708	1.38681	0.04275	p2
-1.21815	-0.940857	-0.207963	0.04275	p2
0.129809	1.24207	1.10993	0.04275	p2
-1.12125	1.29681	-0.292349	0.04275	p2
0.898849	-1.27251	0.157146	0.04275	p2
0.440266	0.238214	1.45537	0.04275	p2
0.640868	0.0161555	1.3554	0.04275	p2
-0.64526	0.748241	-1.0445	0.04275	p2
0.281061	-0.218113	1.58071	0.04275	p2
0.445227	1.21797	-1.1565	0.04275	p2
0.785613	1.08062	-0.599351	0.04275	p2
-1.11321	0.188927	1.32005	0.04275	p2
-0.820568	-1.46831	-0.477968	0.04275	p2
0.19994	1.43562	0.273454	0.04275	p2
1.41595	-0.819489	-0.541775	0.04275	p2
-1.30795	0.0169556	1.15369	0.04275	p2
-0.130642	-0.0346479	-1.4218	0.04275	p2
1.646	-0.138982	-0.443909	0.04275	p2
-1.07044	-0.646988	1.21971	0.04275	p2
1.0267	0.893941	-0.444972	0.04275	p2
-0.586102	-0.0444591	-1.44115	0.04275	p2
-1.24527	-0.840018	-0.383618	0.04275	p2
-0.0416967	0.808566	-1.55505	0.04275	p2
-1.21834	-0.720428	-0.837073	0.04275	p2
1.40909	0.0834543	-0.897534	0.04275	p2
-1.37487	-0.305346	0.624077	0.04275	p2
0.464467	-1.38237	0.849421	0.04275	p2
0.507153	-1.46039	-0.663569	0.04275	p2
1.38966	-0.6979	-0.358863	0.04275	p2
-1.05569	0.268657	-0.917748	0.04275	p2
-0.83416	-1.05429	-0.486132	0.04275	p2
-1.0931	0.545311	0.805839	0.04275	p2
0.12802	1.1918	0.834066	0.04275	p2
-0.0196776	1.39911	-0.942458	0.04275	p2
-1.09296	-0.988308	0.264253	0.04275	p2
-1.4618	-0.715049	0.288631	0.04275	p2
1.07741	-1.35219	0.188481	0.04275	p2
1.41287	0.201995	0.0623265	0.04275	p2
-0.943784	1.37724	0.170278	0.04275	p2
0.0651411	-1.52601	0.860555	0.04275	p2
1.17572	0.847558	0.662195	0.04275	p2
0.643869	-1.52945	-0.339802	0.04275	p2
1.23653	-0.227052	-0.776673	0.04275	p2
-0.162834	-0.687418	1.36575	0.04275	p2
-1.3245	-0.512633	0.502632	0.04275	p2
1.17364	-0.80838	0.0308197	0.04275	p2
-1.08323	-1.07287	-0.831389	0.04275	p2
0.0710335	-1.53117	0.139079	0.04275	p2
1.01895	1.25933	-0.569224	0.04275	p2
0.217368	-1.40387	-0.159127	0.04275	p2
-0.623403	1.45377	-0.492921	0.04275	p2
-0.131548	-0.278038	1.39509	0.04275	p2
0.156754	1.63592	0.1484	0.04275	p2
-0.875742	0.341226	1.20189	0.04275	p2
0.73279	-1.04152	0.75173	0.04275	p2
0.472348	-1.64604	0.320028	0.04275	p2
-1.41067	0.143567	-0.763737	0.04275	p2
0.890642	0.417804	-1.16791	0.04275	p2
-1.4299	-0.0173865	-0.0357235	0.04275	p2
0.194717	1.03012	1.38386	0.04275	p2
0.444309	0.219236	-1.56998	0.04275	p2
-0.411625	1.34181	0.697576	0.04275	p2
-0.87644	-1.32353	0.226747	0.04275	p2
-0.987171	1.12304	0.505051	0.04275	p2
0.784931	1.39594	-0.0930531	0.04275	p2
1.06797	-0.932215	-0.966752	0.04275	p2
0.427204	1.46421	-0.649952	0.04275	p2
-0.513588	1.59318	0.0689431	0.04275	p2
-1.17047	0.890162	-0.936862	0.04275	p2
1.58932	0.436146	-0.133882	0.04275	p2
0.420328	-0.0373607	1.37779	0.04275	p2
0.586225	-1.35953	0.31867	0.04275	p2
0.409287	1.43536	0.910866	0.04275	p2
1.61421	0.577383	-0.236263	0.04275	p2
1.13061	-0.681196	-0.784475	0.04275	p2
-0.37579	-0.518937	-1.30093	0.04275	p2
0.972539	0.387089	1.38674	0.04275	p2
-0.948143	-1.32783	0.616463	0.04275	p2
-0.254171	1.36649	0.708239	0.04275	p2
1.0913	-0.858725	-0.506821	0.04275	p2
0.78744	-0.877083	0.851596	0.04275	p2
0.163508	0.00191127	-1.62989	0.04275	p2
-0.429399	0.785754	1.49785	0.04275	p2
-0.375888	1.5237	0.522253	0.04275	p2
1.35204	-0.760431	0.353766	0.04275	p2
1.35961	0.0508424	0.806133	0.04275	p2
-0.777124	0.898914	-1.09501	0.04275	p2
-0.433266	-1.04378	1.09702	0.04275	p2
-0.902496	0.927081	0.629164	0.04275	p2
-0.695097	1.39221	0.000624366	0.04275	p2
-1.15856	-0.499077	-0.821684	0.04275	p2
0.343813	1.42062	-0.651513	0.04275	p2
0.278988	-1.23458	0.672238	0.04275	p2
0.813511	1.41323	0.323091	0.04275	p2
-0.732152	1.45407	-0.572118	0.04275	p2
-0.195318	-1.61875	0.644608	0.04275	p2
-1.18426	0.775034	-0.689771	0.04275	p2
0.89731	-0.159144	-1.21865	0.04275	p2
0.672558	-1.45828	-0.150666	0.04275	p2
0.775853	-1.40468	-0.0666387	0.04275	p2
-0.252717	-1.29984	-0.829175	0.04275	p2
-0.236797	1.5433	-0.515822	0.04275	p2
1.72316	0.175307	-0.289202	0.04275	p2
-0.0551169	0.682546	-1.61692	0.04275	p2
1.41883	0.486678	0.324261	0.04275	p2
0.971591	1.45521	0.0111817	0.04275	p2
-0.886274	1.16993	0.350232	0.04275	p2
1.55674	0.47275	0.0680419	0.04275	p2
0.397415	1.62778	0.382468	0.04275	p2
0.0397192	-0.850256	1.22355	0.04275	p2
-0.968429	1.35623	0.00512526	0.04275	p2
-1.03441	1.03242	0.875393	0.04275	p2
1.35721	0.607024	0.209998	0.04275	p2
-0.0465353	1.59667	0.274202	0.04275	p2
-0.246353	1.09847	1.15053	0.04275	p2
0.440256	-0.985089	0.960667	0.04275	p2
-1.43604	-0.551869	0.0745794	0.04275	p2
0.370502	-0.538353	1.52885	0.04275	p2
0.29513	0.716634	1.25555	0.04275	p2
0.239562	-0.392702	-1.55053	0.04275	p2
0.445726	1.24928	-0.536564	0.04275	p2
-1.32895	0.254981	0.903087	0.04275	p2
0.80952	-0.843665	-0.952234	0.04275	p2
-0.735978	0.104291	-1.25863	0.04275	p2
1.32498	0.513341	-0.254622	0.04275	p2
0.121811	-1.22413	-0.803961	0.04275	p2
-0.28481	1.53124	-0.741796	0.04275	p2
0.414042	-0.174538	1.43349	0.04275	p2
0.879697	0.359321	1.41156	0.04275	p2
0.80355	-0.690534	1.11608	0.04275	p2
-0.259278	1.49007	-0.407865	0.04275	p2
-0.866681	-1.32904	-0.146884	0.04275	p2
-0.616261	-0.283518	-1.27149	0.04275	p2
-1.1512	-1.20828	-0.128562	0.04275	p2
-1.02462	0.0389209	1.14968	0.04275	p2
-0.589008	-0.420842	1.25294	0.04275	p2
0.0165128	-0.114921	1.43098	0.04275	p2
0.529899	1.38416	0.0800443	0.04275	p2
0.812322	1.47273	0.505872	0.04275	p2
0.60241	0.527058	1.38651	0.04275	p2
-0.902581	0.961413	1.05576	0.04275	p2
1.54679	0.526361	0.188802	0.04275	p2
0.802111	0.790511	1.33549	0.04275	p2
1.62527	-0.0410949	0.216192	0.04275	p2
-0.557943	-1.56734	0.39187	0.04275	p2
1.69006	-0.353502	0.180458	0.04275	p2
1.67176	0.146223	-0.500586	0.04275	p2
1.38144	-0.195818	0.388265	0.04275	p2
0.326324	-0.453838	1.55594	0.04275	p2
0.152734	-0.498782	1.48382	0.04275	p2
0.197812	-1.18948	1.11717	0.04275	p2
1.39981	0.800294	0.420596	0.04275	p2
-1.43406	-0.157015	-0.510628	0.04275	p2
1.04421	-0.972209	0.630841	0.04275	p2
0.270705	-0.919797	-1.05151	0.04275	p2
0.288403	-1.28872	0.593266	0.04275	p2
-0.034268	1.68933	0.34924	0.04275	p2
-0.894916	-0.903148	0.896228	0.04275	p2
-0.408923	0.513089	1.49404	0.04275	p2
-1.51675	0.263928	-0.122005	0.04275	p2
0.985338	-1.09568	-0.299034	0.04275	p2
1.69945	0.193853	-0.179933	0.04275	p2
1.40155	-0.708046	0.285215	0.04275	p2
0.592473	0.696823	1.16915	0.04275	p2
0.447937	1.58379	0.00923058	0.04275	p2
1.56117	-0.245337	0.729052	0.04275	p2
0.716211	1.46208	0.145947	0.04275	p2
-0.624033	-0.329562	1.30636	0.04275	p2
0.868955	-1.4749	0.0820903	0.04275	p2
0.471664	-0.690055	1.32201	0.04275	p2
0.0843852	1.31276	0.69972	0.04275	p2
-0.939128	-0.0876837	1.48005	0.04275	p2
0.533643	1.13062	-0.942321	0.04275	p2
-1.30218	0.661662	0.85514	0.04275	p2
1.04771	-1.30756	-0.4383	0.04275	p2
0.909245	1.27823	0.0287283	0.04275	p2
-0.535406	-1.17971	1.02009	0.04275	p2
-0.262231	-0.634756	-1.56441	0.04275	p2
-1.56052	0.12969	-0.203002	0.04275	p2
0.612564	0.598229	1.43287	0.04275	p2
-0.470028	0.837213	-1.07301	0.04275	p2
-1.29614	-0.679691	0.153196	0.04275	p2
-0.538533	0.364626	-1.31402	0.04275	p2
-0.372535	1.45529	0.129753	0.04275	p2
-0.250589	1.6839	0.0735897	0.04275	p2
1.34596	-0.210223	-0.64648	0.04275	p2
1.13957	1.1621	-0.34518	0.04275	p2
1.49192	-0.214312	-0.863508	0.04275	p2
0.50044	-0.682362	1.47543	0.04275	p2
-0.00178225	1.67785	0.0673456	0.04275	p2
0.711621	0.721129	-1.06855	0.04275	p2
0.0501328	-1.61118	-0.067654	0.04275	p2
-1.21234	-1.03753	-0.188617	0.04275	p2
-0.811199	0.641619	-1.2565	0.04275	p2
0.683639	0.827807	-1.11947	0.04275	p2
1.57023	-0.742064	0.139601	0.04275	p2
1.25828	0.742367	-0.482214	0.04275	p2
-1.15379	-0.398567	1.00523	0.04275	p2
-0.0667662	-0.0742115	-1.51671	0.04275	p2
-0.685872	-0.479489	-1.49702	0.04275	p2
0.268631	-1.14357	-1.16596	0.04275	p2
-1.42237	-0.433553	0.224034	0.04275	p2
1.28916	0.765433	0.364414	0.04275	p2
0.425674	0.365595	-1.59191	0.04275	p2
-0.580439	0.0107894	1.33214	0.04275	p2
-0.90582	1.00832	-0.703134	0.04275	p2
-1.37574	-0.914884	0.0113729	0.04275	p2
0.128662	1.40674	-0.465789	0.04275	p2
-1.13992	0.359078	0.806038	0.04275	p2
0.992509	0.779021	1.21329	0.04275	p2
0.198582	-0.949018	-1.08736	0.04275	p2
0.697122	1.44471	0.52144	0.04275	p2
0.295424	-1.02395	-0.996133	0.04275	p2
-0.417532	-0.631266	1.36109	0.04275	p2
1.0967	0.291153	1.25497	0.04275	p2
-0.512431	-0.415456	1.3392	0.04275	p2
0.50288	1.5216	-0.111379	0.04275	p2
1.22518	1.18963	0.30159	0.04275	p2
1.3584	0.279844	0.499812	0.04275	p2
0.646953	1.52221	0.31407	0.04275	p2
-0.290378	0.662842	1.38195	0.04275	p2
1.09062	0.610102	-0.859098	0.04275	p2
-1.30999	0.254374	1.05272	0.04275	p2
0.953175	1.34701	0.0721823	0.04275	p2
1.40081	0.464193	0.549579	0.04275	p2
0.0510943	1.70528	0.169412	0.04275	p2
-1.2707	-0.871556	0.65063	0.04275	p2
-1.51856	0.215612	-0.840206	0.04275	p2
-0.00913627	1.48809	-0.0358893	0.04275	p2
1.28488	-0.875238	0.598333	0.04275	p2
1.2686	-1.17702	0.236902	0.04275	p2
0.250503	1.4457	-0.0056416	0.04275	p2
-0.568176	-0.962414	1.17196	0.04275	p2
0.49823	-0.568618	1.20706	0.04275	p2
-0.576662	-0.660577	1.50703	0.04275	p2
-1.42961	0.492023	-0.0435614	0.04275	p2
-0.264963	-0.410975	1.40251	0.04275	p2
0.0212409	-1.55874	-0.21228	0.04275	p2
-0.0931327	0.0844651	-1.5325	0.04275	p2
-0.860737	0.551503	-1.14772	0.04275	p2
1.5635	-0.175871	-0.153584	0.04275	p2
-0.702234	-0.519748	1.14603	0.04275	p2
0.0652881	1.35021	-1.01933	0.04275	p2
1.51661	0.029093	-0.642192	0.04275	p2
-1.2787	-0.585435	-0.579257	0.04275	p2
1.25977	-0.53396	-0.818647	0.04275	p2
1.47648	-0.170701	-0.149883	0.04275	p2
0.995617	-0.858508	1.13505	0.04275	p2
-1.31746	-0.595379	0.0751564	0.04275	p2
1.40294	-0.878869	0.0574855	0.04275	p2
0.953656	-0.613765	0.869587	0.04275	p2
-0.210365	1.34764	-0.572488	0.04275	p2
-1.20841	0.803254	-0.139612	0.04275	p2
0.468743	0.759454	1.23491	0.04275	p2
0.770515	-0.92894	1.15883	0.04275	p2
-1.31151	0.185994	0.967747	0.04275	p2
0.584813	-1.42203	-0.179021	0.04275	p2
-1.12366	1.07181	-0.177064	0.04275	p2
-0.216882	-0.903037	-1.33368	0.04275	p2
-0.437728	0.344928	-1.40684	0.04275	p2
-1.39131	0.897708	-0.385937	0.04275	p2
-0.373513	1.55284	0.373126	0.04275	p2
-1.28424	-0.206628	1.1719	0.04275	p2
1.15989	0.838748	-0.126837	0.04275	p2
-0.204805	0.767261	-1.44405	0.04275	p2
0.780249	-1.21836	-0.47401	0.04275	p2
0.965332	-1.03063	0.914353	0.04275	p2
-1.04966	0.685846	0.85903	0.04275	p2
1.40203	-0.576437	-0.274811	0.04275	p2
1.24481	0.679806	-1.03021	0.04275	p2
0.657622	1.23405	0.349388	0.04275	p2
-0.803703	1.13964	0.707109	0.04275	p2
0.455009	0.110359	1.35275	0.04275	p2
0.251005	0.948041	1.36534	0.04275	p2
0.668698	-1.12391	1.06492	0.04275	p2
-0.35664	-1.46558	-0.0780118	0.04275	p2
-1.27426	0.708977	-0.0324634	0.04275	p2
0.0198622	0.437593	-1.44304	0.04275	p2
0.305324	1.5994	0.595163	0.04275	p2
-0.0216904	-1.53751	-0.579149	0.04275	p2
1.44307	0.532917	0.485348	0.04275	p2
-1.45745	0.840839	0.444604	0.04275	p2
-1.19868	0.352785	1.23143	0.04275	p2
0.905081	0.111769	-1.14891	0.04275	p2
-0.726225	0.230694	1.4196	0.04275	p2
-1.17318	0.291908	-0.799584	0.04275	p2
-0.758368	0.469074	1.41846	0.04275	p2
-0.0274346	-0.737325	-1.24115	0.04275	p2
-0.13107	1.06419	1.00684	0.04275	p2
-0.455577	-0.322226	-1.62821	0.04275	p2
-1.1882	-1.00473	-0.794933	0.04275	p2
1.4265	0.31108	-0.33948	0.04275	p2
-1.10983	-0.547927	0.704537	0.04275	p2
0.0369816	-1.69659	0.174267	0.04275	p2
-1.57036	0.231802	-0.743271	0.04275	p2
0.307683	-1.03024	1.34459	0.04275	p2
0.543942	1.23304	-1.06257	0.04275	p2
0.709877	-0.592735	-1.37973	0.04275	p2
1.22162	0.477694	0.79526	0.04275	p2
0.801828	0.992715	-0.937509	0.04275	p2
-1.68817	-0.353129	0.163696	0.04275	p2
0.902091	0.454082	1.3477	0.04275	p2
-0.713499	-1.29628	0.712345	0.04275	p2
0.88821	0.554581	1.0649	0.04275	p2
0.584836	-0.992012	-1.29697	0.04275	p2
-0.725104	-0.647076	-1.04243	0.04275	p2
0.521387	-1.33246	-0.517093	0.04275	p2
-1.35023	-0.298164	-0.448855	0.04275	p2
-0.746725	1.45393	-0.061702	0.04275	p2
1.3539	0.356752	-0.375654	0.04275	p2
0.457794	1.26725	0.599278	0.04275	p2
-1.59868	-0.198952	-0.224034	0.04275	p2
0.281811	-1.44614	0.935565	0.04275	p2
1.23954	-0.722367	0.624114	0.04275	p2
-0.451983	-0.948208	-1.06809	0.04275	p2
-0.123522	-1.00917	1.31964	0.04275	p2
0.227333	-1.63051	-0.435839	0.04275	p2
-0.907715	-1.41606	0.0745983	0.04275	p2
0.987752	-0.558965	-0.973149	0.04275	p2
-0.280191	-0.346529	1.5523	0.04275	p2
-0.689789	-1.32828	0.309514	0.04275	p2
-0.13209	-0.95078	-1.39117	0.04275	p2
1.17118	0.451814	-1.18087	0.04275	p2
1.42866	-0.405439	-0.364124	0.04275	p2
-0.451204	0.94238	-1.1159	0.04275	p2
1.13495	-0.404164	0.954719	0.04275	p2
0.221935	-0.966257	1.3002	0.04275	p2
-0.812542	1.03863	-1.14598	0.04275	p2
-0.352691	-0.740183	1.349	0.04275	p2
-1.31696	0.889618	0.597388	0.04275	p2
0.258212	0.56184	-1.61134	0.04275	p2
-0.720652	0.417515	-1.48031	0.04275	p2
-1.59258	-0.662443	-0.11514	0.04275	p2
0.44132	-0.0894547	1.6738	0.04275	p2
-0.919454	1.16857	-0.344424	0.04275	p2
0.322396	0.188864	1.44475	0.04275	p2
1.13478	0.112265	0.989662	0.04275	p2
0.924765	1.26185	-0.265141	0.04275	p2
0.00114022	-1.28399	-0.722058	0.04275	p2
-0.503245	1.47526	-0.790725	0.04275	p2
0.103496	-1.13434	1.16436	0.04275	p2
0.0425375	1.40194	0.721467	0.04275	p2
-0.0131996	-1.70322	0.0183199	0.04275	p2
-1.00052	1.26701	0.0135251	0.04275	p2
0.425512	-0.372968	1.39072	0.04275	p2
0.506702	-1.33638	-0.0524406	0.04275	p2
1.47467	-0.29256	0.268782	0.04275	p2
-1.16998	-0.810734	-0.267863	0.04275	p2
-1.08886	-0.43332	-0.82836	0.04275	p2
0.278033	1.40269	-0.206881	0.04275	p2
-0.546468	0.752888	-1.42524	0.04275	p2
1.70893	-0.13434	-0.211281	0.04275	p2
-1.00864	-0.917631	-0.580462	0.04275	p2
0.71395	1.22926	-0.453659	0.04275	p2
1.00506	0.2332	1.38646	0.04275	p2
-1.23361	0.923833	0.601977	0.04275	p2
0.537526	-1.50144	0.0530789	0.04275	p2
1.67949	0.0396669	0.277459	0.04275	p2
-1.17194	0.811173	-0.0472896	0.04275	p2
-0.788177	0.799604	0.891933	0.04275	p2
-0.232668	-1.62968	-0.587927	0.04275	p2
-1.46688	0.63698	-0.652372	0.04275	p2
1.43946	-0.823864	0.125104	0.04275	p2
0.324763	-0.359212	-1.4933	0.04275	p2
0.115247	-1.00431	-1.2794	0.04275	p2
1.64501	0.542131	-0.116296	0.04275	p2
0.601734	0.509298	1.47245	0.04275	p2
-1.59249	0.0600353	0.0897842	0.04275	p2
0.905093	1.30297	0.734732	0.04275	p2
1.04561	-1.28211	0.0113149	0.04275	p2
1.12903	-1.13393	0.72411	0.04275	p2
-1.1506	-0.0263322	1.31993	0.04275	p2
0.43141	-1.33172	0.28191	0.04275	p2
1.68531	0.437222	0.0648713	0.04275	p2
0.405626	1.11355	-0.885851	0.04275	p2
-0.601976	1.40195	0.30388	0.04275	p2
0.663236	-1.08774	0.971072	0.04275	p2
1.38171	1.0597	-0.133982	0.04275	p2
-0.676363	-0.606752	-1.29947	0.04275	p2
-1.38637	-0.784605	-0.492774	0.04275	p2
0.883629	-1.23503	0.472711	0.04275	p2
-1.44795	0.147865	-0.292813	0.04275	p2
1.16799	-1.28033	-0.107054	0.04275	p2
-0.891973	-0.408403	-1.18611	0.04275	p2
0.442459	0.547061	1.4692	0.04275	p2
0.154476	1.5596	-0.726504	0.04275	p2
1.14027	-0.10759	1.25901	0.04275	p2
0.283212	1.24008	0.988933	0.04275	p2
1.53892	-0.0667854	-0.395372	0.04275	p2
0.781434	1.20887	0.898375	0.04275	p2
0.410517	0.836462	1.35728	0.04275	p2
-0.125173	-1.40373	-0.389638	0.04275	p2
0.5373	-1.07343	1.27022	0.04275	p2
-0.729014	-0.693779	1.1398	0.04275	p2
0.080577	-1.05945	-1.35451	0.04275	p2
0.912328	-0.77827	-0.821009	0.04275	p2
-0.0920668	1.55401	-0.503559	0.04275	p2
-0.475037	-0.546285	1.35249	0.04275	p2
-0.226103	-0.516746	1.6335	0.04275	p2
0.37253	-0.598546	-1.2444	0.04275	p2
-0.041648	0.84528	1.51266	0.04275	p2
0.24135	-1.43499	0.686975	0.04275	p2
1.58876	0.476714	-0.560917	0.04275	p2
0.159627	0.0588446	1.47961	0.04275	p2
1.01781	1.01625	-0.986535	0.04275	p2
-1.66696	0.200731	-0.219864	0.04275	p2
-1.18031	0.625686	1.06001	0.04275	p2
1.37618	-0.0958475	0.457129	0.04275	p2
0.27355	-0.94657	-1.36666	0.04275	p2
0.100715	-0.518417	1.57878	0.04275	p2
0.244609	-1.37279	0.574709	0.04275	p2
-0.533979	0.903756	1.02351	0.04275	p2
-0.903511	1.41778	0.475075	0.04275	p2
0.801979	-1.09629	0.510682	0.04275	p2
0.200446	0.720199	1.32844	0.04275	p2
0.92568	-0.617573	1.27811	0.04275	p2
-1.42962	-0.153333	0.786219	0.04275	p2
-1.2747	0.612706	1.02727	0.04275	p2
-0.503342	0.444156	-1.30161	0.04275	p2
-0.0128843	-1.1849	-1.25245	0.04275	p2
-1.00637	1.05804	-0.62027	0.04275	p2
-0.562289	0.42502	1.42029	0.04275	p2
1.7007	-0.294798	-0.120296	0.04275	p2
-1.19498	0.632206	-1.01327	0.04275	p2
-0.959074	-0.766825	0.758391	0.04275	p2
-0.756607	-0.906113	0.934917	0.04275	p2
0.845373	-0.249492	1.18123	0.04275	p2
-0.659151	1.4686	0.0610987	0.04275	p2
-1.12096	1.14575	0.27066	0.04275	p2
0.914883	-0.726981	1.10323	0.04275	p2
-0.476163	-0.132984	-1.53717	0.04275	p2
-0.468018	-1.38873	0.246352	0.04275	p2
-0.615228	0.313125	1.60816	0.04275	p2
0.40825	-0.719027	1.47514	0.04275	p2
1.07911	0.528501	-0.970214	0.04275	p2
0.293764	-0.0260202	-1.68997	0.04275	p2
0.334158	-0.888785	1.44988	0.04275	p2
-1.34576	0.716461	0.198669	0.04275	p2
-0.795861	0.439224	-1.21637	0.04275	p2
-1.23968	-0.422641	1.10181	0.04275	p2
-0.78837	-1.48977	-0.0362653	0.04275	p2
1.57447	-0.535741	-0.193989	0.04275	p2
-0.400459	0.597566	1.29322	0.04275	p2
-1.48038	0.487648	-0.29341	0.04275	p2
-1.35319	0.685635	0.607517	0.04275	p2
-1.54493	0.377459	0.587865	0.04275	p2
0.771047	-0.839234	0.931755	0.04275	p2
-0.218635	-0.479247	1.3609	0.04275	p2
0.805576	-0.600617	1.17955	0.04275	p2
1.41582	-0.773479	-0.308923	0.04275	p2
0.892213	-0.931982	-0.746742	0.04275	p2
1.33836	-0.595234	-0.56882	0.04275	p2
1.41005	-0.0841802	0.206846	0.04275	p2
0.181584	-0.599756	1.35195	0.04275	p2
-1.15128	0.864493	0.7919	0.04275	p2
-1.2493	-0.59683	0.422575	0.04275	p2
-1.39799	0.700535	-0.496096	0.04275	p2
-1.69545	0.11129	0.32921	0.04275	p2
-0.025366	1.28125	0.791532	0.04275	p2
1.4272	-0.798673	0.447959	0.04275	p2
-0.663141	0.0970784	1.45468	0.04275	p2
-0.393226	-1.47781	-0.828637	0.04275	p2
-0.0122081	-1.28529	-0.892137	0.04275	p2
-1.24264	-0.641448	-1.04475	0.04275	p2
1.43745	-0.359462	-0.913077	0.04275	p2
0.60175	1.29157	0.396966	0.04275	p2
-0.0232263	-0.801594	1.27628	0.04275	p2
-0.846314	0.808766	-1.15719	0.04275	p2
-0.874887	-0.634635	-1.2465	0.04275	p2
0.669584	0.682183	-1.15741	0.04275	p2
-0.926965	-1.32805	-0.0685273	0.04275	p2
0.36177	-0.79739	-1.20668	0.04275	p2
0.326444	1.18248	-0.967271	0.04275	p2
-0.090909	-1.10894	1.17231	0.04275	p2
-1.31016	-0.635912	0.492649	0.04275	p2
1.01387	-0.9875	-1.03069	0.04275	p2
0.180792	0.144562	1.64986	0.04275	p2
0.245826	1.48632	0.436324	0.04275	p2
0.615388	-1.59774	0.335417	0.04275	p2
-0.881936	-0.0588757	1.28493	0.04275	p2
-1.39305	0.231579	0.561497	0.04275	p2
-1.0758	-0.30243	1.3536	0.04275	p2
0.396977	1.31841	0.686436	0.04275	p2
-1.52342	0.609548	0.0384302	0.04275	p2
0.496307	0.899501	-1.20815	0.04275	p2
-1.54852	-0.0557373	-0.433769	0.04275	p2
-0.974414	1.37777	0.44169	0.04275	p2
0.733668	-0.953542	-1.07564	0.04275	p2
1.41585	-0.990446	0.0998758	0.04275	p2
0.542256	-1.07733	-0.839247	0.04275	p2
1.4709	-0.434075	0.568648	0.04275	p2
-1.38608	0.829466	0.00506764	0.04275	p2
-0.507805	-0.0800502	-1.42903	0.04275	p2
-0.670152	1.26729	0.987744	0.04275	p2
0.187239	-1.18953	-1.11886	0.04275	p2
-1.41654	-0.120122	-0.317581	0.04275	p2
0.893116	-1.34164	0.258007	0.04275	p2
0.463787	0.804137	-1.47257	0.04275	p2
0.924055	-0.505355	1.33815	0.04275	p2
1.38344	0.516987	-0.402687	0.04275	p2
-1.18486	0.405781	-1.17581	0.04275	p2
1.41009	0.0126425	1.01663	0.04275	p2
-1.03404	1.29889	0.10537	0.04275	p2
0.311187	0.373714	-1.48322	0.04275	p2
-0.144561	0.324232	-1.70736	0.04275	p2
0.637196	-1.18665	-0.687257	0.04275	p2
-0.0737332	-0.357164	-1.55046	0.04275	p2
-1.15918	-1.10476	-0.172656	0.04275	p2
0.208039	-0.647558	-1.58187	0.04275	p2
-1.07962	1.00333	0.194856	0.04275	p2
-1.53766	0.183979	-0.66868	0.04275	p2
0.898427	-0.846036	1.03729	0.04275	p2
1.54059	0.635939	-0.550019	0.04275	p2
-0.698289	0.337568	1.20802	0.04275	p2
0.218927	1.72284	0.112534	0.04275	p2
0.0818804	-1.43347	0.688137	0.04275	p2
-0.32002	1.36458	-0.425764	0.04275	p2
0.613854	-0.926447	0.988818	0.04275	p2
-1.41909	0.315655	-0.181895	0.04275	p2
1.57336	-0.147825	0.258469	0.04275	p2
-0.74992	-1.30255	0.377207	0.04275	p2
-1.01997	-1.04112	0.213968	0.04275	p2
-0.391527	0.638796	-1.3863	0.04275	p2
0.820329	-0.592116	1.00885	0.04275	p2
0.295623	-1.50285	0.624271	0.04275	p2
1.08269	1.33608	0.198066	0.04275	p2
1.46653	-0.445228	-0.225781	0.04275	p2
1.35438	-0.889212	-0.0143462	0.04275	p2
-1.26259	-0.738769	-0.95352	0.04275	p2
-0.156885	1.02254	-0.985553	0.04275	p2
-0.933402	0.987939	0.877608	0.04275	p2
-0.82081	-0.362012	1.45981	0.04275	p2
-0.899822	1.32543	-0.283896	0.04275	p2
-1.25784	-0.806437	0.316003	0.04275	p2
1.11814	0.211787	-0.882528	0.04275	p2
0.0827275	1.02522	1.07936	0.04275	p2
1.08638	1.00384	-0.0968577	0.04275	p2
1.44837	0.0417341	-0.0678793	0.04275	p2
-0.0356273	0.31673	-1.54645	0.04275	p2
0.948887	-0.446012	-1.38099	0.04275	p2
0.464325	-1.3308	-0.373618	0.04275	p2
0.96004	0.0193901	-1.23008	0.04275	p2
1.60765	-0.105417	-0.294265	0.04275	p2
1.20114	-0.998015	-0.755549	0.04275	p2
-0.526643	0.475172	1.26529	0.04275	p2
-0.847479	1.14807	-1.0212	0.04275	p2
-1.36179	-0.174847	-0.374583	0.04275	p2
-0.205777	0.0177722	-1.41877	0.04275	p2
-0.0765243	-1.07418	-1.35879	0.04275	p2
-1.3176	-0.5307	-0.0943941	0.04275	p2
-1.13434	-1.11053	-0.684261	0.04275	p2
-1.61006	-0.127109	0.685549	0.04275	p2
-0.329315	-0.925796	-1.29286	0.04275	p2
-0.990581	0.82026	1.10277	0.04275	p2
1.28787	-0.352838	0.50826	0.04275	p2
-1.59122	-0.0863454	-0.298868	0.04275	p2
0.708874	-0.536211	-1.44804	0.04275	p2
-0.207186	-1.57659	0.444433	0.04275	p2
-1.12282	0.220542	-0.95054	0.04275	p2
0.571475	-0.815243	1.25247	0.04275	p2
-0.562119	1.25257	-0.466315	0.04275	p2
-0.433734	-1.68977	0.0282484	0.04275	p2
0.750006	0.555674	1.25211	0.04275	p2
-1.4921	-0.421851	-0.71682	0.04275	p2
-0.682804	1.11414	1.03854	0.04275	p2
-0.174257	-1.16127	0.918682	0.04275	p2
0.674237	1.15869	0.501598	0.04275	p2
-0.744144	1.22839	-0.512992	0.04275	p2
-0.312737	1.38398	0.338033	0.04275	p2
-0.966497	-0.0358107	1.26088	0.04275	p2
-1.36032	-0.824211	-0.144283	0.04275	p2
0.173511	1.4151	-0.844327	0.04275	p2
-0.435726	0.830337	1.36832	0.04275	p2
-0.630773	0.459264	1.34649	0.04275	p2
-0.501125	-1.63402	-0.391456	0.04275	p2
-0.784983	-0.683563	-1.26327	0.04275	p2
-1.05668	-0.303048	-0.920551	0.04275	p2
0.362709	-0.732519	-1.55243	0.04275	p2
0.17807	1.18141	1.26973	0.04275	p2
-1.04333	0.659511	-0.933068	0.04275	p2
-1.18294	0.261852	0.805738	0.04275	p2
-1.33276	-1.03809	-0.431478	0.04275	p2
-0.130538	1.4555	-0.337897	0.04275	p2
1.52009	0.170151	0.456387	0.04275	p2
-0.403221	-0.706427	-1.47091	0.04275	p2
-0.525333	0.107176	1.38157	0.04275	p2
1.35663	-0.129435	-0.88122	0.04275	p2
0.00794181	-1.03425	-1.26207	0.04275	p2
1.28273	-0.213587	0.642368	0.04275	p2
-1.25018	-0.0998103	0.769983	0.04275	p2
-1.1236	-0.963693	-0.235923	0.04275	p2
-0.610286	1.26288	-0.238973	0.04275	p2
1.45079	-0.0082389	0.640475	0.04275	p2
-1.57376	0.349241	0.406165	0.04275	p2
0.327592	-1.60262	-0.641164	0.04275	p2
-0.552265	1.4821	0.675042	0.04275	p2
-0.714694	0.608686	1.42888	0.04275	p2
-0.937303	-0.771174	-0.955536	0.04275	p2
-0.460559	1.40252	-0.917476	0.04275	p2
1.15765	-0.697349	-0.961405	0.04275	p2
0.673862	0.524143	-1.40417	0.04275	p2
0.53092	0.212867	1.54008	0.04275	p2
0.701478	-1.44777	0.461804	0.04275	p2
1.31105	0.566964	-1.00929	0.04275	p2
-0.635692	1.11448	0.645604	0.04275	p2
-0.827797	-1.37698	-0.616962	0.04275	p2
-1.25074	0.427228	0.851543	0.04275	p2
-0.311129	-0.894461	1.24573	0.04275	p2
-1.1305	-0.424669	1.14427	0.04275	p2
0.953819	0.139306	1.2334	0.04275	p2
-0.632944	0.639229	1.38074	0.04275	p2
-0.452047	-0.764131	1.46033	0.04275	p2
0.698835	-1.28394	0.699462	0.04275	p2
1.11403	0.273268	1.16191	0.04275	p2
-0.654115	1.40414	-0.333595	0.04275	p2
1.04014	0.119459	1.16615	0.04275	p2
1.03026	1.01244	-0.521847	0.04275	p2
1.0952	-0.41807	-1.02841	0.04275	p2
0.694865	-1.44133	-0.324962	0.04275	p2
1.34772	0.585243	0.0469043	0.04275	p2
-1.5663	0.24742	0.72905	0.04275	p2
-1.49714	0.891506	0.158821	0.04275	p2
-1.2732	0.386844	-1.03725	0.04275	p2
0.379477	0.0394264	-1.39628	0.04275	p2
0.320591	1.5095	0.548797	0.04275	p2
-0.268194	-0.928694	-1.07511	0.04275	p2
-1.25487	-0.619878	-0.377421	0.04275	p2
-1.66375	0.405688	-0.347884	0.04275	p2
0.576965	-0.556042	-1.35927	0.04275	p2
1.09335	1.36524	0.0556752	0.04275	p2
-0.912939	1.27103	0.0855662	0.04275	p2
1.31586	0.0887357	0.535354	0.04275	p2
0.580758	1.49942	0.604528	0.04275	p2
0.35194	0.895119	-1.2714	0.04275	p2
0.473045	-1.44228	0.109429	0.04275	p2
-1.32146	-0.570356	-0.689459	0.04275	p2
-1.36631	0.401298	-0.125933	0.04275	p2
0.873335	0.732391	1.0072	0.04275	p2
0.749998	1.41178	-0.57962	0.04275	p2
-0.713771	1.22504	0.123837	0.04275	p2
-0.481109	0.603733	-1.51977	0.04275	p2
-1.67464	-0.444598	0.19862	0.04275	p2
0.332693	-0.537751	1.33485	0.04275	p2
0.815076	1.19714	0.385333	0.04275	p2
-0.383024	1.29535	0.545011	0.04275	p2
-0.944942	-0.611729	1.33066	0.04275	p2
-0.750993	1.16516	-1.01939	0.04275	p2
-0.170609	0.0951602	-1.60572	0.04275	p2
0.328513	0.363773	-1.37096	0.04275	p2
-0.609271	-0.761747	1.19537	0.04275	p2
-0.304213	-1.14043	-0.91727	0.04275	p2
-1.07631	1.22215	-0.562306	0.04275	p2
-1.22638	-0.182928	-0.707593	0.04275	p2
-1.45129	0.393115	0.900894	0.04275	p2
0.748344	-0.793937	1.11921	0.04275	p2
-1.27267	0.652003	0.321752	0.04275	p2
-0.243972	-1.64172	0.535577	0.04275	p2
1.02926	-0.460389	-1.2764	0.04275	p2
-0.0174313	-0.831199	-1.27096	0.04275	p2
-0.715425	-0.401311	-1.55072	0.04275	p2
0.313754	-0.404092	1.65258	0.04275	p2
-1.41966	-0.639754	0.462537	0.04275	p2
1.2527	-0.0868047	0.672872	0.04275	p2
-0.0945803	0.685389	-1.28154	0.04275	p2
1.23369	0.825835	-0.50587	0.04275	p2
0.0484869	0.749446	-1.33689	0.04275	p2
0.993041	-0.527301	1.28947	0.04275	p2
0.0133934	-0.953938	1.07742	0.04275	p2
-0.932206	-0.829866	-1.02509	0.04275	p2
1.21775	0.911117	0.815383	0.04275	p2
0.61245	-1.47031	0.307051	0.04275	p2
-0.238562	-0.518038	-1.52772	0.04275	p2
-0.576191	1.07079	-1.0938	0.04275	p2
-1.60549	-0.482358	-0.202875	0.04275	p2
-0.795631	-0.549153	1.24427	0.04275	p2
-0.619781	-1.21608	0.759904	0.04275	p2
0.904141	-0.890175	-0.858953	0.04275	p2
-1.10454	0.0533845	0.939207	0.04275	p2
0.755629	-1.24604	0.446102	0.04275	p2
-0.58707	0.655633	-1.15223	0.04275	p2
0.422679	1.35764	-0.675079	0.04275	p2
0.287744	1.51618	0.838946	0.04275	p2
-0.981244	-0.755042	1.12955	0.04275	p2
-1.21844	0.805724	0.0306177	0.04275	p2
0.82321	-1.06496	-0.550601	0.04275	p2
-1.50947	0.820351	0.349649	0.04275	p2
-0.654396	-1.5664	0.41436	0.04275	p2
0.797408	1.51276	0.338336	0.04275	p2
0.251325	0.0809918	1.61975	0.04275	p2
1.25092	-0.208529	-0.940562	0.04275	p2
-1.49441	-0.240904	0.320603	0.04275	p2
-0.572823	0.846949	-1.22163	0.04275	p2
-0.420299	-0.218443	-1.61237	0.04275	p2
1.47443	-0.74413	0.39759	0.04275	p2
0.00871753	0.0357621	1.48977	0.04275	p2
-1.45852	0.573435	-0.0358835	0.04275	p2
1.19114	0.821537	-0.795876	0.04275	p2
-0.865262	-1.33689	-0.491765	0.04275	p2
-1.3998	0.628739	0.182584	0.04275	p2
0.865799	-1.06587	-1.035	0.04275	p2
-1.30919	0.54682	-0.438866	0.04275	p2
-0.523744	0.5246	1.35538	0.04275	p2
1.56953	-0.289498	0.545151	0.04275	p2
-0.450804	1.59032	0.331136	0.04275	p2
0.0319721	0.0315356	1.71109	0.04275	p2
0.447496	1.22772	-1.05578	0.04275	p2
-0.787228	0.886912	-1.19861	0.04275	p2
1.28849	-0.0216786	1.17115	0.04275	p2
1.52002	0.836566	0.269051	0.04275	p2
0.496892	-1.03839	0.914169	0.04275	p2
0.112676	-0.183677	-1.47026	0.04275	p2
0.724749	0.890399	0.975873	0.04275	p2
0.798866	0.767168	-1.00502	0.04275	p2
-1.31861	0.0670587	1.05128	0.04275	p2
-1.21719	0.435632	0.954458	0.04275	p2
-1.06905	-0.736112	1.17782	0.04275	p2
-0.793797	-1.34078	-0.285743	0.04275	p2
-0.569771	1.10472	-0.894499	0.04275	p2
0.150322	-0.502407	-1.48012	0.04275	p2
-1.21999	0.947357	-0.134852	0.04275	p2
0.820976	0.487257	-1.36521	0.04275	p2
-0.460491	-1.50612	0.514265	0.04275	p2
0.670525	-1.46741	0.381315	0.04275	p2
-1.41058	-0.324174	-0.306488	0.04275	p2
0.649182	0.181538	1.26477	0.04275	p2
0.981142	0.490733	-1.07549	0.04275	p2
-1.57384	0.457187	0.332965	0.04275	p2
0.308467	0.574905	-1.50882	0.04275	p2
-1.19427	1.0774	0.194368	0.04275	p2
0.882417	-0.326231	1.31681	0.04275	p2
-0.157526	-1.34861	-0.798358	0.04275	p2
1.51005	-0.317619	0.601771	0.04275	p2
0.198732	0.436002	1.68554	0.04275	p2
-0.571719	-1.01579	-0.850335	0.04275	p2
-1.13071	-1.07596	0.562572	0.04275	p2
0.489641	1.0516	0.896529	0.04275	p2
0.221814	-0.805099	1.22211	0.04275	p2
-1.06134	-0.432153	-0.909968	0.04275	p2
-1.45416	-0.646703	0.206197	0.04275	p2
1.13517	-0.289073	1.16706	0.04275	p2
-0.725761	1.09082	0.85914	0.04275	p2
-0.65023	-0.585891	1.12342	0.04275	p2
1.30655	0.562121	0.265511	0.04275	p2
0.00442721	-0.919314	1.33237	0.04275	p2
0.513421	0.295673	-1.576	0.04275	p2
1.34068	0.11222	-0.836794	0.04275	p2
-0.293686	-1.48319	0.198768	0.04275	p2
0.642001	0.798944	1.0281	0.04275	p2
-0.15807	-0.080671	-1.60571	0.04275	p2
1.00963	0.64185	1.01055	0.04275	p2
0.6709	-0.661446	1.3769	0.04275	p2
-1.50674	-0.106759	-0.179695	0.04275	p2
-0.0451914	0.301493	-1.39176	0.04275	p2
-0.228318	-1.20732	-1.15096	0.04275	p2
0.24754	1.44454	0.725875	0.04275	p2
-0.898832	-0.267685	1.10402	0.04275	p2
-0.302516	-0.840558	1.12375	0.04275	p2
-1.33465	1.06177	0.129097	0.04275	p2
-1.12169	0.459062	1.01508	0.04275	p2
0.86205	-0.479723	1.20127	0.04275	p2
-0.64533	1.34844	0.67331	0.04275	p2
-1.55736	0.231706	0.54421	0.04275	p2
0.315779	1.38424	0.342657	0.04275	p2
-1.18446	0.855828	-0.802292	0.04275	p2
-1.17991	-0.195233	-1.23227	0.04275	p2
-0.861607	-0.195123	1.40122	0.04275	p2
1.43632	0.512072	0.0912757	0.04275	p2
0.394602	0.506891	1.32812	0.04275	p2
-1.07374	-0.999345	-0.542932	0.04275	p2
0.911843	0.30302	1.35469	0.04275	p2
-0.785123	1.52434	0.292133	0.04275	p2
0.205173	1.62092	-0.355709	0.04275	p2
-1.3642	0.796339	-0.455047	0.04275	p2
1.46943	-0.247315	-0.666186	0.04275	p2
-0.760153	-0.253978	-1.32522	0.04275	p2
0.425644	1.12962	0.809901	0.04275	p2
0.213032	-1.00479	-1.39006	0.04275	p2
-0.975366	-1.08019	-0.0631464	0.04275	p2
-1.0138	0.0769616	1.28598	0.04275	p2
-0.890268	-0.0400404	-1.39265	0.04275	p2
-0.757165	1.07067	-1.05513	0.04275	p2
-1.32121	0.114179	-0.621218	0.04275	p2
-0.309343	0.143696	-1.56447	0.04275	p2
-0.435667	0.759246	-1.23886	0.04275	p2
0.705598	1.53478	0.101094	0.04275	p2
-1.10654	0.346913	1.17387	0.04275	p2
-1.45589	0.496066	-0.550199	0.04275	p2
0.13053	1.54911	0.708858	0.04275	p2
0.644355	-1.25111	-0.261348	0.04275	p2
-0.760161	-0.746201	1.06634	0.04275	p2
-1.43132	-0.379088	0.819828	0.04275	p2
0.939464	0.991348	-0.484258	0.04275	p2
1.02665	-0.193851	1.17004	0.04275	p2
1.32544	0.377759	-0.667308	0.04275	p2
-0.697461	1.21766	0.339171	0.04275	p2
-0.412299	-1.56628	0.257137	0.04275	p2
0.734803	1.45301	0.361994	0.04275	p2
-1.32842	-0.740752	-0.0867532	0.04275	p2
-0.408656	0.663957	1.23052	0.04275	p2
-0.796847	0.334005	1.36957	0.04275	p2
0.0369065	-1.40611	-1.03732	0.04275	p2
-1.2341	0.548009	1.11362	0.04275	p2
-0.689079	1.50057	0.221853	0.04275	p2
-0.900034	0.904955	-0.802115	0.04275	p2
1.32339	-0.0893408	1.00076	0.04275	p2
0.13686	-1.67467	-0.493388	0.04275	p2
0.746786	-0.71501	-1.32403	0.04275	p2
0.64731	0.658573	-1.24444	0.04275	p2
-0.589464	-1.38144	-0.164149	0.04275	p2
0.0578944	-1.31576	0.873387	0.04275	p2
0.711976	-1.35353	0.0545312	0.04275	p2
-1.57254	-0.380754	0.637309	0.04275	p2
-0.844206	-1.18549	-0.0269768	0.04275	p2
1.40171	0.39536	-0.436444	0.04275	p2
0.0255687	-1.56241	0.313793	0.04275	p2
0.0668222	1.00327	-1.36926	0.04275	p2
-0.377671	1.51857	-0.650292	0.04275	p2
0.62368	1.50898	0.169898	0.04275	p2
-1.26185	-1.15506	0.0335845	0.04275	p2
1.21899	-0.421761	1.17807	0.04275	p2
0.4407	-0.153369	1.51576	0.04275	p2
0.61178	1.02339	-0.825381	0.04275	p2
-1.00812	1.21454	-0.627091	0.04275	p2
1.65776	-0.408215	-0.37294	0.04275	p2
-0.475854	1.50395	-0.425745	0.04275	p2
0.640302	-1.61465	-0.0555547	0.04275	p2
1.26954	-0.635736	-0.818422	0.04275	p2
0.00709787	-0.997055	1.42481	0.04275	p2
0.715477	-0.44109	-1.28754	0.04275	p2
0.0867924	1.64011	-0.254387	0.04275	p2
-0.98198	1.27282	-0.379209	0.04275	p2
0.0326753	1.64806	-0.0941146	0.04275	p2
-1.24802	0.659105	0.196102	0.04275	p2
1.24153	0.107932	1.04428	0.04275	p2
0.608265	-1.43051	-0.311629	0.04275	p2
-0.721053	-1.33229	0.889214	0.04275	p2
-1.14667	0.63478	-0.889632	0.04275	p2
0.781034	-0.794536	1.29981	0.04275	p2
1.29069	-0.8642	0.790616	0.04275	p2
-0.490388	1.30811	-0.976898	0.04275	p2
-0.725735	1.05898	-0.831414	0.04275	p2
0.209372	-0.106719	1.60264	0.04275	p2
1.45134	-0.0375508	-0.320535	0.04275	p2
-1.41616	-0.0345988	1.02097	0.04275	p2
-0.17624	-1.0011	-1.28453	0.04275	p2
-1.45471	0.321306	-0.0978806	0.04275	p2
-0.694962	1.56815	0.0381978	0.04275	p2
-0.472078	0.335131	-1.6402	0.04275	p2
0.912295	-0.567393	1.2044	0.04275	p2
1.12814	-0.524366	-1.23234	0.04275	p2
0.0124635	-1.53827	-0.675383	0.04275	p2
-0.592781	-1.32722	-0.890185	0.04275	p2
-0.446408	-1.5001	0.666365	0.04275	p2
-1.42969	-0.0707464	0.175363	0.04275	p2
1.69244	0.305678	-0.358546	0.04275	p2
-1.25827	0.928304	-0.443496	0.04275	p2
0.94719	0.458749	1.0793	0.04275	p2
1.22341	-0.921736	0.0816217	0.04275	p2
0.498043	-0.388591	-1.61756	0.04275	p2
0.644884	-1.35836	0.834986	0.04275	p2
-1.10533	-0.96512	-0.873716	0.04275	p2
-0.343669	-0.582575	-1.44365	0.04275	p2
1.37676	0.388503	0.242008	0.04275	p2
1.08616	-0.0458766	-1.24408	0.04275	p2
-1.11435	-0.242635	-0.868417	0.04275	p2
-0.706818	-1.56083	-0.300787	0.04275	p2
0.0067569	1.03208	0.994327	0.04275	p2
0.668664	-0.941944	0.841811	0.04275	p2
0.612826	-0.158506	1.3765	0.04275	p2
-0.356048	-1.20711	-0.899668	0.04275	p2
1.28697	0.112098	-0.598449	0.04275	p2
1.39484	0.830945	0.301304	0.04275	p2
-1.18292	0.671873	-0.732761	0.04275	p2
-1.26996	0.836977	-0.625138	0.04275	p2
0.920316	-0.065085	1.29631	0.04275	p2
1.11327	-1.06296	0.841852	0.04275	p2
-0.459293	-0.972639	1.21221	0.04275	p2
0.578709	1.04427	1.17838	0.04275	p2
-1.60014	-0.243922	-0.00484403	0.04275	p2
-1.2458	-0.00585763	1.04706	0.04275	p2
-0.417366	1.35796	0.300052	0.04275	p2
1.55648	-0.133849	0.376479	0.04275	p2
1.34057	-0.403157	1.01338	0.04275	p2
-0.125994	1.34901	-1.01088	0.04275	p2
0.535104	0.0711838	-1.42452	0.04275	p2
1.27126	0.656638	-0.252109	0.04275	p2
-0.821662	0.475713	-1.07276	0.04275	p2
1.5358	0.00941002	0.611231	0.04275	p2
-0.0392662	0.330905	1.61377	0.04275	p2
1.02632	-0.257885	0.952859	0.04275	p2
1.26475	0.587931	0.802674	0.04275	p2
0.0962616	1.42201	-0.980966	0.04275	p2
0.759753	-1.2328	0.666563	0.04275	p2
0.935857	-0.468847	-1.10616	0.04275	p2
-0.23532	0.616001	-1.59433	0.04275	p2
-1.19261	0.137275	0.766226	0.04275	p2
-0.69795	0.345318	1.37887	0.04275	p2
-0.99415	-0.756815	-0.828682	0.04275	p2
0.960415	1.08198	0.31458	0.04275	p2
-1.56203	0.0244621	0.569185	0.04275	p2
-0.278683	-0.145556	-1.48321	0.04275	p2
0.518767	0.37888	-1.50549	0.04275	p2
-0.359221	1.28522	0.886446	0.04275	p2
1.09687	-1.36006	0.0550306	0.04275	p2
1.04772	0.701568	-0.820138	0.04275	p2
-0.0177293	-0.310233	1.66291	0.04275	p2
-0.663571	1.10704	-0.603473	0.04275	p2
-0.871752	-0.382577	1.0684	0.04275	p2
1.20805	0.527683	0.623249	0.04275	p2
-1.06418	-0.978849	0.655095	0.04275	p2
-0.0729307	1.46018	0.646874	0.04275	p2
0.172859	0.975493	1.21623	0.04275	p2
0.237979	-0.463755	1.65615	0.04275	p2
-0.367747	-1.15417	1.24612	0.04275	p2
1.42561	-0.0569908	0.845219	0.04275	p2
-0.139027	-1.1592	1.08568	0.04275	p2
-0.634205	-0.684521	1.08186	0.04275	p2
1.60328	0.356646	0.543966	0.04275	p2
-1.30843	-0.267735	-0.592853	0.04275	p2
0.451876	-1.31337	0.469779	0.04275	p2
1.52629	-0.503411	0.112335	0.04275	p2
-1.11675	-0.930378	0.599548	0.04275	p2
1.58823	0.316733	-0.460434	0.04275	p2
0.634452	-1.40407	-0.690174	0.04275	p2
-0.75717	0.0499026	1.54675	0.04275	p2
-1.39404	-0.978951	0.18342	0.04275	p2
1.09226	0.32195	1.06614	0.04275	p2
-0.426514	-0.822362	1.39517	0.04275	p2
-0.394279	0.00302754	1.40311	0.04275	p2
0.267019	1.41428	0.579764	0.04275	p2
0.316397	1.44286	-0.830957	0.04275	p2
1.3598	0.624042	0.400035	0.04275	p2
0.238749	1.73325	-0.0108929	0.04275	p2
-1.02244	0.883078	0.879773	0.04275	p2
-0.21716	-1.3213	-0.515481	0.04275	p2
0.454375	-0.519462	-1.28167	0.04275	p2
-1.62178	0.16288	0.561934	0.04275	p2
1.50237	0.0631994	0.172727	0.04275	p2
0.437553	1.48428	0.826234	0.04275	p2
-1.1123	-0.533067	-1.13473	0.04275	p2
0.739602	1.4103	0.608839	0.04275	p2
-0.390823	-1.6745	0.348994	0.04275	p2
0.231605	-1.59061	-0.145236	0.04275	p2
-1.35171	-0.818645	-0.321383	0.04275	p2
0.758335	1.28426	-0.0803318	0.04275	p2
-1.12158	1.13679	0.0852702	0.04275	p2
0.94917	-0.561751	0.939684	0.04275	p2
-0.665863	1.22229	-0.813539	0.04275	p2
-0.0518825	-1.49825	0.304612	0.04275	p2
-0.796948	-0.0212977	1.26555	0.04275	p2
1.15939	-0.684679	-0.672708	0.04275	p2
0.145706	-1.47203	0.0214714	0.04275	p2
-1.37051	-0.840752	0.382351	0.04275	p2
-0.806776	1.42727	0.507142	0.04275	p2
-1.54676	-0.816868	0.11978	0.04275	p2
1.03892	-0.386168	1.10929	0.04275	p2
-1.34408	-0.591069	0.214936	0.04275	p2
-0.41007	-1.34443	0.364029	0.04275	p2
-0.775575	0.973722	-0.804057	0.04275	p2
-0.77892	-1.21887	0.631162	0.04275	p2
-0.0960729	-1.69794	0.0681672	0.04275	p2
0.38047	-1.523	0.680338	0.04275	p2
0.373882	-0.112472	-1.55741	0.04275	p2
-0.615303	0.623486	1.15568	0.04275	p2
-0.543629	-0.142686	1.38538	0.04275	p2
-1.19949	-0.200302	1.22036	0.04275	p2
-0.945822	0.957694	0.477624	0.04275	p2
-0.503067	0.302895	1.50547	0.04275	p2
-0.375452	1.62833	0.516504	0.04275	p2
-0.740498	-0.645224	-1.36684	0.04275	p2
1.59093	0.0560208	0.323733	0.04275	p2
-0.559	-1.30112	-0.561857	0.04275	p2
0.565758	-1.2001	0.586205	0.04275	p2
1.15936	-0.87022	0.610029	0.04275	p2
-0.943679	-0.936739	0.576894	0.04275	p2
-1.44075	0.560837	0.257201	0.04275	p2
-0.864491	0.182506	1.4349	0.04275	p2
-0.241865	0.515278	1.53806	0.04275	p2
-1.37817	-0.456984	-0.591286	0.04275	p2
-0.650083	-0.917243	1.1988	0.04275	p2
1.23136	-1.08717	-0.271972	0.04275	p2
0.774964	0.28007	1.53241	0.04275	p2
0.497011	1.352	0.916175	0.04275	p2
-0.268427	1.38011	-0.868861	0.04275	p2
-0.720717	-1.4474	-0.268006	0.04275	p2
-0.866022	1.0817	0.839917	0.04275	p2
1.07059	-0.177963	1.26951	0.04275	p2
-0.829415	1.38811	-0.338558	0.04275	p2
0.741559	-0.592043	1.26828	0.04275	p2
-0.980009	0.380692	1.2631	0.04275	p2
-0.453117	-1.00518	-0.906778	0.04275	p2
-1.65128	-0.283467	0.526304	0.04275	p2
-1.14036	-0.670211	0.868015	0.04275	p2
-0.877349	-0.928121	1.18691	0.04275	p2
1.00847	0.0170383	1.20632	0.04275	p2
-1.08086	0.533211	1.05633	0.04275	p2
0.00776359	1.53082	0.419009	0.04275	p2
-1.4663	-0.0408192	0.74283	0.04275	p2
-0.285844	0.835325	-1.50116	0.04275	p2
0.621024	1.20319	-0.782488	0.04275	p2
-0.7921	0.403655	1.11191	0.04275	p2
-0.11272	0.510179	1.49162	0.04275	p2
0.526693	-0.910131	-0.973368	0.04275	p2
0.441787	0.12383	-1.45347	0.04275	p2
-0.903572	1.06332	0.421574	0.04275	p2
-1.05433	-1.25587	-0.397457	0.04275	p2
0.788497	-1.24311	-0.150492	0.04275	p2
1.4698	0.840454	-0.45379	0.04275	p2
0.870043	-1.25527	-0.441611	0.04275	p2
1.14705	1.14118	0.0551706	0.04275	p2
1.46047	0.535237	-0.786919	0.04275	p2
-0.306403	1.18751	-1.07143	0.04275	p2
-0.0285046	-1.55825	-0.116543	0.04275	p2
1.08263	0.500061	-1.06837	0.04275	p2
-0.336316	1.26971	1.13985	0.04275	p2
1.28575	-0.38924	1.13005	0.04275	p2
1.61784	0.151688	0.286523	0.04275	p2
1.54811	0.655556	-0.0147432	0.04275	p2
-0.670513	-1.00915	-1.13018	0.04275	p2
0.0786557	-1.70176	0.42723	0.04275	p2
-1.05461	-0.10725	0.966741	0.04275	p2
1.32125	0.756142	0.00928962	0.04275	p2
-0.410312	0.323206	1.45328	0.04275	p2
-1.61294	0.587408	0.287328	0.04275	p2
-1.44264	-0.949806	-0.210444	0.04275	p2
1.05247	0.623823	-0.779304	0.04275	p2
-0.503324	-1.27096	-0.782945	0.04275	p2
-1.28448	0.40545	-0.654373	0.04275	p2
-1.27475	1.05364	-0.233899	0.04275	p2
-0.004491	-0.414053	1.36773	0.04275	p2
-1.56756	-0.0645715	0.246332	0.04275	p2
1.19113	-0.995692	-0.261319	0.04275	p2
-1.18628	0.776098	0.761337	0.04275	p2
-1.59697	-0.163352	-0.56346	0.04275	p2
-0.290076	0.262765	1.64028	0.04275	p2
1.11351	-1.2587	-0.465656	0.04275	p2
0.55941	0.408682	-1.38377	0.04275	p2
-1.21753	0.611704	0.866165	0.04275	p2
-0.671585	-0.329114	1.37775	0.04275	p2
0.743078	1.36451	0.0862052	0.04275	p2
-0.232186	-0.825686	-1.21716	0.04275	p2
1.27729	0.24857	-1.17288	0.04275	p2
0.127662	0.202293	-1.41057	0.04275	p2
0.680343	1.13058	-0.534724	0.04275	p2
0.187048	1.28137	0.779407	0.04275	p2
1.35062	-0.490965	-0.161856	0.04275	p2
0.193324	-1.4791	0.331741	0.04275	p2
-0.855741	0.216901	-1.27887	0.04275	p2
-0.64431	0.949616	0.877372	0.04275	p2
0.0426409	0.647374	1.62341	0.04275	p2
-0.0999266	1.53347	0.441269	0.04275	p2
-1.58625	0.620475	0.386021	0.04275	p2
1.51646	0.536357	-0.0189247	0.04275	p2
0.763682	-1.53316	-0.376434	0.04275	p2
0.141818	1.6798	-0.160149	0.04275	p2
0.957452	-1.04466	0.57464	0.04275	p2
-1.36925	-0.73671	0.256718	0.04275	p2
0.776704	-1.30435	0.359971	0.04275	p2
-0.166194	-1.32424	0.772843	0.04275	p2
-1.68575	0.354179	0.262817	0.04275	p2
-1.5249	0.0476389	-0.856737	0.04275	p2
-0.632949	1.34907	0.836769	0.04275	p2
0.442696	-0.71975	-1.29675	0.04275	p2
1.547	-0.0359348	-0.728388	0.04275	p2
-1.35023	-0.868537	0.618737	0.04275	p2
-1.55947	-0.396616	0.522751	0.04275	p2
-0.216473	-1.20645	-0.916394	0.04275	p2
0.861645	-1.42027	0.440821	0.04275	p2
-1.19374	-1.05383	-0.315306	0.04275	p2
1.29272	-0.727169	-0.0343662	0.04275	p2
-0.780952	0.428208	1.21157	0.04275	p2
-1.26036	0.577322	-0.947142	0.04275	p2
1.39304	-0.377487	-0.769576	0.04275	p2
-1.50769	-0.13532	0.540169	0.04275	p2
-0.869503	-1.00659	-0.567733	0.04275	p2
-0.218712	-0.649285	1.43037	0.04275	p2
1.48223	0.913246	0.185328	0.04275	p2
-0.081016	-0.0358394	1.58724	0.04275	p2
-0.360654	-1.54764	0.489199	0.04275	p2
0.965419	0.680893	-0.942207	0.04275	p2
0.845086	0.37755	-1.09128	0.04275	p2
-1.10707	-0.0135633	1.11916	0.04275	p2
-0.272927	0.111453	1.45237	0.04275	p2
0.679707	1.20537	0.595517	0.04275	p2
-0.0166772	1.27395	0.638205	0.04275	p2
0.75821	1.30531	-0.737484	0.04275	p2
1.20743	0.336419	1.20265	0.04275	p2
0.013592	-1.58862	-0.747672	0.04275	p2
1.04446	-0.45541	1.30601	0.04275	p2
0.988069	-0.0628158	-1.20463	0.04275	p2
-0.508718	-1.55257	0.638403	0.04275	p2
0.597326	-1.15396	-0.95375	0.04275	p2
1.2623	-0.437621	0.706041	0.04275	p2
-1.65213	0.505873	0.239878	0.04275	p2
-0.767369	1.00745	0.782568	0.04275	p2
1.62867	0.437997	0.447929	0.04275	p2
-0.604847	-1.23372	-0.778583	0.04275	p2
1.05112	-1.19625	0.493885	0.04275	p2
0.925558	-0.285123	-1.29458	0.04275	p2
-1.05174	-0.682054	-0.850574	0.04275	p2
0.123654	-0.149847	-1.69743	0.04275	p2
0.930262	0.294945	-1.03995	0.04275	p2
0.270434	0.747489	1.45048	0.04275	p2
0.345666	0.574527	-1.29602	0.04275	p2
-1.6488	-0.11158	0.174492	0.04275	p2
0.654607	1.28069	-0.73085	0.04275	p2
1.22424	-0.00597783	0.963536	0.04275	p2
-0.587012	-0.346922	-1.49162	0.04275	p2
0.162024	1.37058	0.9903	0.04275	p2
0.472523	0.729786	-1.40811	0.04275	p2
-0.787958	-1.24014	0.486032	0.04275	p2
0.0360363	-1.39915	0.979311	0.04275	p2
0.604624	1.12902	1.17089	0.04275	p2
1.65381	-0.0258951	0.522121	0.04275	p2
-0.636312	-1.31758	0.523884	0.04275	p2
-0.509134	0.893052	-1.32196	0.04275	p2
-0.843641	-0.669082	1.35632	0.04275	p2
0.232587	0.521406	-1.52138	0.04275	p2
-1.35533	-0.463324	0.333165	0.04275	p2
-1.00428	-0.147909	-1.05544	0.04275	p2
-0.963673	-1.30088	0.00609125	0.04275	p2
1.40531	0.179758	0.737091	0.04275	p2
0.843311	0.961449	1.19539	0.04275	p2
1.4709	0.897563	-0.318515	0.04275	p2
0.715381	-1.43884	0.177964	0.04275	p2
-0.326917	-1.49358	0.757427	0.04275	p2
0.0155952	1.0643	1.38333	0.04275	p2
-0.00905913	-1.36791	-0.829822	0.04275	p2
-1.68726	-0.0240372	-0.348936	0.04275	p2
-0.668156	-1.27771	-0.694523	0.04275	p2
-1.31624	-0.0952287	0.566099	0.04275	p2
-0.0461566	0.442748	1.42273	0.04275	p2
0.253139	-1.22522	-1.21431	0.04275	p2
-0.988153	0.59625	-0.861177	0.04275	p2
-0.673532	-0.375716	1.51518	0.04275	p2
-1.09165	-0.800297	-1.00837	0.04275	p2
-1.50975	-0.585415	-0.65282	0.04275	p2
-0.672011	1.14404	-1.1163	0.04275	p2
1.56711	0.243671	-0.654627	0.04275	p2
1.36862	-0.434168	0.528141	0.04275	p2
1.47454	-0.16403	0.483875	0.04275	p2
1.02448	0.865462	-1.05604	0.04275	p2
0.479876	-0.776912	-1.21792	0.04275	p2
0.952242	1.11785	0.0495684	0.04275	p2
-0.904495	1.11857	0.668181	0.04275	p2
0.853599	-1.35783	-0.0885431	0.04275	p2
0.778334	1.51594	0.426049	0.04275	p2
0.152695	-1.44489	-0.384024	0.04275	p2
-1.25742	0.783244	0.474059	0.04275	p2
-0.18889	-1.57159	0.559733	0.04275	p2
0.489837	1.33245	0.162591	0.04275	p2
0.914145	-1.15119	0.381873	0.04275	p2
-1.48611	0.342055	-0.789221	0.04275	p2
0.405667	-0.948356	-1.41791	0.04275	p2
1.4654	-0.517438	0.804745	0.04275	p2
-0.119934	0.886411	-1.39386	0.04275	p2
-1.35273	-0.201551	-0.670194	0.04275	p2
-0.0356225	1.6175	0.414659	0.04275	p2
1.42116	0.293321	0.75366	0.04275	p2
-0.603343	-0.877185	1.35935	0.04275	p2
-1.34597	-0.0202152	1.07035	0.04275	p2
-0.291482	-1.12761	1.17003	0.04275	p2
1.12254	-1.08088	-0.710703	0.04275	p2
-0.701289	-0.811466	-1.38066	0.04275	p2
-1.36891	0.414945	-0.600487	0.04275	p2
0.317539	0.0539173	1.69294	0.04275	p2
0.350205	1.22116	-0.879078	0.04275	p2
1.60735	0.445087	-0.0332441	0.04275	p2
0.683905	0.708511	-1.4022	0.04275	p2
-1.29277	-0.19036	0.753571	0.04275	p2
1.04766	-0.566618	0.782203	0.04275	p2
0.118794	-1.74292	0.161566	0.04275	p2
-0.0100342	1.57136	0.576413	0.04275	p2
0.853955	1.22794	-0.0543815	0.04275	p2
1.29785	0.0419379	0.875402	0.04275	p2
0.484515	1.51537	0.202242	0.04275	p2
0.856887	-0.731557	1.33854	0.04275	p2
0.659549	-0.0626631	-1.28488	0.04275	p2
-0.324007	-1.40438	0.733925	0.04275	p2
0.812053	-0.708324	1.01256	0.04275	p2
0.77219	-0.0536841	-1.57304	0.04275	p2
0.581998	1.43333	-0.737003	0.04275	p2
-0.578285	1.55716	-0.40503	0.04275	p2
0.802226	-1.43548	-0.196326	0.04275	p2
1.16108	-0.739321	-0.425097	0.04275	p2
0.255853	0.798143	1.33243	0.04275	p2
-1.11466	-0.468763	0.760979	0.04275	p2
-1.35128	1.11391	-0.000968501	0.04275	p2
-0.0725455	0.962946	-1.41717	0.04275	p2
-0.154888	-1.22014	-1.0645	0.04275	p2
-1.36423	-0.914655	-0.382786	0.04275	p2
0.290222	1.18697	-0.808654	0.04275	p2
0.466115	0.185899	1.67834	0.04275	p2
1.27173	1.1791	0.198117	0.04275	p2
-0.815917	1.22645	-0.580829	0.04275	p2
-0.591641	-0.843213	1.02627	0.04275	p2
1.29459	0.367242	0.713556	0.04275	p2
-0.0535969	0.6303	-1.44125	0.04275	p2
-1.45697	0.339184	0.780419	0.04275	p2
-1.17731	-0.792065	-0.786259	0.04275	p2
-0.93532	-0.928521	-1.07852	0.04275	p2
1.13164	0.903463	0.21102	0.04275	p2
0.274821	0.72784	-1.29928	0.04275	p2
1.1386	0.0563337	-1.09611	0.04275	p2
-0.751582	1.25122	-0.130934	0.04275	p2
-1.16566	-0.996391	0.130807	0.04275	p2
-0.181297	-1.41402	-0.499485	0.04275	p2
0.975952	0.164736	-1.07948	0.04275	p2
1.02511	0.544776	1.03952	0.04275	p2
-0.304831	0.0140274	1.45327	0.04275	p2
-0.538798	1.43138	-0.0798292	0.04275	p2
1.1898	0.57142	-0.695442	0.04275	p2
1.05123	-1.3754	-0.200489	0.04275	p2
1.10035	0.188385	-1.0548	0.04275	p2
-0.367557	-1.70093	0.0823978	0.04275	p2
-0.595056	1.23753	0.508598	0.04275	p2
0.0438153	1.34231	0.58215	0.04275	p2
-0.844245	0.82722	0.794379	0.04275	p2
0.213835	-1.13048	0.913193	0.04275	p2
-1.20369	0.715704	0.369406	0.04275	p2
1.07111	0.994395	0.918196	0.04275	p2
1.37124	0.825765	0.0770938	0.04275	p2
-1.19988	0.947898	-0.56296	0.04275	p2
0.632624	-1.33843	-0.543116	0.04275	p2
-0.553995	0.206896	-1.46364	0.04275	p2
-0.0599136	-1.109	-0.971886	0.04275	p2
0.797644	-0.877194	-0.810094	0.04275	p2
1.04515	0.618902	1.08957	0.04275	p2
-0.725123	0.738582	1.09925	0.04275	p2
-0.821317	1.20852	-0.858907	0.04275	p2
-1.2894	-0.781295	-0.809689	0.04275	p2
-0.387591	-1.61424	-0.569694	0.04275	p2
1.34714	0.264394	-0.680211	0.04275	p2
1.10078	-0.259353	-0.893072	0.04275	p2
1.09045	-0.503299	-1.00709	0.04275	p2
1.47566	-0.824628	-0.478596	0.04275	p2
-0.0541315	0.547515	-1.52744	0.04275	p2
-0.0982906	-0.675312	-1.47372	0.04275	p2
0.926615	1.00524	-1.02173	0.04275	p2
0.676873	0.510541	1.14568	0.04275	p2
0.590219	-1.23889	0.920973	0.04275	p2
-1.47908	0.206436	-0.752374	0.04275	p2
0.243557	-0.832908	1.13012	0.04275	p2
0.449491	1.00985	-1.3076	0.04275	p2
-0.181573	0.456566	-1.49462	0.04275	p2
1.08418	-0.646648	-0.914751	0.04275	p2
-0.503668	0.468402	1.61636	0.04275	p2
-0.928766	-1.28975	-0.451586	0.04275	p2
-0.798538	1.47998	0.18885	0.04275	p2
1.2781	1.1762	-0.186169	0.04275	p2
0.990516	0.917838	-0.909742	0.04275	p2
0.961145	1.08927	-0.875182	0.04275	p2
-0.471869	-0.698387	-1.30477	0.04275	p2
1.10211	-0.218681	0.990014	0.04275	p2
0.26387	-1.28893	-1.14525	0.04275	p2
-0.0498629	-1.69958	-0.277521	0.04275	p2
-0.583829	-1.27942	0.900527	0.04275	p2
-0.288844	-0.161962	1.46744	0.04275	p2
-1.22649	-0.730507	0.976176	0.04275	p2
1.20294	0.800271	0.521319	0.04275	p2
0.899647	0.140804	1.13624	0.04275	p2
0.147247	0.301057	-1.38409	0.04275	p2
-0.154858	0.831455	-1.49094	0.04275	p2
-0.581691	-1.37595	0.862205	0.04275	p2
-0.595613	0.909556	0.953148	0.04275	p2
0.577142	-0.359645	-1.40584	0.04275	p2
0.0727346	-1.32054	0.527378	0.04275	p2
1.25879	-0.871726	0.144119	0.04275	p2
-0.695046	1.39507	0.162734	0.04275	p2
1.22556	0.163478	-0.790286	0.04275	p2
-0.0901722	1.69337	0.0468146	0.04275	p2
-0.379979	0.180753	1.61231	0.04275	p2
0.880866	0.643888	-1.22365	0.04275	p2
1.00272	-0.836009	0.676903	0.04275	p2
-1.42359	-0.088994	0.938085	0.04275	p2
0.0566987	-1.59723	-0.521089	0.04275	p2
1.15331	-0.675779	0.686606	0.04275	p2
1.47654	-0.649406	0.513551	0.04275	p2
-1.01487	-1.34667	-0.174786	0.04275	p2
-0.701401	-1.08364	-1.05289	0.04275	p2
-0.805273	-1.23645	-0.393685	0.04275	p2
-1.02324	-1.23156	-0.150147	0.04275	p2
1.66058	0.445034	-0.356734	0.04275	p2
0.984735	-1.16149	-0.500357	0.04275	p2
0.287151	-1.43514	0.508032	0.04275	p2
1.38224	-0.644814	0.793469	0.04275	p2
-0.996226	0.826076	0.621251	0.04275	p2
-0.746183	-1.25512	-0.911705	0.04275	p2
0.399528	-0.200957	1.6435	0.04275	p2
1.13505	0.427559	0.871128	0.04275	p2
1.48883	0.544297	0.735972	0.04275	p2
-1.20659	-0.251129	-0.963833	0.04275	p2
-1.18846	-0.312225	1.22999	0.04275	p2
0.715025	1.07358	1.16187	0.04275	p2
1.03715	0.200798	1.19647	0.04275	p2
-0.0649532	-0.966181	1.38461	0.04275	p2
-0.118035	-1.47908	-0.223119	0.04275	p2
0.302697	0.105941	-1.71908	0.04275	p2
-0.8498	-1.45035	-0.38359	0.04275	p2
0.484068	1.12599	-1.17506	0.04275	p2
0.687782	0.135072	-1.36268	0.04275	p2
1.45554	0.236927	-0.692378	0.04275	p2
0.876149	-1.42513	0.526973	0.04275	p2
0.234762	1.46959	0.894079	0.04275	p2
-1.13111	-0.215866	1.12684	0.04275	p2
-1.16714	-0.0741054	-0.987237	0.04275	p2
0.65482	-0.0632782	-1.54013	0.04275	p2
-1.34979	-0.233756	0.508581	0.04275	p2
1.45519	-0.957156	0.0192782	0.04275	p2
1.31616	0.184451	1.11229	0.04275	p2
-0.840538	-1.15287	-0.482035	0.04275	p2
-0.66012	-1.17109	-0.913162	0.04275	p2
-0.0156748	-1.38248	-0.93897	0.04275	p2
-1.09726	-0.766963	-0.721449	0.04275	p2
-1.06212	-0.828708	1.10478	0.04275	p2
-1.18093	-0.82737	0.897903	0.04275	p2
-0.219408	1.60646	0.482159	0.04275	p2
1.48078	-0.520786	0.444771	0.04275	p2
-0.150354	-1.41148	0.770775	0.04275	p2
0.10467	1.70524	-0.349916	0.04275	p2
0.858493	1.26871	0.357859	0.04275	p2
-1.38033	-0.782436	-0.22764	0.04275	p2
-0.311024	1.54293	0.588786	0.04275	p2
0.945906	-1.05541	-0.126385	0.04275	p2
1.33634	-0.622339	0.72467	0.04275	p2
-0.937557	1.43579	-0.22265	0.04275	p2
-1.1577	0.0101432	-1.05563	0.04275	p2
-0.98735	0.6198	-1.25314	0.04275	p2
0.847014	-1.52945	-0.101989	0.04275	p2
0.874737	0.905235	-1.07923	0.04275	p2
1.09675	-0.732169	-1.13686	0.04275	p2
1.45902	-0.50281	-0.424605	0.04275	p2
1.31542	0.964786	0.0540776	0.04275	p2
-0.510942	-1.26482	0.94949	0.04275	p2
-0.0503883	-1.50952	0.617179	0.04275	p2
-0.363462	0.0362589	-1.66383	0.04275	p2
1.27639	0.968476	0.326961	0.04275	p2
0.463426	0.586367	-1.23357	0.04275	p2
-0.319104	0.742987	1.43679	0.04275	p2
0.660757	-0.769149	1.28264	0.04275	p2
-0.15656	-1.2491	0.70852	0.04275	p2
0.742293	0.988326	1.19522	0.04275	p2
1.51657	-0.0986235	0.0875112	0.04275	p2
-1.39396	0.17001	0.389805	0.04275	p2
-0.140041	-1.37432	1.04622	0.04275	p2
0.568985	0.871323	-1.41257	0.04275	p2
1.56075	-0.248958	-0.727936	0.04275	p2
-0.557539	1.37556	0.00694778	0.04275	p2
0.197376	-1.14549	1.26446	0.04275	p2
1.02412	-0.310222	-1.20677	0.04275	p2
0.176261	-0.209615	1.54507	0.04275	p2
-1.4258	0.739466	0.369578	0.04275	p2
-1.47467	0.61741	-0.529825	0.04275	p2
-0.0243901	-0.428701	-1.51036	0.04275	p2
1.58127	0.241158	0.0710366	0.04275	p2
1.19998	1.10181	0.142887	0.04275	p2
0.903758	0.65158	1.02335	0.04275	p2
-1.31053	0.788542	-0.227103	0.04275	p2
0.18614	-1.37366	1.0122	0.04275	p2
0.159677	1.14795	1.11906	0.04275	p2
0.57001	1.01037	0.949283	0.04275	p2
-0.116736	1.21575	-0.885865	0.04275	p2
-1.04681	-1.31012	0.489704	0.04275	p2
-1.27492	0.788408	0.67256	0.04275	p2
-1.45067	-0.0870721	-0.561627	0.04275	p2
1.29241	0.216374	-0.581006	0.04275	p2
-1.41643	0.0169336	0.358641	0.04275	p2
0.785288	-1.24977	0.764926	0.04275	p2
0.77429	-0.793767	-1.05735	0.04275	p2
1.45906	-0.592987	0.239055	0.04275	p2
-1.15574	0.0698672	1.02356	0.04275	p2
-1.32148	0.561214	0.230651	0.04275	p2
-0.25681	-0.511632	-1.30847	0.04275	p2
0.841232	-0.322659	1.43176	0.04275	p2
0.527753	-1.10111	1.17028	0.04275	p2
-1.36728	0.100031	0.618537	0.04275	p2
0.928193	1.423	0.334285	0.04275	p2
0.0353872	1.25489	1.00844	0.04275	p2
0.376415	-1.10597	-1.12213	0.04275	p2
0.0351523	1.09875	1.27694	0.04275	p2
-0.164629	1.09073	-1.12724	0.04275	p2
0.562999	-1.47371	0.634151	0.04275	p2
0.204186	0.321264	1.37993	0.04275	p2
1.38171	-0.669904	0.6118	0.04275	p2
-0.56615	-1.4605	-0.317608	0.04275	p2
1.6108	-0.365984	-0.461711	0.04275	p2
0.558859	0.472338	-1.56935	0.04275	p2
0.172134	1.43351	-0.73189	0.04275	p2
1.4454	-0.120928	0.376153	0.04275	p2
1.34525	-1.12892	0.0224329	0.04275	p2
1.21198	0.0934531	-0.865098	0.04275	p2
-0.637138	-1.49896	0.00787025	0.04275	p2
-0.809003	0.124465	1.49446	0.04275	p2
1.2477	-1.02648	-0.50473	0.04275	p2
-0.538585	0.964322	1.17801	0.04275	p2
-1.09583	0.573662	-0.766406	0.04275	p2
-0.816137	-0.618254	1.16535	0.04275	p2
-0.808283	-0.502605	1.41532	0.04275	p2
1.02459	-0.31948	-0.952596	0.04275	p2
0.711521	0.303196	1.22412	0.04275	p2
-1.5372	0.540584	0.254645	0.04275	p2
-0.866728	-0.993674	-0.934285	0.04275	p2
0.556716	0.603709	-1.3367	0.04275	p2
-0.135291	1.65046	0.505715	0.04275	p2
0.91994	-0.966403	0.634392	0.04275	p2
-0.70058	-1.60182	-0.0977068	0.04275	p2
1.12279	-0.769985	-0.499283	0.04275	p2
-1.3931	-0.608726	-0.384332	0.04275	p2
1.2979	-0.33374	0.844758	0.04275	p2
0.451381	-1.60919	0.416138	0.04275	p2
-1.05985	0.729921	0.741845	0.04275	p2
0.434683	1.35934	-0.799128	0.04275	p2
-0.429612	1.38233	-0.228025	0.04275	p2
1.22819	0.743335	-0.889789	0.04275	p2
-0.315158	-1.25621	0.763966	0.04275	p2
-0.860713	0.43563	-1.41895	0.04275	p2
-1.23918	1.12799	0.395865	0.04275	p2
0.747919	-0.652768	-1.06413	0.04275	p2
1.36027	0.775563	-0.773394	0.04275	p2
0.602794	-1.01841	-0.820629	0.04275	p2
-1.49238	0.189943	0.270072	0.04275	p2
-1.0636	-0.265449	0.965345	0.04275	p2
-0.49624	-0.9366	-1.28839	0.04275	p2
-1.0962	1.2092	0.398512	0.04275	p2
-0.388277	-0.284411	1.34279	0.04275	p2
0.0383442	0.434524	-1.35655	0.04275	p2
-1.08209	0.772696	-0.520197	0.04275	p2
1.54311	0.684093	-0.338055	0.04275	p2
0.814094	0.772935	1.07864	0.04275	p2
-0.537215	0.0769239	1.60657	0.04275	p2
-0.592761	1.21231	-0.63127	0.04275	p2
0.472801	-0.171912	-1.40595	0.04275	p2
-0.393542	1.23008	0.620455	0.04275	p2
-1.22564	-0.379677	-0.629174	0.04275	p2
0.405519	-1.29514	-0.594884	0.04275	p2
-0.597146	-1.39852	0.541423	0.04275	p2
1.18862	0.673446	0.699581	0.04275	p2
0.426778	-1.3723	0.12744	0.04275	p2
1.45414	-0.686871	-0.173842	0.04275	p2
-0.698933	0.45449	1.16652	0.04275	p2
0.610233	-0.236913	-1.42029	0.04275	p2
1.28775	-1.12294	-0.217684	0.04275	p2
0.669859	-0.262998	-1.27857	0.04275	p2
-0.59906	0.873306	-1.07218	0.04275	p2
0.663308	1.23292	-0.367309	0.04275	p2
0.973343	0.913791	-0.575463	0.04275	p2
0.860137	1.4307	0.182682	0.04275	p2
-0.264728	1.43204	-0.167895	0.04275	p2
0.238055	-1.48946	-0.0962098	0.04275	p2
-0.878642	1.25585	0.438345	0.04275	p2
-1.17584	-1.22041	-0.424603	0.04275	p2
-0.427533	-1.48056	0.0286709	0.04275	p2
-0.6856	1.4918	-0.207296	0.04275	p2
-1.37547	0.475509	-0.951703	0.04275	p2
0.0724419	1.25094	0.773062	0.04275	p2
-1.03516	1.39489	0.127898	0.04275	p2
0.0223	1.41277	0.301421	0.04275	p2
-1.23004	0.565559	-0.499207	0.04275	p2
0.883319	0.915623	-1.17531	0.04275	p2
-0.0329577	-0.240592	-1.65322	0.04275	p2
-1.22071	0.735906	0.101914	0.04275	p2
0.432353	-1.17734	0.738816	0.04275	p2
0.172853	0.304359	1.68444	0.04275	p2
-1.173	-0.88088	-0.875749	0.04275	p2
-0.575022	1.60502	-0.225154	0.04275	p2
0.844513	-1.40206	0.158519	0.04275	p2
-0.546587	-1.40975	0.43064	0.04275	p2
-1.0808	0.14045	-0.936391	0.04275	p2
0.89536	0.775572	1.193	0.04275	p2
0.701864	1.22443	-0.574072	0.04275	p2
-1.16143	-0.873807	0.297635	0.04275	p2
0.588388	0.838147	-1.25007	0.04275	p2
0.369452	1.34275	-0.896354	0.04275	p2
0.807831	1.01919	1.10929	0.04275	p2
-0.456047	1.11706	0.946352	0.04275	p2
-1.42707	-0.144276	0.0317961	0.04275	p2
-0.498293	-0.166403	1.51157	0.04275	p2
0.686153	-1.15174	-0.848437	0.04275	p2
-1.14587	0.584484	0.673557	0.04275	p2
0.238216	0.156732	1.53545	0.04275	p2
1.20411	0.218006	-0.857811	0.04275	p2
-0.763124	-0.978957	-0.94582	0.04275	p2
-0.704396	-1.52584	0.350525	0.04275	p2
1.50331	0.831095	-0.220766	0.04275	p2
0.0491459	-1.2092	-1.03613	0.04275	p2
-0.550342	-1.60417	-0.170314	0.04275	p2
-0.750086	-0.360057	-1.34994	0.04275	p2
0.00913233	1.38031	1.0498	0.04275	p2
0.913951	0.765784	-0.92705	0.04275	p2
-0.617495	-0.142236	1.60918	0.04275	p2
0.309309	0.637292	1.30374	0.04275	p2
1.27562	-0.785416	0.093394	0.04275	p2
0.188196	0.086957	-1.44905	0.04275	p2
0.648608	0.768848	-1.31067	0.04275	p2
0.90639	1.04599	-0.347059	0.04275	p2
-0.618353	1.27424	0.153399	0.04275	p2
1.43593	-0.103512	0.724105	0.04275	p2
-0.385333	-0.401244	-1.31541	0.04275	p2
-1.29541	-1.12349	-0.3299	0.04275	p2
-0.221532	1.46333	-0.238359	0.04275	p2
0.163661	1.4034	0.510609	0.04275	p2
-0.598026	0.824097	-1.3947	0.04275	p2
1.31115	-1.01449	0.100363	0.04275	p2
-0.921388	-0.704874	0.828079	0.04275	p2
-0.867275	0.901752	0.898361	0.04275	p2
-0.497206	-0.252139	-1.44816	0.04275	p2
1.30041	0.664399	-0.351008	0.04275	p2
-0.176089	-0.347905	1.68351	0.04275	p2
1.51773	0.34308	0.303293	0.04275	p2
0.904914	-0.614979	-1.37197	0.04275	p2
0.109899	-1.37148	0.757388	0.04275	p2
0.484402	0.635092	1.19348	0.04275	p2
0.704686	-1.49893	0.537767	0.04275	p2
-0.0187214	-1.46355	0.885531	0.04275	p2
0.803979	0.804653	0.957508	0.04275	p2
-0.737332	1.12753	0.505505	0.04275	p2
-1.01909	-0.866946	0.629044	0.04275	p2
1.6464	0.585773	0.149688	0.04275	p2
-1.04979	0.351788	-1.32165	0.04275	p2
-1.68505	0.255376	0.0159406	0.04275	p2
0.228513	-0.403378	1.57216	0.04275	p2
-0.684801	0.107742	-1.57726	0.04275	p2
0.551232	-0.78878	1.34087	0.04275	p2
-0.960918	-1.01207	-0.555108	0.04275	p2
-1.02654	-0.0623112	1.17895	0.04275	p2
-0.000443335	0.80012	-1.38714	0.04275	p2
-1.64677	-0.594283	0.140645	0.04275	p2
0.864158	-1.21115	-0.923412	0.04275	p2
-1.28933	-0.130191	-0.763178	0.04275	p2
-0.0367026	0.713454	1.57129	0.04275	p2
1.20441	-0.616862	-1.04918	0.04275	p2
0.419185	-1.37648	-0.454266	0.04275	p2
-0.0695358	1.6926	0.452477	0.04275	p2
1.34515	0.626236	-0.419031	0.04275	p2
-0.178406	-1.49246	0.31267	0.04275	p2
1.0555	1.04981	-0.61826	0.04275	p2
-0.961362	-0.665286	-1.28023	0.04275	p2
-0.842022	0.251957	1.33529	0.04275	p2
0.93394	1.14215	0.210311	0.04275	p2
-0.469564	-1.38676	0.462438	0.04275	p2
0.396205	-0.951079	1.09681	0.04275	p2
0.779145	-0.134416	1.19222	0.04275	p2
-1.44514	0.657473	-0.734185	0.04275	p2
-0.657104	-0.620082	-1.1123	0.04275	p2
-1.11711	0.727069	-0.833196	0.04275	p2
0.635786	-0.626005	1.16662	0.04275	p2
0.489688	-0.95205	1.11792	0.04275	p2
1.10053	1.04534	0.601251	0.04275	p2
1.10193	0.343187	0.901785	0.04275	p2
-0.569326	1.59648	0.3554	0.04275	p2
0.426709	1.36889	0.605772	0.04275	p2
-0.598921	0.534207	-1.3955	0.04275	p2
-0.125745	1.51195	0.819546	0.04275	p2
1.58843	0.0419395	0.0435904	0.04275	p2
1.29435	-0.697855	0.0754176	0.04275	p2
-0.0816755	-1.4901	-0.883775	0.04275	p2
-1.11781	-0.572026	0.905984	0.04275	p2
-1.43398	-0.906707	0.319063	0.04275	p2
-1.18823	0.939214	-0.6996	0.04275	p2
1.26353	-1.20626	0.122657	0.04275	p2
0.494531	-0.335368	1.44356	0.04275	p2
0.154266	1.57279	0.345503	0.04275	p2
0.285162	-1.57608	0.722664	0.04275	p2
-0.144739	1.4899	-0.7009	0.04275	p2
0.902292	-0.0580533	-1.21713	0.04275	p2
0.718645	1.33265	-0.182122	0.04275	p2
0.827603	1.36379	0.524853	0.04275	p2
-0.282383	-0.238574	-1.68968	0.04275	p2
-1.54163	0.728226	-0.0580207	0.04275	p2
-0.950237	0.319886	1.40805	0.04275	p2
-0.396046	1.55948	0.11527	0.04275	p2
-0.763114	1.35593	0.808727	0.04275	p2
-0.94405	-1.20939	0.167458	0.04275	p2
-0.901567	-0.85657	-0.721568	0.04275	p2
0.597502	0.900069	-1.16862	0.04275	p2
-1.53545	-0.281399	0.543119	0.04275	p2
-0.0375565	1.2576	-0.845891	0.04275	p2
-1.4381	0.750144	0.224386	0.04275	p2
1.46845	-0.599269	0.115605	0.04275	p2
-1.56408	0.561249	0.515927	0.04275	p2
0.90142	-0.670832	0.983092	0.04275	p2
-0.0131157	0.61086	1.42232	0.04275	p2
-1.03122	-0.292726	-1.32394	0.04275	p2
-1.55829	-0.612059	-0.524935	0.04275	p2
0.487544	1.2769	0.987956	0.04275	p2
-0.343164	1.40221	-0.212909	0.04275	p2
-1.51705	0.125907	0.871816	0.04275	p2
0.666848	-0.315007	1.23057	0.04275	p2
-1.30893	0.978649	-0.627549	0.04275	p2
0.635695	-0.032935	-1.62504	0.04275	p2
0.141439	-0.702598	1.54743	0.04275	p2
0.0418369	0.399854	1.38417	0.04275	p2
1.26514	0.450999	0.993505	0.04275	p2
0.338979	0.512996	1.52662	0.04275	p2
1.38582	0.386791	0.794628	0.04275	p2
-0.807715	-0.661818	0.991318	0.04275	p2
1.38025	-0.130458	-0.565481	0.04275	p2
0.70166	1.00302	-0.753339	0.04275	p2
1.35525	0.288771	1.0455	0.04275	p2
-1.07929	1.25147	-0.169303	0.04275	p2
0.569951	1.3453	0.970391	0.04275	p2
-1.50743	0.0493453	-0.417673	0.04275	p2
1.37642	0.756817	-0.433142	0.04275	p2
1.31191	0.857199	-0.360037	0.04275	p2
1.10754	-0.885526	-0.84829	0.04275	p2
0.421431	1.39302	0.728337	0.04275	p2
0.674251	0.581652	-1.32458	0.04275	p2
0.580824	0.390355	1.25028	0.04275	p2
-0.468292	-1.18653	0.64341	0.04275	p2
-1.16041	-0.960751	-0.657266	0.04275	p2
0.192193	-0.954765	1.19274	0.04275	p2
1.38719	-0.826892	-0.210038	0.04275	p2
-0.727048	0.901555	1.04681	0.04275	p2
1.50492	-0.784042	0.318684	0.04275	p2
-0.8256	-0.592918	-1.33536	0.04275	p2
-0.644378	-1.28604	-1.00482	0.04275	p2
0.150892	1.07248	1.29864	0.04275	p2
-1.24573	0.919592	-0.816358	0.04275	p2
0.158283	-1.43646	-0.553231	0.04275	p2
0.666219	-0.994747	0.923451	0.04275	p2
-0.100774	-1.25799	-0.888462	0.04275	p2
-0.291613	-0.807977	-1.4945	0.04275	p2
0.53398	-0.996651	-0.990037	0.04275	p2
-0.107383	1.4424	0.123594	0.04275	p2
0.28172	-1.20357	1.08039	0.04275	p2
-0.256426	-1.49045	0.410851	0.04275	p2
1.4181	0.0733978	0.930565	0.04275	p2
1.14222	-0.956408	0.657414	0.04275	p2
0.769718	-1.46408	0.0871722	0.04275	p2
1.37451	-0.47554	-0.713141	0.04275	p2
0.17917	0.0510742	-1.55982	0.04275	p2
1.48394	-0.0298089	-0.894717	0.04275	p2
-0.988916	-0.931385	-0.846115	0.04275	p2
0.839809	-1.16698	-0.733708	0.04275	p2
-1.11855	0.192117	1.10978	0.04275	p2
1.04707	-1.28383	-0.339939	0.04275	p2
0.564935	0.249793	-1.4924	0.04275	p2
-0.572661	1.49386	0.489438	0.04275	p2
-1.49594	-0.397819	-0.588542	0.04275	p2
-0.396779	-1.52542	-0.692182	0.04275	p2
0.671597	-1.52626	-0.089288	0.04275	p2
0.220996	-1.39313	-0.397374	0.04275	p2
1.64592	-0.256056	0.0847107	0.04275	p2
0.223672	0.861012	1.15276	0.04275	p2
-0.690384	0.162942	-1.48247	0.04275	p2
-1.24966	-0.976878	-0.132162	0.04275	p2
1.08548	0.377117	-0.86306	0.04275	p2
-0.0804643	0.265929	-1.47874	0.04275	p2
-1.50973	0.795793	0.124306	0.04275	p2
0.924033	-1.13907	-0.180427	0.04275	p2
1.15153	1.11108	0.623637	0.04275	p2
0.991022	-0.151393	1.05506	0.04275	p2
0.356352	-1.32085	-0.873366	0.04275	p2
-0.259546	1.5181	0.505646	0.04275	p2
-0.239185	1.02794	1.20549	0.04275	p2
-0.300466	1.31482	-0.574784	0.04275	p2
-0.264742	1.27997	-0.704429	0.04275	p2
-1.71843	-0.337715	-0.00524235	0.04275	p2
0.304489	-1.41461	-0.187905	0.04275	p2
-1.0672	-0.758553	-1.14151	0.04275	p2
-1.68824	0.455159	0.0275565	0.04275	p2
-0.564973	1.25269	0.639537	0.04275	p2
-0.971309	0.858344	-0.599935	0.04275	p2
1.03261	1.38791	0.144398	0.04275	p2
-0.962294	1.21606	-0.700958	0.04275	p2
-0.832559	1.34415	-0.601609	0.04275	p2
-1.09284	0.317229	0.869421	0.04275	p2
0.493063	1.46782	-0.705198	0.04275	p2
-1.14344	1.04661	-0.46772	0.04275	p2
0.184194	0.384501	-1.36327	0.04275	p2
-0.112312	-1.07295	-1.03737	0.04275	p2
-1.11542	0.925658	-0.0142854	0.04275	p2
-0.33374	-1.66142	-0.231703	0.04275	p2
-1.09777	-0.879533	0.715548	0.04275	p2
-0.126673	1.11972	-1.20048	0.04275	p2
0.0847693	1.67876	0.334089	0.04275	p2
-1.52718	0.0422423	0.685955	0.04275	p2
-1.10488	0.202251	-1.2191	0.04275	p2
-0.94307	-1.24828	-0.704314	0.04275	p2
-0.399577	-1.1035	-1.04132	0.04275	p2
-0.909758	-1.37438	-0.570161	0.04275	p2
-1.10474	-0.43367	0.907442	0.04275	p2
-0.341002	0.214997	1.41038	0.04275	p2
0.578153	0.62374	1.24707	0.04275	p2
-0.294241	1.24212	-1.15069	0.04275	p2
0.631669	-1.35888	0.654505	0.04275	p2
0.717578	-1.22179	1.02292	0.04275	p2
0.200388	-0.342175	1.41114	0.04275	p2
-0.711541	-1.38195	-0.47905	0.04275	p2
0.96059	-1.21606	-0.326754	0.04275	p2
-0.228675	0.488387	-1.42877	0.04275	p2
-0.0950721	-0.899708	1.33434	0.04275	p2
1.10357	-0.0513952	-0.964268	0.04275	p2
0.537075	1.00271	-1.28352	0.04275	p2
-0.434457	0.83934	1.07656	0.04275	p2
-0.867071	-1.20085	0.466268	0.04275	p2
-1.41608	0.155476	0.931941	0.04275	p2
0.552869	-0.975444	1.21821	0.04275	p2
-0.180613	-0.428465	1.47091	0.04275	p2
-1.67428	-0.0119027	0.5167	0.04275	p2
-0.84585	-1.24703	0.694009	0.04275	p2
-1.38073	-0.297051	-0.179707	0.04275	p2
-1.61793	0.166419	0.208277	0.04275	p2
-0.853392	1.20539	0.25997	0.04275	p2
0.561432	-1.29111	-1.02577	0.04275	p2
1.42077	-0.0530586	-0.795188	0.04275	p2
0.986624	0.599805	-0.854563	0.04275	p2
-0.791126	-1.13104	-1.07691	0.04275	p2
-0.58037	-0.226689	-1.60649	0.04275	p2
0.363238	1.47478	0.779883	0.04275	p2
0.141186	-0.297213	-1.5676	0.04275	p2
1.44994	-0.106201	-0.0257086	0.04275	p2
-0.776601	0.849077	-0.880585	0.04275	p2
-0.508897	1.4006	-0.18808	0.04275	p2
1.28643	0.240922	0.861872	0.04275	p2
0.329947	1.07783	1.06025	0.04275	p2
1.24118	0.579118	-0.585066	0.04275	p2
-0.116987	0.984389	1.41647	0.04275	p2
-0.714152	-1.58702	0.239597	0.04275	p2
-1.72413	0.103861	-0.240061	0.04275	p2
1.38197	-0.16621	0.51064	0.04275	p2
-0.955749	-0.305455	1.33486	0.04275	p2
-1.61359	-0.187411	-0.657789	0.04275	p2
0.860742	0.401567	-1.37384	0.04275	p2
-1.07058	1.04812	0.436179	0.04275	p2
-0.544032	-0.542077	-1.23598	0.04275	p2
-0.0560329	-1.55391	0.403449	0.04275	p2
1.12777	-0.558078	-0.746818	0.04275	p2
-0.147863	0.768396	-1.27664	0.04275	p2
0.475596	-0.593646	-1.20753	0.04275	p2
-1.3345	-0.935538	-0.494114	0.04275	p2
0.371692	1.24597	0.948284	0.04275	p2
1.48555	-0.260039	-0.501134	0.04275	p2
-0.547635	1.45396	0.573596	0.04275	p2
0.425915	-0.807984	-1.48054	0.04275	p2
-0.585697	1.56513	-0.313046	0.04275	p2
0.637993	0.191436	1.38897	0.04275	p2
-1.22222	-1.17779	0.301505	0.04275	p2
1.39929	0.355999	-0.155825	0.04275	p2
-0.372136	-0.180234	1.67044	0.04275	p2
-1.57097	-0.40818	-0.654365	0.04275	p2
1.12821	-0.229027	-0.992586	0.04275	p2
-0.676202	-1.25705	0.219268	0.04275	p2
-1.46373	-0.878938	0.404029	0.04275	p2
-0.72106	1.21255	-0.610299	0.04275	p2
-0.368872	-0.874686	-1.07808	0.04275	p2
-1.14801	-0.900799	0.194457	0.04275	p2
-0.645958	0.0184968	-1.62924	0.04275	p2
0.216726	0.1093	1.41017	0.04275	p2
-0.288478	1.59502	-0.590649	0.04275	p2
1.1162	-0.45118	-1.11705	0.04275	p2
1.38988	-0.268399	-0.376056	0.04275	p2
0.557699	1.54933	0.0341786	0.04275	p2
-0.563125	1.31913	-0.173929	0.04275	p2
1.19744	0.616536	0.624548	0.04275	p2
-1.01996	0.629516	0.959792	0.04275	p2
-0.801929	-0.241887	1.53158	0.04275	p2
0.734888	-0.178766	-1.36344	0.04275	p2
0.383366	-0.0508968	-1.37622	0.04275	p2
-0.607563	-1.35892	0.773427	0.04275	p2
-0.768148	1.14109	0.4133	0.04275	p2
-1.14027	0.189627	-0.844376	0.04275	p2
-0.256721	-1.43454	0.487771	0.04275	p2
-1.54369	0.349303	-0.392617	0.04275	p2
1.64868	-0.2737	-0.25248	0.04275	p2
0.296109	0.23344	-1.48521	0.04275	p2
0.309457	-1.49894	0.201806	0.04275	p2
0.0170275	1.61305	0.489657	0.04275	p2
0.21275	-1.35198	-0.492002	0.04275	p2
-1.56394	-0.460535	-0.527625	0.04275	p2
0.72861	-1.35112	-0.149159	0.04275	p2
-0.439193	-1.44764	-0.4862	0.04275	p2
-0.896919	-0.89407	-0.943681	0.04275	p2
1.22979	-0.334167	-0.633968	0.04275	p2
1.2814	0.838194	-0.713554	0.04275	p2
-0.31308	-1.23986	1.15681	0.04275	p2
0.0864396	-1.10462	0.908484	0.04275	p2
0.559971	-1.50829	0.497883	0.04275	p2
-1.07167	-0.80712	-0.62016	0.04275	p2
0.275805	-1.54083	0.371761	0.04275	p2
-0.257718	0.639168	-1.51113	0.04275	p2
-0.316357	1.69321	0.310473	0.04275	p2
-0.393092	0.601248	1.43301	0.04275	p2
-0.675435	-0.517336	-1.24729	0.04275	p2
1.66424	0.36199	0.242701	0.04275	p2
0.106174	0.918911	-1.48859	0.04275	p2
-1.18401	1.16944	0.448518	0.04275	p2
-1.37759	0.115389	0.50482	0.04275	p2
-1.14988	0.84769	0.593399	0.04275	p2
-0.734582	0.639146	1.06541	0.04275	p2
-0.0954245	0.251823	1.63356	0.04275	p2
0.164305	0.700592	1.55603	0.04275	p2
0.357365	0.768743	-1.35973	0.04275	p2
1.25541	0.141135	-1.08461	0.04275	p2
-1.25972	0.627114	-0.59294	0.04275	p2
-0.921141	-1.04825	0.32544	0.04275	p2
0.153749	-1.44878	0.54282	0.04275	p2
-0.889644	-1.12342	0.385875	0.04275	p2
1.27332	-0.793532	-0.628281	0.04275	p2
0.770083	0.458056	-1.49358	0.04275	p2
0.0966589	0.866229	1.3463	0.04275	p2
1.41794	-0.988859	-0.151401	0.04275	p2
0.875384	-1.17097	-0.0164675	0.04275	p2
-0.74209	1.2762	0.736692	0.04275	p2
-0.827015	-0.636662	-0.985759	0.04275	p2
0.32786	-0.35899	1.38079	0.04275	p2
-1.36148	0.0707173	-1.08278	0.04275	p2
-1.33011	-1.08199	0.170286	0.04275	p2
0.862289	1.1923	0.861812	0.04275	p2
-1.56975	0.686716	-0.328779	0.04275	p2
-0.174359	1.56415	0.394683	0.04275	p2
0.124403	-1.63093	-0.411004	0.04275	p2
-0.177497	0.953736	-1.43657	0.04275	p2
-1.06645	0.841917	0.493483	0.04275	p2
0.920137	-1.07917	-0.580242	0.04275	p2
1.17335	0.361936	-1.17633	0.04275	p2
1.21917	-0.0432263	-0.926727	0.04275	p2
-1.23888	0.339651	0.74614	0.04275	p2
0.410108	1.16653	-0.987915	0.04275	p2
-0.0450272	-0.386303	1.58666	0.04275	p2
-1.1848	-0.520856	-0.692758	0.04275	p2
-0.500757	1.0342	1.30736	0.04275	p2
1.38562	-0.701381	-0.0625117	0.04275	p2
0.783309	1.0733	0.627133	0.04275	p2
-0.954739	0.402728	1.06846	0.04275	p2
0.272369	0.55804	1.34521	0.04275	p2
-1.24229	0.858196	0.753662	0.04275	p2
0.254566	1.26269	-1.10817	0.04275	p2
0.506523	-0.081746	-1.66658	0.04275	p2
-0.179298	1.14483	0.928294	0.04275	p2
-1.28298	0.47421	-0.983406	0.04275	p2
-0.134365	-1.24949	1.15965	0.04275	p2
-1.14333	-0.0493906	1.2123	0.04275	p2
0.0986807	-1.44444	-0.728914	0.04275	p2
1.32413	0.113469	-1.13832	0.04275	p2
-1.51579	-0.0949734	0.794134	0.04275	p2
-1.24617	-0.790546	-0.7091	0.04275	p2
1.6311	0.113595	-0.023149	0.04275	p2
-0.521028	0.391761	-1.55747	0.04275	p2
-0.72705	1.30483	-0.313318	0.04275	p2
-1.15852	-0.627662	-0.844215	0.04275	p2
0.486266	-0.00953146	-1.60991	0.04275	p2
-1.04041	0.647087	-0.792593	0.04275	p2
-0.419923	-1.29784	-0.908969	0.04275	p2
-0.780815	-1.42185	-0.55929	0.04275	p2
1.03348	-0.952608	-0.890858	0.04275	p2
1.54406	-0.075888	0.644853	0.04275	p2
-1.37108	0.534791	-0.651676	0.04275	p2
0.339824	1.64646	0.0138189	0.04275	p2
-0.855634	1.35038	-0.42978	0.04275	p2
0.98541	-1.21293	-0.763175	0.04275	p2
1.57398	0.740314	0.110815	0.04275	p2
-0.335526	-0.508919	1.44515	0.04275	p2
-1.61305	0.260943	-0.442963	0.04275	p2
0.981663	1.10361	-0.594858	0.04275	p2
-0.451607	-1.37706	0.834429	0.04275	p2
1.62234	-0.0375343	-0.430781	0.04275	p2
-0.135713	-0.592093	1.39569	0.04275	p2
0.221099	1.13773	-0.833673	0.04275	p2
-1.68461	-0.261719	-0.0842528	0.04275	p2
-0.840556	-0.306092	-1.13098	0.04275	p2
1.44144	0.276055	-0.431181	0.04275	p2
-1.03281	0.886415	-0.529786	0.04275	p2
0.562396	-0.0126131	-1.50447	0.04275	p2
0.624481	1.53994	-0.497569	0.04275	p2
-0.191386	1.53128	0.617276	0.04275	p2
0.194144	0.754683	-1.34883	0.04275	p2
1.22039	-0.3404	-0.796407	0.04275	p2
0.724601	-0.563516	1.11578	0.04275	p2
1.43779	0.590558	-0.332154	0.04275	p2
0.621969	-0.910105	1.36709	0.04275	p2
-1.27978	-0.318913	-0.93391	0.04275	p2
-0.342979	-1.15476	-0.7596	0.04275	p2
-1.44405	0.405618	-0.0790575	0.04275	p2
-0.963885	-0.451335	1.24304	0.04275	p2
-1.27781	-1.14182	0.229999	0.04275	p2
0.344379	-1.45592	-0.114122	0.04275	p2
-1.14272	0.660514	0.557752	0.04275	p2
-1.40661	0.367665	0.464156	0.04275	p2
-1.07116	-0.418167	1.02233	0.04275	p2
1.0785	1.09357	0.352503	0.04275	p2
0.986253	1.43884	-0.191476	0.04275	p2
1.25914	-0.496725	-0.662419	0.04275	p2
1.06445	-0.636369	-1.2015	0.04275	p2
-1.52904	0.447085	-0.16769	0.04275	p2
1.14059	1.27507	-0.379531	0.04275	p2
-1.21407	-0.535232	-0.513732	0.04275	p2
-1.07549	0.855383	1.04183	0.04275	p2
-0.608885	-0.29509	1.59483	0.04275	p2
-0.504831	0.595616	1.1899	0.04275	p2
-1.54447	0.748735	0.2417	0.04275	p2
1.38901	-0.317559	0.738692	0.04275	p2
-1.1177	-1.02078	0.46932	0.04275	p2
0.50946	1.20327	0.91492	0.04275	p2
-1.60701	-0.580537	-0.293693	0.04275	p2
0.157389	1.43999	0.786796	0.04275	p2
0.494032	0.406853	1.53293	0.04275	p2
-0.609081	-0.641147	1.40557	0.04275	p2
-0.060252	-0.178134	-1.73207	0.04275	p2
0.349447	-1.32548	1.05415	0.04275	p2
0.414777	-0.0968985	-1.48087	0.04275	p2
1.19632	-1.22248	0.398013	0.04275	p2
0.724431	0.528448	1.35239	0.04275	p2
-0.473002	1.26119	0.912875	0.04275	p2
-0.871186	1.36079	-0.68807	0.04275	p2
-1.33061	0.369568	0.891375	0.04275	p2
1.15515	-0.890788	0.524204	0.04275	p2
0.329246	1.17325	1.0256	0.04275	p2
0.605477	0.732348	-1.08202	0.04275	p2
0.387212	0.412787	-1.5182	0.04275	p2
-0.660384	1.2888	-0.39732	0.04275	p2
-1.46202	-0.459126	-0.801237	0.04275	p2
1.18132	-0.914661	0.19142	0.04275	p2
0.498	-1.01886	1.33617	0.04275	p2
-0.784588	0.548987	1.19374	0.04275	p2
-0.232066	1.14786	-1.23411	0.04275	p2
0.606788	1.38479	-0.437328	0.04275	p2
0.840275	-0.0932363	1.4983	0.04275	p2
-0.297901	0.0788735	1.72441	0.04275	p2
1.23356	1.12427	0.543554	0.04275	p2
-0.375685	-1.3068	0.79968	0.04275	p2
-0.0754598	0.324319	1.70115	0.04275	p2
-0.793264	-1.33657	0.254402	0.04275	p2
-0.655076	-1.0171	0.935327	0.04275	p2
-0.350657	1.06186	-1.11348	0.04275	p2
0.178116	0.238213	-1.48018	0.04275	p2
1.31	0.330792	1.10487	0.04275	p2
-0.619412	-0.704039	-1.22194	0.04275	p2
0.91726	0.228808	-1.09422	0.04275	p2
-0.268346	-0.534028	1.55361	0.04275	p2
-1.60672	0.166353	-0.0403162	0.04275	p2
-1.34429	-0.337546	0.829518	0.04275	p2
-0.804227	0.0678838	-1.50814	0.04275	p2
1.63681	-0.461497	0.18692	0.04275	p2
-1.60368	-0.110669	-0.700648	0.04275	p2
1.20519	0.747618	-0.298795	0.04275	p2
1.27953	0.762631	0.26808	0.04275	p2
-0.617199	-0.33444	-1.60164	0.04275	p2
-0.848124	-0.950631	-1.03486	0.04275	p2
0.593938	0.319078	-1.26103	0.04275	p2
-1.0694	-0.846003	-0.537198	0.04275	p2
-0.426479	0.447663	-1.5965	0.04275	p2
-0.619592	-1.58257	-0.289033	0.04275	p2
-1.4851	-0.629338	-0.427053	0.04275	p2
-0.503779	1.22185	-0.935238	0.04275	p2
1.00042	0.356697	0.964077	0.04275	p2
-0.842535	1.44564	0.326382	0.04275	p2
0.0749279	-1.02302	1.09457	0.04275	p2
0.743098	-1.05744	1.1686	0.04275	p2
-1.46477	-0.905857	0.047253	0.04275	p2
-0.46178	0.501088	1.40953	0.04275	p2
-0.676269	0.907159	1.20856	0.04275	p2
1.31263	-0.8729	-0.532396	0.04275	p2
1.02585	0.986587	0.617055	0.04275	p2
0.247509	-0.281295	1.63412	0.04275	p2
-1.44255	-0.195238	-0.658898	0.04275	p2
0.32446	-1.49859	-0.0369726	0.04275	p2
0.137641	1.40505	-0.283448	0.04275	p2
1.68334	0.0931535	-0.196383	0.04275	p2
0.0719765	1.54527	0.544949	0.04275	p2
1.1368	-0.332492	1.28719	0.04275	p2
-1.03626	-0.559686	-0.884623	0.04275	p2
-1.01675	1.01296	-0.165051	0.04275	p2
0.82711	0.707674	0.933293	0.04275	p2
-0.552411	-0.0397944	-1.52836	0.04275	p2
1.55284	0.111285	-0.794997	0.04275	p2
-0.636977	0.0899023	-1.3689	0.04275	p2
0.880907	0.297271	1.12739	0.04275	p2
0.672831	-0.903467	1.22036	0.04275	p2
-1.52527	0.0837658	0.202064	0.04275	p2
1.31714	-0.490967	0.60978	0.04275	p2
0.370374	1.55034	-0.125113	0.04275	p2
-0.784889	-1.33801	0.78974	0.04275	p2
1.3451	1.09224	0.0279363	0.04275	p2
0.528998	-0.74201	1.19165	0.04275	p2
0.569266	-1.01688	-0.909893	0.04275	p2
-0.273731	1.04921	-1.20823	0.04275	p2
0.387158	1.0894	1.12769	0.04275	p2
0.527414	1.38683	0.659959	0.04275	p2
0.644333	-1.08627	-0.779092	0.04275	p2
0.205408	-1.24193	-0.925157	0.04275	p2
-0.216475	1.19825	-1.12447	0.04275	p2
1.30314	0.420819	1.09467	0.04275	p2
1.41051	0.175872	0.888988	0.04275	p2
-0.570561	-1.04662	0.963431	0.04275	p2
0.381379	-0.843762	-1.29137	0.04275	p2
1.54745	-0.647314	0.159019	0.04275	p2
-0.904474	0.861088	-0.895221	0.04275	p2
1.04865	-0.30387	1.04281	0.04275	p2
-0.0622478	-0.441859	-1.36212	0.04275	p2
1.37024	-1.09705	-0.071453	0.04275	p2
-1.47907	0.429493	0.468912	0.04275	p2
-0.375933	0.605101	1.51677	0.04275	p2
0.374063	1.38931	0.838359	0.04275	p2
0.938403	1.12928	0.600835	0.04275	p2
0.389662	-0.932636	1.39176	0.04275	p2
0.667852	1.02514	-1.25718	0.04275	p2
-1.26711	-0.997747	0.660974	0.04275	p2
0.380754	-0.749202	1.15562	0.04275	p2
-0.124269	0.103744	1.60235	0.04275	p2
1.60309	0.363667	-0.177943	0.04275	p2
0.414761	-1.0965	-0.896058	0.04275	p2
-1.33545	-0.376447	0.908516	0.04275	p2
1.68094	-0.475867	0.0173507	0.04275	p2
0.964543	-1.28582	0.264881	0.04275	p2
-1.06647	-0.940265	-0.671151	0.04275	p2
1.26091	0.367506	-0.945956	0.04275	p2
-1.15066	-0.747639	0.922583	0.04275	p2
0.308446	1.34098	0.966285	0.04275	p2
1.23797	-1.2218	-0.163338	0.04275	p2
-0.774553	0.351758	-1.34675	0.04275	p2
0.833754	0.389235	1.18225	0.04275	p2
0.628142	1.32213	-0.871529	0.04275	p2
-0.797668	1.09082	-0.902691	0.04275	p2
-1.51196	0.218881	0.816099	0.04275	p2
0.104605	0.709121	-1.56355	0.04275	p2
0.426561	-0.00630831	1.69936	0.04275	p2
-1.44512	-0.840121	-0.541875	0.04275	p2
1.45863	0.32017	0.413886	0.04275	p2
1.32367	-0.470045	-0.447422	0.04275	p2
1.07209	-1.14734	-0.617669	0.04275	p2
0.43424	1.49371	0.728766	0.04275	p2
-0.952803	-0.19496	-1.32199	0.04275	p2
-0.382143	0.436013	1.30395	0.04275	p2
0.718518	1.34746	0.365294	0.04275	p2
1.04462	-1.12549	0.824081	0.04275	p2
-0.177014	0.731594	-1.56475	0.04275	p2
-0.625119	0.552085	1.30372	0.04275	p2
-0.923723	-0.0559992	-1.47406	0.04275	p2
-0.0138175	-0.0365205	1.74422	0.04275	p2
1.50929	0.362395	-0.367885	0.04275	p2
-0.483956	1.60232	-0.35077	0.04275	p2
1.18925	0.509696	0.711927	0.04275	p2
-1.17354	0.939701	-0.477974	0.04275	p2
-0.16567	-1.48135	-0.419678	0.04275	p2
-0.157447	-0.446903	-1.41016	0.04275	p2
1.32207	-0.937145	-0.469335	0.04275	p2
0.490822	1.59155	-0.220966	0.04275	p2
1.19971	-1.17067	0.288243	0.04275	p2
1.19471	1.2631	-0.238269	0.04275	p2
1.46072	-0.107486	-0.378538	0.04275	p2
-0.704859	0.720629	-1.26029	0.04275	p2
0.993825	-1.07729	-0.715901	0.04275	p2
0.345879	1.67325	0.233008	0.04275	p2
-0.703449	-0.598022	1.47695	0.04275	p2
-1.08211	-1.15006	-0.351932	0.04275	p2
-0.709082	-1.17346	-1.03138	0.04275	p2
-0.851989	-0.783561	1.29947	0.04275	p2
-0.778843	0.317919	-1.20191	0.04275	p2
-1.52557	-0.470524	0.724191	0.04275	p2
-1.00112	0.956819	-0.383681	0.04275	p2
0.37176	-1.56792	0.605234	0.04275	p2
-1.59511	0.463279	-0.105661	0.04275	p2
-0.907673	1.14786	-0.555453	0.04275	p2
-1.42094	-0.0357363	0.279301	0.04275	p2
-0.41712	0.699164	1.34307	0.04275	p2
-0.362821	-0.494055	-1.47495	0.04275	p2
0.238752	1.54217	0.643158	0.04275	p2
-0.807829	-0.363392	-1.51676	0.04275	p2
-0.95246	-1.13999	0.550115	0.04275	p2
1.54583	-0.709842	0.3387	0.04275	p2
0.594865	1.36984	0.0163202	0.04275	p2
-0.343666	-0.857374	1.4921	0.04275	p2
1.60417	0.11973	-0.355817	0.04275	p2
1.23916	0.726278	0.463043	0.04275	p2
0.156757	-1.17639	-1.28893	0.04275	p2
0.415579	-1.55505	-0.291073	0.04275	p2
1.41157	0.444109	-0.345817	0.04275	p2
0.779264	0.0859661	1.46929	0.04275	p2
-0.674619	0.256254	-1.4374	0.04275	p2
0.317395	1.47062	-0.450538	0.04275	p2
-0.0375901	0.240243	-1.62247	0.04275	p2
1.05663	1.00375	-0.904193	0.04275	p2
0.232398	-1.54802	-0.293722	0.04275	p2
0.845007	-0.783901	0.974508	0.04275	p2
-0.347386	-1.06878	0.926991	0.04275	p2
1.48043	0.623684	-0.0678839	0.04275	p2
0.249276	1.17934	-1.00826	0.04275	p2
0.880496	1.09308	-1.04654	0.04275	p2
1.09894	0.651252	0.97329	0.04275	p2
-0.629858	-1.45882	-0.381435	0.04275	p2
0.679348	1.39676	0.00907296	0.04275	p2
-0.797981	0.128259	-1.34316	0.04275	p2
-1.07	0.7446	0.997481	0.04275	p2
-0.333648	-1.20529	-1.05076	0.04275	p2
1.44115	0.671244	0.397532	0.04275	p2
1.55071	-0.344653	-0.254467	0.04275	p2
1.20698	-0.879577	-0.821729	0.04275	p2
0.0986539	-1.70517	-0.200773	0.04275	p2
-1.40036	0.685532	-0.601781	0.04275	p2
0.732317	-0.923174	1.00892	0.04275	p2
-1.51095	0.558246	-0.579819	0.04275	p2
-0.763785	-1.55386	0.167467	0.04275	p2
0.998074	0.00104705	-1.14295	0.04275	p2
0.347456	-0.130019	1.69806	0.04275	p2
-0.357132	-0.978018	1.2037	0.04275	p2
-0.341071	1.27088	-1.06321	0.04275	p2
-0.423694	-0.782926	-1.42668	0.04275	p2
0.141756	-1.31904	-0.822088	0.04275	p2
0.992233	-0.749038	1.13503	0.04275	p2
-0.310098	0.512856	-1.53098	0.04275	p2
0.873283	1.48207	-0.267901	0.04275	p2
-1.00035	-0.0443125	-1.30519	0.04275	p2
0.659105	-0.250424	1.37968	0.04275	p2
1.11747	1.32385	-0.280888	0.04275	p2
-0.022743	1.09275	-0.978821	0.04275	p2
1.0366	0.25806	-1.19788	0.04275	p2
0.530718	-1.28987	0.705878	0.04275	p2
-1.34315	-0.759014	0.587657	0.04275	p2
0.534774	-0.983282	-1.11391	0.04275	p2
0.0486242	0.256024	-1.4468	0.04275	p2
-0.673273	-0.99781	1.17527	0.04275	p2
1.42944	-0.368459	-0.240532	0.04275	p2
-1.1539	0.83241	0.458832	0.04275	p2
1.42469	0.536288	0.811556	0.04275	p2
-1.66786	0.253615	-0.302166	0.04275	p2
1.63189	-0.00325147	-0.561411	0.04275	p2
0.844045	1.46338	-0.409805	0.04275	p2
-0.0792636	-0.513584	1.40675	0.04275	p2
-1.04676	-1.27748	-0.0161791	0.04275	p2
1.58847	-0.476211	-0.382143	0.04275	p2
0.671939	-0.174504	1.56418	0.04275	p2
1.63444	0.264395	-0.187779	0.04275	p2
0.278377	0.139116	-1.47931	0.04275	p2
1.30673	1.12868	-0.111275	0.04275	p2
1.61505	0.186487	0.1562	0.04275	p2
0.0387954	1.42382	-0.254905	0.04275	p2
-1.55706	-0.0198843	0.489372	0.04275	p2
-0.665616	-1.52372	-0.0894862	0.04275	p2
1.35286	-1.07556	-0.167745	0.04275	p2
0.00265997	-1.36921	0.735008	0.04275	p2
0.0134703	1.38138	-0.634335	0.04275	p2
-0.867725	-1.28422	0.817594	0.04275	p2
-1.27585	0.79372	0.56084	0.04275	p2
-0.972325	-0.558186	1.21314	0.04275	p2
1.01106	-0.327516	-1.29432	0.04275	p2
-1.26204	0.117857	1.19996	0.04275	p2
-0.749021	1.18867	0.900464	0.04275	p2
0.791186	0.520859	1.16765	0.04275	p2
0.403825	-0.0630376	1.46659	0.04275	p2
0.622748	0.319936	1.36131	0.04275	p2
-0.472824	1.16491	-1.17217	0.04275	p2
0.492103	0.911746	1.02351	0.04275	p2
1.53925	0.383741	0.598032	0.04275	p2
0.661294	-1.43507	0.626327	0.04275	p2
-1.34458	-0.586888	0.337457	0.04275	p2
0.856378	0.148855	-1.23816	0.04275	p2
0.861757	-0.972129	-1.1461	0.04275	p2
-1.08675	-0.872416	-0.832346	0.04275	p2
1.03522	0.527785	1.27837	0.04275	p2
0.471084	-1.25209	-0.54114	0.04275	p2
1.51396	0.584769	0.468139	0.04275	p2
0.0366983	-1.12846	0.989953	0.04275	p2
0.867367	-0.647421	-1.30152	0.04275	p2
1.22276	0.94503	-0.272312	0.04275	p2
1.19311	-1.24841	0.247474	0.04275	p2
0.585651	-1.48287	-0.51918	0.04275	p2
-0.964201	-1.34108	-0.510559	0.04275	p2
1.25833	-0.867065	-0.197084	0.04275	p2
0.0216938	1.40828	0.425788	0.04275	p2
0.998108	0.321875	-1.32686	0.04275	p2
-1.60626	0.348418	-0.0999477	0.04275	p2
0.657416	0.587808	1.21958	0.04275	p2
-0.389787	-1.12178	0.993818	0.04275	p2
-1.52448	0.286188	-0.278172	0.04275	p2
0.0391576	1.19705	-0.855843	0.04275	p2
0.958506	-1.2862	-0.212159	0.04275	p2
1.17068	0.929326	-0.353151	0.04275	p2
0.245944	-1.23732	-0.798067	0.04275	p2
1.72583	0.32478	0.036408	0.04275	p2
0.229608	-0.00222608	1.50798	0.04275	p2
-0.319152	1.71929	-0.133506	0.04275	p2
-1.41134	-0.0894925	-0.675997	0.04275	p2
-1.31303	-0.523008	0.390825	0.04275	p2
1.04155	-0.915871	0.900275	0.04275	p2
1.52054	0.00741707	0.513894	0.04275	p2
0.124339	0.353335	1.38593	0.04275	p2
-0.965337	-0.0935948	-1.1637	0.04275	p2
0.972048	-0.165703	-1.39875	0.04275	p2
0.708279	-1.30242	0.177586	0.04275	p2
-0.502795	0.993196	-1.19481	0.04275	p2
0.349368	-0.955677	-1.09309	0.04275	p2
1.53299	-0.435981	0.00630402	0.04275	p2
1.39136	-0.205019	-0.977492	0.04275	p2
-0.309802	1.35397	-1.07542	0.04275	p2
-0.668596	0.226481	1.60028	0.04275	p2
-0.301264	0.460964	1.32076	0.04275	p2
0.802299	-0.412243	-1.32635	0.04275	p2
-0.456642	-0.409941	-1.49709	0.04275	p2
-0.965464	0.594031	1.15578	0.04275	p2
-0.888879	-1.19901	-0.228765	0.04275	p2
-1.0487	1.27266	-0.247012	0.04275	p2
-0.947024	1.388	-0.416508	0.04275	p2
0.977295	0.512888	-0.979014	0.04275	p2
-0.440919	1.50661	0.465976	0.04275	p2
0.897127	-1.32748	0.456385	0.04275	p2
0.461751	-1.03556	1.16726	0.04275	p2
1.3357	-0.229723	0.546888	0.04275	p2
-0.168609	0.282429	-1.53616	0.04275	p2
0.397232	0.493298	-1.35985	0.04275	p2
-0.185587	-1.09772	-1.31541	0.04275	p2
-0.86928	-0.149749	1.48242	0.04275	p2
-0.133347	-1.52598	-0.692754	0.04275	p2
-0.213207	1.43662	-0.00428784	0.04275	p2
-1.29064	0.152853	1.05963	0.04275	p2
1.32785	-0.923484	0.165803	0.04275	p2
-1.04802	0.901384	-0.774168	0.04275	p2
0.135223	-0.760793	1.25915	0.04275	p2
1.45557	0.291829	-0.575384	0.04275	p2
0.426257	-1.40706	-0.0227529	0.04275	p2
0.846635	1.14346	-0.1627	0.04275	p2
-1.06573	-1.27781	0.237754	0.04275	p2
-0.0585087	0.989383	1.11459	0.04275	p2
0.540046	-0.372131	-1.31781	0.04275	p2
0.973094	-0.562118	1.10362	0.04275	p2
0.188407	-1.09169	-1.12101	0.04275	p2
0.778548	-1.16398	0.989446	0.04275	p2
-1.08051	-0.305455	1.03908	0.04275	p2
-0.306284	-1.45062	-0.787811	0.04275	p2
-0.872111	0.840869	-0.976237	0.04275	p2
0.0816769	0.0275317	1.54372	0.04275	p2
-0.602215	1.1735	0.700395	0.04275	p2
-1.26526	0.260958	0.719333	0.04275	p2
-1.16931	0.956652	0.131395	0.04275	p2
-1.51389	-0.0908312	-0.859674	0.04275	p2
-0.669359	1.37629	-0.756163	0.04275	p2
-1.29738	0.902713	-0.673276	0.04275	p2
-0.569034	1.29597	0.759293	0.04275	p2
0.846014	1.1389	0.261634	0.04275	p2
-0.996571	-0.970677	0.496069	0.04275	p2
-0.079636	-0.157001	-1.61521	0.04275	p2
-0.882656	0.414052	1.24682	0.04275	p2
1.48038	0.62204	-0.414117	0.04275	p2
-0.944711	1.0453	0.225734	0.04275	p2
-0.223258	-1.73051	-0.101479	0.04275	p2
-0.391309	-0.971802	1.33571	0.04275	p2
0.13842	1.64965	-0.464703	0.04275	p2
-0.846339	-1.34612	0.720218	0.04275	p2
1.18431	-0.332389	-1.01091	0.04275	p2
-0.210862	-0.20974	-1.61314	0.04275	p2
0.713904	-1.03118	-0.784795	0.04275	p2
1.37079	-0.450655	0.0818693	0.04275	p2
0.272362	-1.27531	1.01399	0.04275	p2
0.0911593	0.290648	1.44545	0.04275	p2
1.39346	0.27111	-0.261902	0.04275	p2
0.685557	1.06417	0.969722	0.04275	p2
1.50065	0.172599	-0.59996	0.04275	p2
-1.52843	0.254226	0.3456	0.04275	p2
-1.07245	0.0367763	-1.03279	0.04275	p2
0.926438	-0.595392	-0.910365	0.04275	p2
0.0482514	-0.648742	1.51041	0.04275	p2
0.310621	-0.0541283	1.44925	0.04275	p2
-1.69599	0.363952	-0.0724915	0.04275	p2
1.08902	0.963156	-0.686672	0.04275	p2
-1.0545	0.849393	-1.10826	0.04275	p2
0.000710186	1.39246	0.957348	0.04275	p2
1.17928	-0.629908	0.923114	0.04275	p2
1.55592	-0.782391	0.220591	0.04275	p2
0.803187	1.55472	0.125082	0.04275	p2
0.574925	-1.38155	-0.457892	0.04275	p2
0.548699	-0.782654	1.44858	0.04275	p2
0.847192	1.4114	0.0356999	0.04275	p2
-1.52489	0.0253329	-0.272822	0.04275	p2
-1.18079	0.97836	0.761661	0.04275	p2
-1.48942	-0.732045	-0.422242	0.04275	p2
-1.47442	0.425304	-0.738891	0.04275	p2
-0.362597	1.44193	0.558897	0.04275	p2
0.540283	-0.600254	-1.26443	0.04275	p2
0.309474	-0.185642	-1.64531	0.04275	p2
0.158897	-1.72637	0.0263041	0.04275	p2
0.886563	-0.0715693	-1.40114	0.04275	p2
0.95028	-0.217946	-1.09442	0.04275	p2
1.13406	0.581047	-1.12338	0.04275	p2
-1.75067	0.0068898	-0.00372635	0.04275	p2
-0.533008	0.609654	-1.26236	0.04275	p2
0.981315	-0.0734604	-1.43675	0.04275	p2
-0.267185	0.0174457	1.6073	0.04275	p2
-0.409945	1.27554	0.757249	0.04275	p2
-0.680211	0.57843	1.19916	0.04275	p2
0.507254	-1.13829	-0.752471	0.04275	p2
1.19374	0.393786	0.711572	0.04275	p2
-0.23404	0.910447	1.47684	0.04275	p2
1.20144	1.21385	-0.160646	0.04275	p2
0.982036	0.999907	0.816761	0.04275	p2
1.4933	-0.29168	-0.596023	0.04275	p2
0.656555	1.4146	0.698026	0.04275	p2
-0.755719	-0.429623	1.40593	0.04275	p2
1.55051	0.482262	-0.229486	0.04275	p2
0.680913	0.0962428	-1.58743	0.04275	p2
0.195179	0.742231	1.24091	0.04275	p2
0.550527	1.45475	-0.814058	0.04275	p2
-0.126795	-0.771769	1.54628	0.04275	p2
0.577283	1.19102	-1.14543	0.04275	p2
0.508835	0.708468	1.12901	0.04275	p2
-0.752013	-0.626669	-1.14165	0.04275	p2
-0.790009	1.16632	-0.35292	0.04275	p2
1.1216	0.882626	-0.440598	0.04275	p2
-0.51198	-1.50151	-0.596475	0.04275	p2
0.325296	1.60765	-0.189792	0.04275	p2
0.138196	1.2255	-0.760761	0.04275	p2
-1.36162	-0.546305	-0.59744	0.04275	p2
-1.37509	-0.616887	0.871616	0.04275	p2
0.670918	0.379157	1.40878	0.04275	p2
0.943825	-1.44745	-0.0965039	0.04275	p2
-1.7182	-0.163678	0.188741	0.04275	p2
-1.32883	0.542497	0.94885	0.04275	p2
0.429656	1.53795	-0.579899	0.04275	p2
1.70011	-0.170128	0.0784399	0.04275	p2
-0.117968	1.53644	0.56501	0.04275	p2
0.3588	-0.689943	1.36557	0.04275	p2
-1.45171	-0.759174	0.526004	0.04275	p2
1.35881	0.577883	0.492883	0.04275	p2
0.403316	-1.6698	0.2292	0.04275	p2
0.391615	-1.44649	-0.340516	0.04275	p2
0.317988	1.20813	-1.16714	0.04275	p2
0.366276	1.3294	0.478505	0.04275	p2
-1.30853	1.14008	0.1644	0.04275	p2
1.34837	-0.0666691	1.1128	0.04275	p2
1.72604	-0.0478173	-0.270758	0.04275	p2
-1.23034	-0.743243	-0.262596	0.04275	p2
-1.03256	-1.08706	-0.56701	0.04275	p2
0.912904	1.39664	0.456195	0.04275	p2
0.481367	0.298329	1.53701	0.04275	p2
0.692223	0.0779588	-1.43903	0.04275	p2
1.02088	-0.812441	0.869373	0.04275	p2
0.500238	0.904473	1.24519	0.04275	p2
1.21867	0.570774	-0.981804	0.04275	p2
0.773732	1.3348	-0.500852	0.04275	p2
-1.29967	-0.225036	-0.787005	0.04275	p2
-1.45394	-0.600678	-0.734351	0.04275	p2
0.387407	-0.472071	-1.32722	0.04275	p2
-0.803225	-0.064021	1.40851	0.04275	p2
-1.23309	1.1951	0.304904	0.04275	p2
-0.117239	-0.277966	1.63733	0.04275	p2
0.933168	-1.29683	-0.309746	0.04275	p2
-1.15946	-0.579173	-0.757526	0.04275	p2
-1.06884	1.27478	0.210482	0.04275	p2
-1.13856	0.130736	0.843478	0.04275	p2
0.992589	-1.0522	-0.214595	0.04275	p2
0.0536642	-0.447792	-1.66467	0.04275	p2
0.362303	1.19054	-1.06627	0.04275	p2
1.39725	1.00132	-0.221982	0.04275	p2
0.210992	1.58091	-0.62389	0.04275	p2
-0.489277	-0.75605	-1.18962	0.04275	p2
-0.411842	0.624566	-1.27973	0.04275	p2
-0.160599	0.626917	-1.34208	0.04275	p2
-1.07361	0.587823	-1.23406	0.04275	p2
0.785546	-0.261982	1.39799	0.04275	p2
-0.00882943	0.75419	-1.47513	0.04275	p2
-0.793669	-1.38237	-0.16193	0.04275	p2
-0.708284	1.54787	0.129071	0.04275	p2
1.13501	-0.252132	-1.07778	0.04275	p2
1.52497	0.089838	-0.24853	0.04275	p2
0.679465	-1.2722	-0.872332	0.04275	p2
-0.722951	1.16711	-0.414477	0.04275	p2
-1.07311	-0.953887	-0.00879074	0.04275	p2
-1.41329	-0.550247	0.447549	0.04275	p2
0.538434	1.44795	0.250172	0.04275	p2
-1.32181	-1.00691	-0.307333	0.04275	p2
-1.59775	-0.440989	0.290482	0.04275	p2
-0.647307	1.30241	-0.967026	0.04275	p2
-0.492533	0.27942	-1.5739	0.04275	p2
-0.148176	0.192272	-1.51002	0.04275	p2
1.01206	0.315383	1.35721	0.04275	p2
-1.29226	-1.13586	-0.156782	0.04275	p2
-0.586895	-1.53488	-0.128914	0.04275	p2
-0.172882	1.3015	-0.673844	0.04275	p2
0.890724	-1.29365	-0.607753	0.04275	p2
0.268369	-1.52767	0.520624	0.04275	p2
0.659145	1.16468	0.865358	0.04275	p2
-0.397423	-0.663911	-1.22	0.04275	p2
1.03759	1.34588	0.426951	0.04275	p2
1.29089	-0.184922	-0.827611	0.04275	p2
0.549941	1.63232	-0.299975	0.04275	p2
0.706232	-0.0985946	-1.60606	0.04275	p2
-0.408759	-0.171945	1.41486	0.04275	p2
-0.0811151	-1.58898	0.000202183	0.04275	p2
0.807228	-1.04367	-0.685578	0.04275	p2
0.442453	-0.655546	1.19637	0.04275	p2
-0.84723	0.651632	0.997096	0.04275	p2
-0.181435	-1.47441	0.886543	0.04275	p2
1.5425	0.133254	0.104753	0.04275	p2
-0.575014	0.288371	-1.62207	0.04275	p2
-0.917119	1.3575	-0.189348	0.04275	p2
0.600915	0.0871734	1.28808	0.04275	p2
1.34529	-0.888734	-0.257411	0.04275	p2
-1.0349	-0.898225	-1.00055	0.04275	p2
-1.44967	-0.81022	-0.00139156	0.04275	p2
-0.26195	1.61261	0.596303	0.04275	p2
0.817204	0.969281	0.90382	0.04275	p2
-0.146865	1.32578	0.879089	0.04275	p2
0.811685	0.839569	-0.923903	0.04275	p2
-1.02683	-1.10287	-0.30212	0.04275	p2
-0.924829	0.266659	1.07158	0.04275	p2
1.09582	1.10233	0.126426	0.04275	p2
0.649119	1.14694	-0.63673	0.04275	p2
0.92359	-0.934808	1.14074	0.04275	p2
-0.261184	-1.54549	0.645862	0.04275	p2
0.720935	0.994891	0.90115	0.04275	p2
-1.19973	0.592317	0.580888	0.04275	p2
-0.486829	0.516421	-1.52315	0.04275	p2
-0.252029	-1.0785	1.33229	0.04275	p2
-1.14366	-0.341213	-1.19251	0.04275	p2
0.114954	0.420994	-1.66159	0.04275	p2
-0.128805	-1.16033	0.818021	0.04275	p2
0.90198	1.47022	0.254276	0.04275	p2
0.0141181	-0.231538	-1.50935	0.04275	p2
0.50007	1.374	0.424473	0.04275	p2
-0.367112	1.25832	-0.760082	0.04275	p2
-1.54897	0.352687	0.273195	0.04275	p2
-0.480443	1.10657	-1.25275	0.04275	p2
0.804179	1.1516	-0.238036	0.04275	p2
-1.55741	-0.48309	-0.444455	0.04275	p2
-0.713634	0.711768	1.43931	0.04275	p2
-0.0524629	1.30076	-0.660466	0.04275	p2
1.18818	-0.778546	-0.973648	0.04275	p2
1.16372	0.619425	0.887756	0.04275	p2
-0.974015	-1.11319	-0.157269	0.04275	p2
0.538516	-1.54967	0.26178	0.04275	p2
0.434933	-1.16856	-0.690902	0.04275	p2
1.18053	0.941714	0.589065	0.04275	p2
1.17159	0.661137	-0.50227	0.04275	p2
1.12558	-0.95485	-0.163092	0.04275	p2
0.871116	1.09691	0.363179	0.04275	p2
-0.881738	0.110736	-1.26068	0.04275	p2
0.975344	-0.948133	1.05304	0.04275	p2
-1.03231	0.278508	1.36778	0.04275	p2
-1.1498	1.20817	-0.496321	0.04275	p2
-0.71476	-0.590717	-1.48084	0.04275	p2
0.745287	-1.20713	-0.79361	0.04275	p2
1.21468	-0.838147	0.295561	0.04275	p2
-0.926822	-0.47292	-1.13624	0.04275	p2
0.667193	-1.30626	-0.0162378	0.04275	p2
1.37304	-0.758058	0.100262	0.04275	p2
0.907092	1.24895	-0.400927	0.04275	p2
1.51315	-0.392179	0.141122	0.04275	p2
-1.02321	1.04151	-0.928382	0.04275	p2
1.41509	0.756336	0.492655	0.04275	p2
-0.110221	-0.040672	1.48797	0.04275	p2
1.41695	-0.14229	-0.812543	0.04275	p2
0.573067	0.808874	1.37523	0.04275	p2
0.670658	0.248129	-1.60189	0.04275	p2
0.608799	-1.61507	-0.282088	0.04275	p2
0.436915	-1.2772	-0.808946	0.04275	p2
1.44153	-0.424192	0.870974	0.04275	p2
-1.41913	0.360637	-0.705174	0.04275	p2
-1.20909	-0.0437414	0.937346	0.04275	p2
1.13187	0.490053	-0.717791	0.04275	p2
1.2287	0.351232	-0.699964	0.04275	p2
1.35139	-0.514305	0.807743	0.04275	p2
-0.789763	1.17361	0.590402	0.04275	p2
-0.578617	-1.23951	0.507709	0.04275	p2
-1.4792	-0.49564	0.416562	0.04275	p2
-1.34464	-0.0425525	-0.783997	0.04275	p2
-0.453896	-1.26363	0.473925	0.04275	p2
0.0458298	-0.622125	-1.58508	0.04275	p2
1.57064	0.119396	0.727778	0.04275	p2
-0.853581	1.30931	0.00710186	0.04275	p2
-0.421292	-1.04841	-1.24661	0.04275	p2
-0.906721	-0.463919	1.04076	0.04275	p2
-1.22459	0.563211	0.488014	0.04275	p2
-0.81415	0.0673741	-1.4201	0.04275	p2
-1.2909	-1.05279	0.299571	0.04275	p2
1.17548	-0.407503	-0.958196	0.04275	p2
-1.18679	0.523458	-0.879104	0.04275	p2
-1.4156	-0.877312	0.156657	0.04275	p2
-0.0137434	-0.256845	-1.39946	0.04275	p2
0.687604	-1.22633	0.939355	0.04275	p2
1.12122	-0.935345	-0.770377	0.04275	p2
0.385959	-1.55069	-0.574093	0.04275	p2
-0.562219	0.945412	1.33987	0.04275	p2
0.86367	1.39899	-0.533992	0.04275	p2
0.98825	0.76073	0.860214	0.04275	p2
0.214032	0.881748	-1.19399	0.04275	p2
0.316085	1.27782	0.72894	0.04275	p2
-1.38747	0.707331	0.121867	0.04275	p2
0.722926	-1.23297	-0.0116863	0.04275	p2
0.921012	-1.13252	0.968903	0.04275	p2
-0.838433	1.17447	-0.084843	0.04275	p2
0.714879	-1.12362	-1.03882	0.04275	p2
-0.920883	-1.17954	-0.657117	0.04275	p2
-1.32277	0.752758	-0.787041	0.04275	p2
0.628607	-0.695602	-1.1219	0.04275	p2
1.18518	-0.829077	-0.369971	0.04275	p2
-1.61458	-0.311447	0.311094	0.04275	p2
1.58121	-0.295839	-0.633142	0.04275	p2
1.60231	0.271366	0.181286	0.04275	p2
0.581201	0.981186	1.28738	0.04275	p2
-1.33752	0.0241086	0.88883	0.04275	p2
0.238255	-0.391274	-1.37007	0.04275	p2
-0.625735	-1.08065	-0.948965	0.04275	p2
0.173281	-0.521029	1.40331	0.04275	p2
-0.728965	-1.35643	-0.227923	0.04275	p2
0.0165001	1.52141	-0.428797	0.04275	p2
-0.995216	0.0389327	1.42046	0.04275	p2
1.18385	0.383234	-0.889933	0.04275	p2
1.02789	0.33854	-0.948414	0.04275	p2
-0.950712	-0.569406	-1.36102	0.04275	p2
-0.124874	-0.873204	-1.2317	0.04275	p2
-0.208445	-1.62629	0.206385	0.04275	p2
0.916173	-1.45307	0.347617	0.04275	p2
-0.141942	-1.60586	-0.613966	0.04275	p2
-1.45777	0.585685	-0.129526	0.04275	p2
-0.706208	-1.49823	0.264401	0.04275	p2
0.0891766	0.503191	-1.36385	0.04275	p2
0.714744	1.22164	-1.03158	0.04275	p2
0.833805	1.08731	0.901374	0.04275	p2
-0.045923	-1.37217	0.909883	0.04275	p2
0.91449	-0.948423	0.781041	0.04275	p2
1.26808	-0.812004	0.673345	0.04275	p2
-1.6589	-0.153248	-0.0113121	0.04275	p2
-0.461132	-0.62709	-1.47103	0.04275	p2
-0.82917	1.00852	0.864873	0.04275	p2
1.35331	0.676228	0.587656	0.04275	p2
-0.679791	-0.738365	-1.43936	0.04275	p2
0.336946	0.165717	-1.55419	0.04275	p2
0.585857	-0.24033	1.6097	0.04275	p2
-1.05042	-0.334764	-1.0587	0.04275	p2
1.45751	-0.69957	0.129396	0.04275	p2
0.0994962	-0.315258	-1.39517	0.04275	p2
-0.42815	-0.652732	-1.38471	0.04275	p2
0.880001	0.903219	-0.668381	0.04275	p2
-1.08395	-1.11327	0.261283	0.04275	p2
0.583186	-0.693541	1.10298	0.04275	p2
-0.986482	1.03415	-0.726571	0.04275	p2
1.50131	0.17585	-0.462475	0.04275	p2
-1.52556	0.544981	0.640069	0.04275	p2
1.41989	-0.257489	0.608244	0.04275	p2
-0.594049	0.446803	-1.34049	0.04275	p2
-0.256962	1.32738	-0.796836	0.04275	p2
0.468883	-0.420632	1.4831	0.04275	p2
1.3123	-0.447195	0.907502	0.04275	p2
0.0622499	-0.954345	1.15968	0.04275	p2
1.34999	0.375247	-0.541575	0.04275	p2
-0.805943	-1.13262	-0.96563	0.04275	p2
-0.483749	0.938418	1.29143	0.04275	p2
0.276949	-0.603853	1.34776	0.04275	p2
-1.60976	-0.386889	-0.188442	0.04275	p2
-0.171301	-0.301527	-1.46781	0.04275	p2
0.927572	1.2754	0.285818	0.04275	p2
-0.464621	0.256325	1.41295	0.04275	p2
0.101855	1.23983	-1.14093	0.04275	p2
1.39455	-0.697748	-0.784812	0.04275	p2
0.30355	1.2912	-0.80563	0.04275	p2
-0.100405	-1.2789	0.859434	0.04275	p2
-0.52128	0.158449	1.55273	0.04275	p2
0.578751	-1.60303	0.0952846	0.04275	p2
0.685563	0.086905	1.42186	0.04275	p2
1.56202	-0.706368	-0.312959	0.04275	p2
1.4735	-0.655998	0.418849	0.04275	p2
0.243115	-1.24728	-0.665586	0.04275	p2
-0.391439	1.00869	1.28289	0.04275	p2
0.643414	-1.37647	0.1257	0.04275	p2
1.2032	-0.51555	-1.06377	0.04275	p2
-0.103179	0.766444	1.26404	0.04275	p2
1.34248	-0.968987	-0.560615	0.04275	p2
-1.19073	-0.603083	1.11163	0.04275	p2
-0.328183	0.275275	-1.57961	0.04275	p2
1.03086	-0.722854	-0.716437	0.04275	p2
0.123988	1.45624	0.572378	0.04275	p2
-1.11678	0.593178	-1.0227	0.04275	p2
-0.166964	-1.49467	0.660219	0.04275	p2
0.971008	1.00354	-0.403722	0.04275	p2
1.67234	-0.242427	-0.45037	0.04275	p2
-0.552183	1.6033	-0.0668877	0.04275	p2
1.60047	0.201402	-0.542515	0.04275	p2
1.06368	0.947197	0.533572	0.04275	p2
-0.171514	-1.08442	1.03663	0.04275	p2
-0.393737	-1.59683	-0.182834	0.04275	p2
0.0136168	-1.28078	1.1502	0.04275	p2
0.399343	0.529943	-1.56028	0.04275	p2
-1.64501	-0.326605	-0.237857	0.04275	p2
-0.851143	1.09921	-0.81541	0.04275	p2
1.28705	0.114426	0.825388	0.04275	p2
0.259411	-1.19046	1.21815	0.04275	p2
-1.14048	1.11873	-0.566551	0.04275	p2
-0.732982	0.725564	1.35437	0.04275	p2
1.43634	0.472169	0.194071	0.04275	p2
1.52156	-0.581904	-0.657229	0.04275	p2
1.34873	0.430894	-1.01388	0.04275	p2
0.675798	0.997627	-0.999847	0.04275	p2
-0.359759	-1.42558	0.582211	0.04275	p2
-0.607409	-1.0903	0.721126	0.04275	p2
-1.13077	0.893829	-0.419394	0.04275	p2
0.24389	0.307431	-1.41651	0.04275	p2
0.378828	-1.00931	1.25062	0.04275	p2
-0.722658	-1.21502	-0.71612	0.04275	p2
-1.53112	0.727371	0.446832	0.04275	p2
-1.32036	-0.817231	0.491077	0.04275	p2
0.0900064	-0.883768	-1.4373	0.04275	p2
1.11049	-0.560376	0.9929	0.04275	p2
1.34054	0.675159	0.897354	0.04275	p2
-0.547335	-0.69703	1.35306	0.04275	p2
-0.762112	-0.668777	1.31023	0.04275	p2
1.23379	-1.02506	0.55511	0.04275	p2
1.66337	-0.493295	-0.198931	0.04275	p2
-0.172775	-0.804193	1.18896	0.04275	p2
-1.61852	-0.557451	0.0178114	0.04275	p2
-1.21574	-0.0253208	1.13098	0.04275	p2
0.276958	0.93449	-1.29015	0.04275	p2
0.448393	-0.174774	-1.50374	0.04275	p2
-0.507376	0.854204	1.12764	0.04275	p2
-1.01738	-1.03001	-0.649198	0.04275	p2
0.298479	-0.263942	-1.6906	0.04275	p2
-0.424598	1.43822	-0.152339	0.04275	p2
0.936342	1.19159	-0.0330096	0.04275	p2
-0.969694	0.836292	0.732845	0.04275	p2
1.00357	0.977649	0.282046	0.04275	p2
-1.0364	1.12123	-0.570682	0.04275	p2
0.611534	0.274984	-1.39216	0.04275	p2
-1.2068	-1.13905	0.483995	0.04275	p2
-1.51689	-0.179042	0.722363	0.04275	p2
-0.662445	1.52039	-0.291689	0.04275	p2
0.648393	1.31282	-0.559741	0.04275	p2
-0.166312	-0.509399	-1.34548	0.04275	p2
1.15941	0.0225949	1.15928	0.04275	p2
1.17761	-0.419783	0.875302	0.04275	p2
-0.872301	-0.0633632	-1.26176	0.04275	p2
0.730777	1.17251	-0.747156	0.04275	p2
-0.597838	1.55148	-0.52403	0.04275	p2
-0.285375	0.833124	1.43807	0.04275	p2
-1.4895	0.51168	-0.42369	0.04275	p2
0.64604	-1.2668	-0.176184	0.04275	p2
-0.963295	-1.1554	-0.773798	0.04275	p2
-0.6156	1.40192	0.127755	0.04275	p2
-0.884269	1.12802	0.237968	0.04275	p2
-1.6026	-0.254394	-0.583406	0.04275	p2
0.212116	-1.61933	0.384116	0.04275	p2
1.53376	-0.680747	0.258134	0.04275	p2
0.363027	1.38306	-0.74379	0.04275	p2
-0.34094	0.899265	-1.36385	0.04275	p2
-0.65022	1.12494	-0.808107	0.04275	p2
0.140896	-1.42924	0.22066	0.04275	p2
0.0850676	-0.155834	1.59778	0.04275	p2
-0.670148	-1.09293	-0.679818	0.04275	p2
1.04812	0.440929	-1.1264	0.04275	p2
0.75551	1.12656	-1.08316	0.04275	p2
1.35147	0.44065	0.854284	0.04275	p2
1.15579	-0.868269	0.790824	0.04275	p2
-1.5786	-0.302579	0.702223	0.04275	p2
0.289305	-1.30446	-0.76298	0.04275	p2
-0.499832	-1.13202	1.24223	0.04275	p2
0.390769	1.57477	0.57947	0.04275	p2
-0.454858	-1.55195	-0.43365	0.04275	p2
1.01127	0.626005	-1.17147	0.04275	p2
0.549863	-0.109091	1.45444	0.04275	p2
-0.974386	1.11404	-0.840424	0.04275	p2
1.6313	-0.573404	-0.139916	0.04275	p2
-0.750532	0.0959681	1.28598	0.04275	p2
0.58548	0.679448	-1.18388	0.04275	p2
-1.42293	-0.498569	-0.653143	0.04275	p2
-1.67175	-0.153133	-0.417174	0.04275	p2
-0.56518	-1.38122	0.244028	0.04275	p2
-0.883259	0.912492	1.17539	0.04275	p2
-1.01461	0.141307	-1.279	0.04275	p2
0.905632	1.47863	-0.127737	0.04275	p2
0.423116	-0.400623	-1.55293	0.04275	p2
-0.211744	-1.71514	0.116602	0.04275	p2
1.24676	0.125673	1.17822	0.04275	p2
-0.317634	0.683617	1.22575	0.04275	p2
0.0486173	1.13169	0.970049	0.04275	p2
-1.0455	0.758013	-0.798067	0.04275	p2
0.392171	-1.18469	-0.839314	0.04275	p2
0.855211	-0.0643191	1.1586	0.04275	p2
-0.472315	-0.341254	1.63005	0.04275	p2
0.134921	0.602505	-1.39407	0.04275	p2
0.959342	0.1206	-1.23226	0.04275	p2
0.147418	1.54417	0.619229	0.04275	p2
-0.726471	-0.233	1.57347	0.04275	p2
0.473456	0.534926	-1.33861	0.04275	p2
0.0232741	-0.897946	-1.33281	0.04275	p2
0.913818	0.884298	-0.749127	0.04275	p2
-1.39463	-0.394245	-0.905609	0.04275	p2
0.601326	0.0994589	1.57618	0.04275	p2
-0.950947	0.381071	-1.20777	0.04275	p2
-0.654748	-1.24322	0.662897	0.04275	p2
1.17155	-1.1586	0.555068	0.04275	p2
0.563638	-1.41535	0.134595	0.04275	p2
0.844636	0.767425	-0.868587	0.04275	p2
0.343992	-1.35549	-0.296433	0.04275	p2
-1.07704	-1.11557	0.811583	0.04275	p2
1.11321	0.296764	-0.975669	0.04275	p2
-0.205697	-1.55636	-0.433064	0.04275	p2
-1.31091	-0.432913	-0.860361	0.04275	p2
-0.339953	-0.826398	1.39508	0.04275	p2
1.18918	0.940308	-0.706815	0.04275	p2
-1.10891	1.34608	-0.185513	0.04275	p2
-1.28292	-0.330934	0.54955	0.04275	p2
-1.08015	0.0986287	1.22195	0.04275	p2
-0.242069	1.39557	0.246327	0.04275	p2
-1.43861	-0.0183648	0.648888	0.04275	p2
0.976445	1.303	-0.0476241	0.04275	p2
0.373866	0.405118	1.49145	0.04275	p2
0.953337	0.261432	1.04552	0.04275	p2
-0.132397	-1.49958	0.070908	0.04275	p2
-1.00734	-1.04031	0.332089	0.04275	p2
0.571341	1.50199	0.7047	0.04275	p2
-0.313731	1.68171	-0.23505	0.04275	p2
-0.309372	1.45224	-0.766757	0.04275	p2
-1.41232	-0.0723893	0.821373	0.04275	p2
0.506531	-1.33387	0.144157	0.04275	p2
-0.753245	0.240931	1.20721	0.04275	p2
0.0178755	1.73386	-0.117392	0.04275	p2
1.54306	-0.344835	0.0555497	0.04275	p2
-1.33849	0.465781	0.843339	0.04275	p2
1.04146	0.37938	-1.05922	0.04275	p2
-0.053704	-1.17153	-0.824308	0.04275	p2
1.45967	0.339803	-0.721544	0.04275	p2
0.368987	-1.32689	-0.515177	0.04275	p2
-0.512481	1.5068	-0.692671	0.04275	p2
-1.37605	-0.391602	-0.535917	0.04275	p2
1.22093	-1.13965	0.446634	0.04275	p2
-0.11914	0.562993	1.57184	0.04275	p2
-1.08152	0.221863	-1.32951	0.04275	p2
-1.28088	0.706263	0.962299	0.04275	p2
-0.0723109	0.123263	1.72318	0.04275	p2
0.0658526	0.583322	-1.33012	0.04275	p2
-1.49155	-0.238925	0.647141	0.04275	p2
0.777885	0.384388	-1.22101	0.04275	p2
0.092111	-1.4859	-0.216815	0.04275	p2
0.542551	0.504667	-1.22228	0.04275	p2
0.977325	0.0185349	1.05116	0.04275	p2
-0.568591	-0.741203	-1.42015	0.04275	p2
1.41672	-0.762993	-0.69487	0.04275	p2
-1.30371	0.409852	0.401014	0.04275	p2
0.79247	1.3799	0.196113	0.04275	p2
-1.39144	-0.848529	-0.616524	0.04275	p2
-0.554066	1.13737	-1.16444	0.04275	p2
0.782536	-1.44391	-0.32296	0.04275	p2
1.26796	0.0126061	-0.722647	0.04275	p2
1.44005	-0.234328	-0.21839	0.04275	p2
-1.02898	0.127943	-1.08825	0.04275	p2
1.15003	0.710775	-0.81011	0.04275	p2
0.757066	-1.07635	-1.12855	0.04275	p2
-0.635043	-0.533833	1.20237	0.04275	p2
-1.11359	-0.631254	0.794511	0.04275	p2
-1.54004	0.333424	-0.663652	0.04275	p2
1.32742	0.649312	-0.558924	0.04275	p2
-0.668362	-1.41863	-0.704423	0.04275	p2
0.453662	-0.59868	1.43842	0.04275	p2
-1.6128	0.30195	-0.520971	0.04275	p2
-0.335268	1.49216	-0.209431	0.04275	p2
-1.11804	0.252408	0.978619	0.04275	p2
-0.0442554	1.66679	-0.268125	0.04275	p2
1.23523	-0.0251124	1.24776	0.04275	p2
0.66395	1.0866	-0.962419	0.04275	p2
-0.291837	-0.481366	-1.40698	0.04275	p2
-0.166148	1.55683	-0.174387	0.04275	p2
0.963342	0.255509	1.16178	0.04275	p2
0.747053	0.61346	1.06189	0.04275	p2
-1.14134	-0.97139	0.839622	0.04275	p2
0.116903	-1.50069	0.622076	0.04275	p2
-0.694693	-1.10104	-0.585076	0.04275	p2
0.56315	-0.889285	-1.07182	0.04275	p2
-0.206124	-1.31491	-1.06633	0.04275	p2
-0.997684	1.19926	0.098722	0.04275	p2
-0.119046	0.216037	-1.65934	0.04275	p2
-1.42363	-0.0657394	0.0746346	0.04275	p2
0.541232	-0.429043	1.42448	0.04275	p2
0.570787	1.27326	-0.656754	0.04275	p2
0.983332	1.13574	-0.501589	0.04275	p2
0.983592	-0.64679	-0.971345	0.04275	p2
-0.179682	0.743888	1.2184	0.04275	p2
0.563595	1.33099	-0.0897147	0.04275	p2
0.0147465	-1.53318	-0.84834	0.04275	p2
-0.770672	-1.03604	-0.86594	0.04275	p2
-0.206744	1.56914	-0.42164	0.04275	p2
-0.284652	0.539486	-1.28703	0.04275	p2
1.59322	0.0765587	0.471462	0.04275	p2
-1.50431	0.686129	-0.579953	0.04275	p2
0.302732	1.59923	0.0748796	0.04275	p2
-0.729011	0.019903	-1.27851	0.04275	p2
0.991733	-1.35334	-0.353111	0.04275	p2
0.919598	-0.829453	-0.728479	0.04275	p2
0.458444	0.740288	-1.14808	0.04275	p2
-0.882602	0.550118	0.976182	0.04275	p2
-1.44623	-0.857931	-0.2718	0.04275	p2
0.390198	1.67008	0.113949	0.04275	p2
-0.0284703	1.19734	-0.958223	0.04275	p2
-0.317231	-1.54303	0.365412	0.04275	p2
0.0338597	1.32824	-0.808175	0.04275	p2
-1.26227	-0.51017	-1.07081	0.04275	p2
-1.27945	1.00564	-0.042395	0.04275	p2
1.57264	-0.646641	0.393178	0.04275	p2
1.16471	0.83071	-0.611498	0.04275	p2
-1.38464	0.973453	-0.321627	0.04275	p2
1.21016	-0.714162	-1.0316	0.04275	p2
1.39399	0.626985	-0.0868577	0.04275	p2
1.34518	0.0731405	-0.508801	0.04275	p2
-1.53464	-0.00314835	-0.0336485	0.04275	p2
-0.597324	0.349782	1.36494	0.04275	p2
-1.40986	-0.682378	0.0644337	0.04275	p2
-1.44392	0.168167	0.0659703	0.04275	p2
0.586951	0.877608	1.21298	0.04275	p2
1.10589	-1.19837	-0.061689	0.04275	p2
1.27443	0.338916	-0.606185	0.04275	p2
-1.18637	-0.131311	1.10614	0.04275	p2
-1.341	0.415692	0.513739	0.04275	p2
-0.192262	1.71424	0.330373	0.04275	p2
0.515796	-0.41627	-1.45364	0.04275	p2
-0.123949	-0.593349	1.30793	0.04275	p2
-1.65086	-0.0985493	0.260129	0.04275	p2
0.890756	-0.628267	1.36814	0.04275	p2
-1.72507	0.182519	0.169603	0.04275	p2
0.987112	1.07393	-0.154658	0.04275	p2
1.24451	0.744151	0.720226	0.04275	p2
-1.2737	-0.80884	0.894821	0.04275	p2
0.264653	-0.716431	-1.56115	0.04275	p2
0.522315	0.061551	-1.33773	0.04275	p2
-0.949252	0.555039	-0.944237	0.04275	p2
1.05276	1.17812	0.668149	0.04275	p2
-0.875798	1.25872	-0.19306	0.04275	p2
-1.01198	0.720823	-1.23169	0.04275	p2
-0.123715	1.7001	-0.249102	0.04275	p2
0.138639	1.2351	1.19592	0.04275	p2
1.28028	-0.420072	0.809314	0.04275	p2
1.46577	-0.175673	0.640983	0.04275	p2
0.0996999	0.610533	-1.63065	0.04275	p2
-0.416354	1.52712	-0.547297	0.04275	p2
1.65904	-0.0883239	-0.53463	0.04275	p2
-1.05685	-0.0417915	1.25735	0.04275	p2
-0.37057	-0.230492	1.5577	0.04275	p2
-0.159097	-1.70665	0.279312	0.04275	p2
-0.312236	-0.997237	-1.39137	0.04275	p2
0.384111	1.13038	0.909279	0.04275	p2
1.33374	0.702552	-0.861368	0.04275	p2
-0.567008	1.6622	-0.00147196	0.04275	p2
-1.13519	-0.8761	-0.963579	0.04275	p2
1.04578	-0.968404	0.728904	0.04275	p2
0.342934	-0.986849	1.1537	0.04275	p2
1.21456	1.0227	-0.179871	0.04275	p2
0.342129	1.3096	-0.542176	0.04275	p2
1.40361	-0.352537	-0.563776	0.04275	p2
1.3433	0.820985	0.502249	0.04275	p2
-1.19913	0.195879	0.874891	0.04275	p2
-1.52772	0.143157	0.633026	0.04275	p2
-1.58608	0.245589	-0.593985	0.04275	p2
1.45004	-0.596376	-0.441397	0.04275	p2
0.0686876	-1.43786	0.891487	0.04275	p2
-1.42688	-0.790364	0.624585	0.04275	p2
1.49582	-0.216118	-0.00384878	0.04275	p2
-0.418252	-1.27955	-0.690055	0.04275	p2
-1.2097	1.00566	0.684048	0.04275	p2
0.251665	-0.581409	-1.37187	0.04275	p2
-0.228261	1.24288	-1.02072	0.04275	p2
-1.04861	-0.598401	-1.18127	0.04275	p2
0.47317	0.957241	1.10361	0.04275	p2
1.51632	0.598427	0.0644263	0.04275	p2
1.40749	0.253273	-0.510316	0.04275	p2
1.08665	0.459165	0.96125	0.04275	p2
-0.509808	-1.09739	0.881289	0.04275	p2
-1.08196	0.992775	-0.41221	0.04275	p2
-0.556844	0.297232	-1.51546	0.04275	p2
0.358313	0.708949	-1.18917	0.04275	p2
-1.13112	0.263813	-1.12513	0.04275	p2
-0.702184	-1.24802	-0.21376	0.04275	p2
-0.530996	1.41633	-0.371939	0.04275	p2
-1.24877	0.92916	0.690517	0.04275	p2
-1.50858	0.0279487	0.351301	0.04275	p2
1.40128	0.403957	0.62599	0.04275	p2
-0.383196	1.49764	-0.419657	0.04275	p2
1.54456	0.146529	0.542825	0.04275	p2
0.714217	-1.16304	0.409391	0.04275	p2
0.610824	-0.80159	-1.08047	0.04275	p2
-0.869464	-1.16554	-0.588572	0.04275	p2
0.549271	1.51458	-0.654677	0.04275	p2
0.816836	0.0701171	-1.38288	0.04275	p2
0.63601	0.0325182	-1.37857	0.04275	p2
-0.587289	1.48042	-0.0158457	0.04275	p2
-0.744197	1.25443	0.498704	0.04275	p2
-1.27658	-0.54741	0.9846	0.04275	p2
0.983373	0.574762	0.857072	0.04275	p2
0.525312	-1.34583	-0.939844	0.04275	p2
-1.37315	0.474315	0.570677	0.04275	p2
1.25987	-0.192614	0.991058	0.04275	p2
-1.09033	0.986927	0.0434649	0.04275	p2
-0.257911	-1.0917	0.980391	0.04275	p2
0.590004	1.20122	0.558242	0.04275	p2
-0.544805	1.14503	-1.02953	0.04275	p2
0.689066	-0.752733	1.19729	0.04275	p2
-1.22896	-1.05332	0.0345277	0.04275	p2
0.148437	1.05204	-1.30656	0.04275	p2
1.4568	-0.0689939	0.304288	0.04275	p2
0.825568	-0.139516	-1.38386	0.04275	p2
1.18599	0.218002	0.83798	0.04275	p2
0.515343	0.0402656	1.6558	0.04275	p2
1.19913	0.239086	-1.11487	0.04275	p2
0.548568	-0.314127	1.2798	0.04275	p2
-0.492258	0.213715	1.61673	0.04275	p2
0.104411	-1.32136	0.636044	0.04275	p2
1.49461	0.257202	-0.839906	0.04275	p2
-0.874247	-1.18999	0.294667	0.04275	p2
-1.60117	-0.47116	0.504425	0.04275	p2
-0.476473	-1.52785	-0.332389	0.04275	p2
-0.559879	-1.31467	0.671066	0.04275	p2
-0.36739	-0.847176	-1.36435	0.04275	p2
0.926561	-1.24072	-0.549909	0.04275	p2
-0.857892	-0.114812	-1.49091	0.04275	p2
-1.3763	-0.653363	-0.102259	0.04275	p2
-1.56826	-0.15183	0.211129	0.04275	p2
-1.3506	0.548435	-0.110605	0.04275	p2
-0.134325	-0.510859	1.61131	0.04275	p2
-0.107313	-1.43402	0.592949	0.04275	p2
0.797061	-1.46339	0.523014	0.04275	p2
0.114406	-1.06312	1.38987	0.04275	p2
-1.32712	-0.490518	-0.253332	0.04275	p2
0.551702	-1.18097	1.14438	0.04275	p2
-0.259753	-0.190841	1.69309	0.04275	p2
0.126383	1.38372	0.320863	0.04275	p2
-1.14724	-1.09606	0.116669	0.04275	p2
1.09714	-1.26078	0.33193	0.04275	p2
1.47342	0.6775	-0.262988	0.04275	p2
-0.796251	1.31742	-0.177394	0.04275	p2
-0.200464	-0.138472	-1.44363	0.04275	p2
-1.44972	0.0820601	-0.349478	0.04275	p2
-1.45431	-0.667129	0.607004	0.04275	p2
1.05237	0.116595	1.25413	0.04275	p2
-0.979141	0.231045	1.42383	0.04275	p2
0.135857	-1.25755	-0.720419	0.04275	p2
0.245696	-0.107982	-1.42756	0.04275	p2
-0.662124	1.15811	0.779503	0.04275	p2
0.819881	-0.25894	-1.24397	0.04275	p2
0.559221	-1.46286	-0.783505	0.04275	p2
0.702808	-0.731013	-1.04848	0.04275	p2
0.88008	1.05095	0.643071	0.04275	p2
-1.42903	-0.794122	0.435282	0.04275	p2
0.511432	-1.45249	-0.444892	0.04275	p2
0.344822	1.5718	-0.0282759	0.04275	p2
-0.224529	-1.27555	-0.624714	0.04275	p2
0.222939	-0.164059	-1.71167	0.04275	p2
-0.161881	-1.6796	-0.278031	0.04275	p2
0.196372	0.471985	-1.66737	0.04275	p2
-0.885911	1.50965	0.136088	0.04275	p2
0.221851	-0.782015	1.3529	0.04275	p2
0.299772	-0.477714	-1.52902	0.04275	p2
0.0629982	0.535052	-1.4542	0.04275	p2
0.568054	-1.56669	-0.410296	0.04275	p2
-0.919638	1.23421	0.676593	0.04275	p2
-1.35946	-1.08179	0.083156	0.04275	p2
-0.594292	0.922707	1.09626	0.04275	p2
-1.18207	0.817064	-0.235248	0.04275	p2
1.43717	-0.574867	-0.0609339	0.04275	p2
1.14026	1.06073	0.703044	0.04275	p2
0.107325	-1.17789	-1.20663	0.04275	p2
0.347508	1.67889	-0.308412	0.04275	p2
0.0768625	-1.41755	-0.316197	0.04275	p2
-0.706511	-1.20337	0.533386	0.04275	p2
1.60857	-0.328034	-0.00483723	0.04275	p2
-0.16402	-0.43766	-1.49545	0.04275	p2
-0.555592	1.28797	0.336009	0.04275	p2
-1.45153	-0.909428	-0.341505	0.04275	p2
0.225392	-1.07835	1.33557	0.04275	p2
-0.963136	0.664866	1.03111	0.04275	p2
-0.15692	1.16535	1.02021	0.04275	p2
1.46037	-0.654552	-0.266878	0.04275	p2
1.49136	0.23686	-0.0997001	0.04275	p2
-0.320545	1.19692	1.21676	0.04275	p2
0.746692	0.464216	-1.15681	0.04275	p2
0.617698	-0.222837	-1.59921	0.04275	p2
0.332323	-0.771288	-1.39016	0.04275	p2
1.32343	1.02263	0.519825	0.04275	p2
1.14043	-0.851377	0.140731	0.04275	p2
1.35674	1.07234	-0.2921	0.04275	p2
0.708948	-0.0782456	1.26404	0.04275	p2
-0.050182	-1.74983	-0.144571	0.04275	p2
1.0123	0.146358	1.08867	0.04275	p2
-1.50073	-0.0240039	-0.614044	0.04275	p2
1.59913	0.644727	0.0762604	0.04275	p2
0.764465	-0.994683	0.971065	0.04275	p2
1.21601	-1.05175	0.468427	0.04275	p2
1.01895	-0.341278	-1.09382	0.04275	p2
0.368654	0.192922	1.37154	0.04275	p2
-1.10031	-1.05128	-0.338659	0.04275	p2
-0.676879	-1.25676	0.818376	0.04275	p2
-1.38379	0.928205	0.435432	0.04275	p2
1.07179	0.651423	0.884076	0.04275	p2
-0.832925	-1.20699	-0.678915	0.04275	p2
0.797236	0.530553	1.06937	0.04275	p2
0.452777	-0.36597	1.29929	0.04275	p2
0.451262	-1.35664	0.973313	0.04275	p2
0.666277	-1.31363	0.373903	0.04275	p2
-0.294048	-1.29329	1.06251	0.04275	p2
-1.21455	-0.212464	0.87405	0.04275	p2
0.165116	0.449946	1.45533	0.04275	p2
-1.60851	0.594478	0.0579201	0.04275	p2
-1.51469	0.658197	0.5796	0.04275	p2
-0.309891	-1.69097	0.262134	0.04275	p2
-0.138583	-1.37623	-1.02693	0.04275	p2
0.928567	1.25684	0.414429	0.04275	p2
-0.442753	0.016646	-1.59434	0.04275	p2
0.239377	1.36382	-0.567725	0.04275	p2
0.449611	0.911671	-1.2838	0.04275	p2
-1.22928	1.12812	-0.272075	0.04275	p2
-1.35484	0.261422	0.755437	0.04275	p2
-0.774786	1.552	0.0676662	0.04275	p2
-1.55525	-0.040219	-0.221684	0.04275	p2
0.6912	-0.720943	1.04662	0.04275	p2
1.63592	0.0522394	0.173452	0.04275	p2
-0.811828	1.15976	-0.440012	0.04275	p2
-1.174	-1.26735	0.184568	0.04275	p2
0.329642	-1.38776	-0.420695	0.04275	p2
0.275283	0.633738	-1.42646	0.04275	p2
0.539082	-0.907305	1.2972	0.04275	p2
1.07165	-1.19117	-0.368132	0.04275	p2
0.22901	-0.0127429	-1.46268	0.04275	p2
0.939325	-1.01653	0.33557	0.04275	p2
-0.726424	-1.33926	-0.657256	0.04275	p2
0.908018	1.09944	-0.53101	0.04275	p2
-0.109365	1.32359	-0.894375	0.04275	p2
-1.43446	-0.46038	-0.362201	0.04275	p2
1.21243	-0.484393	0.819546	0.04275	p2
0.00265332	0.170636	1.52451	0.04275	p2
1.33853	-0.18402	1.05168	0.04275	p2
1.05166	0.939818	-0.762236	0.04275	p2
-1.56345	0.513673	0.0862154	0.04275	p2
0.999182	-0.487646	1.14013	0.04275	p2
1.16744	-1.06414	-0.206068	0.04275	p2
-0.378917	-1.29469	1.11543	0.04275	p2
-1.38194	0.0727044	-0.504464	0.04275	p2
0.283179	-1.45907	-0.732744	0.04275	p2
-0.134132	-1.55601	0.758355	0.04275	p2
-1.12284	-0.151066	-1.05004	0.04275	p2
0.32289	1.48111	0.643155	0.04275	p2
-0.703573	1.32935	0.256192	0.04275	p2
0.808906	-0.925005	-0.996891	0.04275	p2
-1.54255	0.106104	0.425346	0.04275	p2
1.35479	-0.0466996	-0.634479	0.04275	p2
0.637773	1.23107	-0.988096	0.04275	p2
0.899438	0.272693	1.47547	0.04275	p2
-0.390691	-0.0972144	-1.36903	0.04275	p2
-0.861193	-0.839501	-1.09984	0.04275	p2
1.03849	-0.00759902	-1.05711	0.04275	p2
1.51758	-0.366969	0.503246	0.04275	p2
-0.226487	1.50377	0.728567	0.04275	p2
-1.38337	-0.773776	0.741409	0.04275	p2
-0.834031	0.950049	-0.914077	0.04275	p2
0.176895	0.160234	-1.70734	0.04275	p2
-1.2309	1.09301	-0.515209	0.04275	p2
0.43875	-1.20132	1.17598	0.04275	p2
0.884288	0.0500767	1.12486	0.04275	p2
1.23634	1.16966	0.102634	0.04275	p2
-1.1945	-0.26067	0.947597	0.04275	p2
0.349487	-1.02339	1.06454	0.04275	p2
1.49601	0.426103	0.32784	0.04275	p2
0.939275	-1.06935	-0.946732	0.04275	p2
0.0258534	-1.59021	0.624526	0.04275	p2
-0.635603	0.134602	1.60981	0.04275	p2
-0.790736	0.790535	-0.967878	0.04275	p2
-1.38399	0.261968	-0.995378	0.04275	p2
-1.33887	-1.08074	-0.25783	0.04275	p2
-0.498292	0.72974	1.13698	0.04275	p2
-0.106883	1.32068	-0.534423	0.04275	p2
-0.298041	0.835474	-1.31868	0.04275	p2
1.39104	-0.944478	0.25615	0.04275	p2
-0.585218	-0.0708583	1.46186	0.04275	p2
0.443841	0.896713	1.43756	0.04275	p2
0.795049	-1.31015	0.602224	0.04275	p2
0.960969	-0.363331	1.14145	0.04275	p2
-0.0452455	-1.49881	0.775839	0.04275	p2
-0.386678	1.2009	-1.17009	0.04275	p2
0.318387	-0.859932	-1.12729	0.04275	p2
0.171989	0.574318	1.37957	0.04275	p2
-0.695146	0.957359	0.959913	0.04275	p2
0.411286	0.7755	1.51373	0.04275	p2
-0.205206	-0.879438	1.14046	0.04275	p2
-0.834664	-1.43156	0.366519	0.04275	p2
-0.142635	1.25131	1.13644	0.04275	p2
1.56893	0.235703	-0.25213	0.04275	p2
-0.72014	-1.03325	0.703152	0.04275	p2
-1.58234	-0.235287	0.28045	0.04275	p2
1.48	-0.303932	0.0104004	0.04275	p2
1.13759	-0.771688	0.714645	0.04275	p2
-0.24176	1.66971	-0.0423027	0.04275	p2
-1.11011	0.346756	-0.828066	0.04275	p2
0.0557546	-0.10468	1.71142	0.04275	p2
-0.311064	-0.120774	1.71389	0.04275	p2
-0.329982	-1.60246	-0.0399858	0.04275	p2
0.84254	-1.26618	0.701392	0.04275	p2
-0.0307622	1.07517	-1.37167	0.04275	p2
0.147206	-0.348704	-1.6359	0.04275	p2
-0.911291	0.542712	-1.38151	0.04275	p2
1.64513	0.0660916	-0.44723	0.04275	p2
0.0110183	0.0432013	1.59902	0.04275	p2
0.293292	1.11971	-1.222	0.04275	p2
-0.250197	1.13777	1.07122	0.04275	p2
-0.675727	-0.299009	-1.5458	0.04275	p2
0.774927	0.126404	1.20042	0.04275	p2
-1.35492	0.327314	-0.773799	0.04275	p2
1.08762	1.27505	0.306721	0.04275	p2
-0.701354	-1.30948	-0.533267	0.04275	p2
-0.496843	0.511276	1.54003	0.04275	p2
-0.681163	0.616571	-1.20176	0.04275	p2
-1.15061	0.972174	0.578725	0.04275	p2
0.0534174	0.30586	-1.6397	0.04275	p2
-0.66645	-1.12972	-0.776331	0.04275	p2
0.405238	-1.55611	-0.405846	0.04275	p2
-0.926223	-0.150026	-1.23615	0.04275	p2
0.746882	-0.467459	1.46831	0.04275	p2
-0.428205	-0.00162862	-1.36106	0.04275	p2
-0.324928	-1.06284	-0.956659	0.04275	p2
0.342474	-1.39592	-1.00824	0.04275	p2
0.126615	-1.43287	-0.962232	0.04275	p2
0.0753498	-0.557156	1.36174	0.04275	p2
1.20654	0.977841	-0.590696	0.04275	p2
-0.548309	0.170825	-1.65885	0.04275	p2
0.81726	-0.573973	-1.23362	0.04275	p2
-0.125207	0.654615	1.5947	0.04275	p2
0.568198	-1.3388	0.0365679	0.04275	p2
0.731652	1.55792	-0.245438	0.04275	p2
-0.154068	1.60788	0.00730242	0.04275	p2
0.530618	0.575266	1.44806	0.04275	p2
0.315643	0.632791	1.58753	0.04275	p2
-0.123584	-0.74019	-1.34169	0.04275	p2
-0.240513	-0.391607	-1.52771	0.04275	p2
-0.948554	-0.560255	1.07707	0.04275	p2
0.323726	-0.825745	1.20766	0.04275	p2
0.429334	1.33853	-0.577837	0.04275	p2
0.0986678	1.38643	0.651655	0.04275	p2
0.723859	0.0128725	-1.59828	0.04275	p2
-0.242456	0.354212	1.47142	0.04275	p2
1.54285	-0.0320671	0.328215	0.04275	p2
1.30866	-0.895214	-0.638959	0.04275	p2
0.0662494	-1.30737	1.04991	0.04275	p2
0.440235	1.19491	0.679445	0.04275	p2
1.29551	0.0394249	1.04393	0.04275	p2
-1.56526	0.2531	-0.363525	0.04275	p2
-0.94992	1.20471	0.298304	0.04275	p2
-1.00421	-1.0801	0.902318	0.04275	p2
0.131901	-1.4547	0.782413	0.04275	p2
0.246222	1.05404	-1.06458	0.04275	p2
0.986573	0.0670813	1.40444	0.04275	p2
0.500804	-1.14193	-1.21489	0.04275	p2
-0.368708	1.56702	0.662851	0.04275	p2
-0.828316	-1.02413	0.558319	0.04275	p2
0.741912	0.660705	-1.30024	0.04275	p2
0.519736	0.155009	-1.40488	0.04275	p2
-0.668071	0.205298	-1.55983	0.04275	p2
0.10611	0.523924	1.62532	0.04275	p2
-1.35917	0.404313	-0.436291	0.04275	p2
0.39928	1.05679	-1.05989	0.04275	p2
1.08527	0.705235	-0.992848	0.04275	p2
-0.593242	0.389507	-1.43077	0.04275	p2
-1.19691	0.860167	0.175443	0.04275	p2
-1.05073	-0.858085	0.544429	0.04275	p2
0.412003	-1.38204	-0.954778	0.04275	p2
0.478153	-0.286434	-1.37002	0.04275	p2
-1.60911	0.10417	0.695475	0.04275	p2
-0.915288	-1.40166	0.260236	0.04275	p2
0.737113	1.37309	0.795441	0.04275	p2
1.28735	-0.846398	-0.313511	0.04275	p2
-1.68451	-0.452289	-0.0798706	0.04275	p2
0.0859707	-0.61442	1.64122	0.04275	p2
0.319376	-1.07029	0.925017	0.04275	p2
0.413429	1.5162	-0.0325064	0.04275	p2
0.429771	-1.47482	-0.0978567	0.04275	p2
-0.937988	-0.0430854	1.38353	0.04275	p2
-1.54415	-0.313335	-0.328208	0.04275	p2
0.235908	0.200855	1.71581	0.04275	p2
0.59203	0.789748	-1.16294	0.04275	p2
0.289046	-0.822358	1.28686	0.04275	p2
1.38001	0.594036	-0.243292	0.04275	p2
0.713863	0.772745	1.0762	0.04275	p2
-0.47327	1.39576	0.497164	0.04275	p2
0.775862	0.326172	-1.44485	0.04275	p2
-0.0514661	1.16268	0.92743	0.04275	p2
1.59984	0.0948745	-0.714703	0.04275	p2
0.524545	-0.297079	1.57145	0.04275	p2
0.331236	1.15276	1.16768	0.04275	p2
-0.597323	-0.134993	-1.62763	0.04275	p2
-0.500543	1.34662	-0.613441	0.04275	p2
-0.835056	-0.422901	-1.26445	0.04275	p2
0.00291814	1.49679	-0.533589	0.04275	p2
-0.395268	-0.00461833	-1.50249	0.04275	p2
1.07427	1.14829	-0.674056	0.04275	p2
-0.0594163	-0.454107	1.48432	0.04275	p2
0.194185	-1.00885	-0.998166	0.04275	p2
-0.880694	-0.112164	1.11305	0.04275	p2
0.287014	-1.56672	-0.0748547	0.04275	p2
0.41994	-1.5517	-0.13956	0.04275	p2
0.781	0.592475	-1.12172	0.04275	p2
1.10821	0.3835	-0.98868	0.04275	p2
0.204287	-0.327886	-1.50699	0.04275	p2
1.16004	0.396087	-0.776915	0.04275	p2
-0.94222	0.579472	-1.17552	0.04275	p2
1.23857	-0.116651	1.02726	0.04275	p2
0.0408564	1.56269	0.755599	0.04275	p2
0.707838	-0.83639	-1.32062	0.04275	p2
0.129913	-1.21909	1.23	0.04275	p2
-0.649859	-1.61339	-0.179952	0.04275	p2
-0.700867	-0.296946	1.48568	0.04275	p2
-0.152487	-1.09813	-1.20524	0.04275	p2
-0.0476513	0.815119	-1.2838	0.04275	p2
0.231222	-1.1475	-0.837382	0.04275	p2
1.47937	0.884646	0.0671724	0.04275	p2
0.365155	0.960191	1.05883	0.04275	p2
-0.462643	0.861291	-1.18895	0.04275	p2
0.746669	1.29408	-0.868568	0.04275	p2
1.21227	-0.341688	-0.90701	0.04275	p2
-0.0700069	1.41483	-1.01309	0.04275	p2
1.45604	0.89242	0.298833	0.04275	p2
-0.763313	1.19273	0.22884	0.04275	p2
-1.59167	-0.196286	0.553265	0.04275	p2
-1.39714	0.457114	0.761679	0.04275	p2
-1.13096	-0.752361	-0.861666	0.04275	p2
0.276443	1.3748	0.8857	0.04275	p2
1.24129	0.79388	0.174032	0.04275	p2
1.25217	-0.977126	0.172928	0.04275	p2
1.653	-0.194531	0.562275	0.04275	p2
0.161241	-0.318145	1.59117	0.04275	p2
-1.30445	0.650879	0.0951081	0.04275	p2
1.51244	0.010474	0.421087	0.04275	p2
0.344528	-1.23605	-0.644359	0.04275	p2
-0.733436	0.175362	1.54478	0.04275	p2
-1.25947	0.190403	0.794091	0.04275	p2
-0.33606	-0.058884	1.49502	0.04275	p2
1.21482	-0.892008	-0.715265	0.04275	p2
-0.0764653	0.510092	-1.65816	0.04275	p2
-0.334612	0.59325	-1.45533	0.04275	p2
-0.901475	0.471941	-1.28621	0.04275	p2
-0.677249	-1.0904	1.1863	0.04275	p2
-0.573147	0.674675	-1.30325	0.04275	p2
-0.0163296	1.0373	1.23058	0.04275	p2
-0.411537	-0.616696	1.5652	0.04275	p2
-1.01429	0.0478969	-1.26671	0.04275	p2
0.101246	0.976879	-1.29038	0.04275	p2
0.301419	1.7	-0.166096	0.04275	p2
-0.405777	0.690717	1.48383	0.04275	p2
1.27513	-1.09881	-0.391605	0.04275	p2
-0.416762	0.205929	1.3564	0.04275	p2
0.806535	1.18904	-0.581736	0.04275	p2
0.698976	-0.87347	1.07381	0.04275	p2
-1.33851	-1.04344	0.390401	0.04275	p2
1.15704	1.15814	-0.0423992	0.04275	p2
0.626947	-1.27916	-0.687382	0.04275	p2
1.34472	-0.319432	-0.434994	0.04275	p2
0.642232	-1.34844	-0.097907	0.04275	p2
-1.66659	0.431685	0.294882	0.04275	p2
-0.19534	1.73438	0.00785608	0.04275	p2
0.208066	1.29385	1.169	0.04275	p2
0.883071	1.0339	0.448331	0.04275	p2
-0.566042	-1.33021	-0.67244	0.04275	p2
-1.28983	-0.750519	-0.421258	0.04275	p2
-1.01308	1.1284	0.844358	0.04275	p2
0.937285	1.18436	-0.875575	0.04275	p2
-1.35007	-0.559374	0.930495	0.04275	p2
0.228536	0.256901	1.57984	0.04275	p2
-1.52915	0.251866	-0.464126	0.04275	p2
0.13342	-1.03462	-1.08556	0.04275	p2
0.0616949	-1.30482	-1.11342	0.04275	p2
0.63878	1.02587	0.872684	0.04275	p2
-0.479084	-1.4763	0.224249	0.04275	p2
0.232728	-1.35987	0.928535	0.04275	p2
0.0780602	-0.71619	-1.54654	0.04275	p2
-1.38882	0.610909	-0.258949	0.04275	p2
1.07367	1.08192	-0.150233	0.04275	p2
0.223109	-1.39352	0.212972	0.04275	p2
-1.37868	-0.749025	-0.39829	0.04275	p2
-1.22271	0.127471	-1.24151	0.04275	p2
-1.19488	-0.819312	-0.56989	0.04275	p2
-1.08058	0.521551	-0.858711	0.04275	p2
0.401271	-0.855904	-1.40228	0.04275	p2
0.114776	-1.55904	0.393768	0.04275	p2
-0.522584	0.692134	-1.22965	0.04275	p2
1.39769	-0.800288	-0.0547446	0.04275	p2
1.3925	-0.252311	0.233416	0.04275	p2
0.827736	-0.429977	1.30578	0.04275	p2
-0.461405	0.403652	1.46198	0.04275	p2
-1.31921	1.00658	-0.461591	0.04275	p2
0.944951	1.10082	-0.23942	0.04275	p2
-0.5386	1.46159	0.3858	0.04275	p2
-0.0552867	-1.64216	0.586088	0.04275	p2
0.140361	1.41707	0.195294	0.04275	p2
1.6931	-0.190486	-0.342794	0.04275	p2
0.0143672	1.27656	-1.1035	0.04275	p2
1.37551	0.945113	0.508438	0.04275	p2
-1.51315	0.508305	-0.0524665	0.04275	p2
0.508391	1.28213	-0.942954	0.04275	p2
-0.897783	0.63498	-1.30974	0.04275	p2
1.2418	-0.465589	0.970915	0.04275	p2
-1.24583	1.231	0.116641	0.04275	p2
1.0126	0.594392	-0.959543	0.04275	p2
0.337812	0.47127	1.65831	0.04275	p2
1.03091	-1.25589	0.101047	0.04275	p2
-1.04261	0.470178	1.17851	0.04275	p2
-1.36114	-0.354948	-0.776315	0.04275	p2
-0.223263	0.830583	1.33427	0.04275	p2
-1.41661	-0.269859	-0.852693	0.04275	p2
-1.25215	-0.520069	-0.801233	0.04275	p2
1.52954	0.0742501	-0.36895	0.04275	p2
-1.15344	0.646526	-1.1063	0.04275	p2
-1.08219	1.14137	-0.145093	0.04275	p2
-0.609224	0.495931	1.54098	0.04275	p2
-0.0717826	0.0489653	-1.45302	0.04275	p2
1.379	0.437101	-0.136297	0.04275	p2
1.3882	0.255757	0.684181	0.04275	p2
-1.28513	0.399878	-0.809647	0.04275	p2
-0.275737	-1.56106	-0.74199	0.04275	p2
-0.348161	0.374872	-1.62956	0.04275	p2
1.3223	1.02958	0.158011	0.04275	p2
0.894012	1.27089	-0.117955	0.04275	p2
1.02012	0.200748	-1.00622	0.04275	p2
0.403394	1.46476	-0.828422	0.04275	p2
-0.00745076	-1.68468	0.434016	0.04275	p2
0.976446	1.03038	0.935699	0.04275	p2
-0.251655	0.484904	-1.63152	0.04275	p2
0.168698	0.618711	-1.53014	0.04275	p2
0.0839154	-0.449337	1.45705	0.04275	p2
-1.05349	0.723321	0.629076	0.04275	p2
-1.49202	-0.446838	0.590043	0.04275	p2
1.56433	-0.0149004	0.130381	0.04275	p2
1.65652	-0.175985	-0.265069	0.04275	p2
-0.113353	1.39183	-0.44024	0.04275	p2
1.20822	-0.377485	0.775709	0.04275	p2
-1.51478	0.439203	0.0341701	0.04275	p2
-1.07093	-0.355155	0.936779	0.04275	p2
1.05734	0.647332	-1.09649	0.04275	p2
0.734734	0.297353	-1.53085	0.04275	p2
-1.3664	0.354464	0.237375	0.04275	p2
-0.654364	0.182481	1.38521	0.04275	p2
-0.0624584	1.4235	-0.591784	0.04275	p2
1.10269	-0.582619	0.6914	0.04275	p2
-1.01481	-0.0299694	1.01632	0.04275	p2
0.108366	-0.87276	1.36624	0.04275	p2
0.475856	-1.56486	0.510319	0.04275	p2
0.943086	1.31652	-0.342879	0.04275	p2
-0.318052	1.21716	-0.905899	0.04275	p2
-1.73401	-0.237621	0.00488525	0.04275	p2
-1.54042	-0.782646	0.292027	0.04275	p2
0.512816	-1.56717	-0.235489	0.04275	p2
0.468451	-1.64881	-0.255922	0.04275	p2
-1.04162	1.10619	-0.0682962	0.04275	p2
0.301269	-1.48823	0.832464	0.04275	p2
-0.74651	1.10404	-0.548094	0.04275	p2
1.21599	-1.00775	0.083008	0.04275	p2
-0.46413	0.216226	-1.66852	0.04275	p2
-1.2115	-0.174941	0.974833	0.04275	p2
0.7428	0.22376	-1.48349	0.04275	p2
-1.5336	0.0409643	-0.134421	0.04275	p2
0.154973	1.11534	-1.03979	0.04275	p2
1.18468	-0.967977	0.403056	0.04275	p2
-0.750753	-0.523824	-1.3148	0.04275	p2
0.0810384	0.055628	-1.63586	0.04275	p2
-1.26322	1.0831	-0.424317	0.04275	p2
-1.35209	-0.398582	-0.26355	0.04275	p2
-0.542952	1.4054	-0.285455	0.04275	p2
1.58964	0.614303	0.381461	0.04275	p2
-0.679588	-1.03543	1.02525	0.04275	p2
-0.9039	-1.39535	-0.423471	0.04275	p2
0.829272	-0.567911	1.33722	0.04275	p2
1.57596	-0.520645	0.541878	0.04275	p2
-1.01684	-0.329147	-1.19016	0.04275	p2
-0.0788965	-0.285837	1.53237	0.04275	p2
0.154208	-1.52079	0.863934	0.04275	p2
1.59391	0.0593797	-0.153796	0.04275	p2
1.43625	0.32355	0.950557	0.04275	p2
-0.123411	0.610224	-1.631	0.04275	p2
-1.10215	-1.22532	0.600768	0.04275	p2
1.61508	-0.344227	0.122003	0.04275	p2
-0.73594	-0.894501	-1.02282	0.04275	p2
-1.52352	0.0294207	0.779374	0.04275	p2
0.414912	-1.191	-1.07067	0.04275	p2
-1.45212	-0.391538	0.675749	0.04275	p2
0.48991	0.266172	-1.44069	0.04275	p2
-0.955812	-1.29041	-0.245908	0.04275	p2
-1.13604	1.25192	0.463598	0.04275	p2
-1.2001	-1.22772	0.0671975	0.04275	p2
-0.117549	-0.37294	-1.43663	0.04275	p2
0.560116	-0.0447032	1.63907	0.04275	p2
-1.3074	-0.300802	-0.681378	0.04275	p2
1.09055	0.665363	-0.652903	0.04275	p2
-1.50786	-0.491264	0.19604	0.04275	p2
0.702543	-1.40819	-0.771838	0.04275	p2
-0.800253	-1.14343	0.337004	0.04275	p2
-1.55643	-0.559107	0.434959	0.04275	p2
0.213554	-0.476823	-1.67409	0.04275	p2
1.67365	0.200581	0.0657197	0.04275	p2
0.0370792	1.52426	-0.700231	0.04275	p2
0.726334	0.219767	-1.24173	0.04275	p2
-0.640123	1.3639	0.375189	0.04275	p2
-1.48841	0.417686	-0.514037	0.04275	p2
-1.68119	-0.493129	0.12602	0.04275	p2
0.801801	0.8563	0.807121	0.04275	p2
-0.436343	-0.0815651	-1.64795	0.04275	p2
-1.16414	0.51794	-1.1783	0.04275	p2
-0.782956	0.992425	-0.699991	0.04275	p2
0.227209	0.297724	-1.52484	0.04275	p2
-0.887376	0.596228	-1.01634	0.04275	p2
-1.26714	-0.841605	-0.872438	0.04275	p2
-0.038798	-1.58611	0.702155	0.04275	p2
-0.934217	-0.788405	1.24426	0.04275	p2
-0.858356	1.27444	0.731698	0.04275	p2
-0.155523	0.801783	1.55053	0.04275	p2
1.39909	-0.297448	-0.154191	0.04275	p2
-0.0266791	-0.00154375	-1.71873	0.04275	p2
-1.61985	0.365408	0.326409	0.04275	p2
-1.6921	0.276418	-0.383475	0.04275	p2
0.363333	-0.622199	1.55621	0.04275	p2
0.547974	1.38574	0.566458	0.04275	p2
-1.49095	0.892869	0.0537627	0.04275	p2
-1.30105	0.591835	-0.179286	0.04275	p2
0.155144	-0.449091	1.34705	0.04275	p2
-1.08081	-0.344522	-1.27004	0.04275	p2
0.55802	1.62385	0.134646	0.04275	p2
0.863538	1.14948	-0.78904	0.04275	p2
0.38423	-0.923736	-1.21266	0.04275	p2
1.47373	0.91191	-0.154264	0.04275	p2
-0.829357	0.7819	1.22419	0.04275	p2
-0.157446	-1.10323	-1.11741	0.04275	p2
-0.125745	0.123913	-1.43045	0.04275	p2
-0.0260994	-1.19451	-0.914651	0.04275	p2
0.18266	0.372648	1.50009	0.04275	p2
0.572801	1.33083	0.798636	0.04275	p2
-1.04471	0.118712	1.12553	0.04275	p2
-1.16373	0.292107	1.04275	0.04275	p2
-0.967273	-1.00427	-0.907488	0.04275	p2
-0.120002	-0.0517822	1.70621	0.04275	p2
0.745349	-1.20997	0.292156	0.04275	p2
-0.675047	-1.38564	-0.785631	0.04275	p2
0.431555	-0.619458	-1.48071	0.04275	p2
1.38892	-0.577299	-0.649896	0.04275	p2
-0.0752345	-1.42053	-0.139075	0.04275	p2
-0.499189	-1.38658	0.565324	0.04275	p2
-0.811975	-1.16793	0.740859	0.04275	p2
-0.0971447	0.861003	-1.1483	0.04275	p2
-0.509356	1.63857	-0.274295	0.04275	p2
1.12036	-0.40022	-1.26996	0.04275	p2
0.326956	0.577602	1.47078	0.04275	p2
-0.122718	1.31045	1.05851	0.04275	p2
0.946545	-0.693591	-1.04874	0.04275	p2
1.39616	-0.611033	-0.73944	0.04275	p2
-0.774795	-1.00962	-0.673858	0.04275	p2
-0.222898	-0.777103	-1.28759	0.04275	p2
0.151813	-1.17519	0.853715	0.04275	p2
-1.141	0.811359	-0.373363	0.04275	p2
1.00136	0.329235	1.06802	0.04275	p2
-1.0534	0.998858	0.284416	0.04275	p2
-0.393157	1.00315	-1.0287	0.04275	p2
1.34057	-0.260331	0.815073	0.04275	p2
1.5788	-0.217745	0.175207	0.04275	p2
1.07202	0.487106	-0.837992	0.04275	p2
0.180749	1.46001	-0.620659	0.04275	p2
-0.201982	0.554519	1.41859	0.04275	p2
0.872568	1.52165	-0.0415771	0.04275	p2
1.54984	-0.257928	0.0572264	0.04275	p2
-0.684775	-0.728106	1.02438	0.04275	p2
-0.674916	-1.10994	0.801313	0.04275	p2
-0.267662	-1.37904	0.578	0.04275	p2
-0.856374	0.665537	1.09456	0.04275	p2
0.153154	-1.43108	0.954423	0.04275	p2
1.24303	-0.371053	1.02551	0.04275	p2
-0.375011	0.317672	1.65388	0.04275	p2
0.924963	-1.22195	0.813395	0.04275	p2
-0.831674	-1.33307	0.403541	0.04275	p2
1.48654	-0.785627	-0.120404	0.04275	p2
1.36181	0.609391	-0.831355	0.04275	p2
-0.712707	1.18057	1.08699	0.04275	p2
-1.17739	1.06708	0.413918	0.04275	p2
-0.508928	-1.63341	-0.248822	0.04275	p2
-0.866522	-1.00682	1.02132	0.04275	p2
1.05328	-1.0566	-0.60835	0.04275	p2
0.0950065	-0.732266	1.40021	0.04275	p2
-0.953645	-0.677056	-1.06327	0.04275	p2
0.706249	0.709708	1.13929	0.04275	p2
0.119551	0.988483	1.29033	0.04275	p2
0.962499	-0.850662	-1.12733	0.04275	p2
0.756076	-0.094718	1.42087	0.04275	p2
0.890857	0.761419	0.870353	0.04275	p2
-0.280028	1.46101	-0.562697	0.04275	p2
0.80528	1.01624	0.700512	0.04275	p2
-0.730181	-1.21491	-0.344458	0.04275	p2
1.28613	0.44539	-0.817861	0.04275	p2
1.0117	0.443308	1.24537	0.04275	p2
-0.496589	1.58552	0.412681	0.04275	p2
1.13675	-0.184383	-1.23205	0.04275	p2
-1.62744	0.0731702	0.507514	0.04275	p2
0.751486	-1.48612	-0.456056	0.04275	p2
0.095174	1.55013	-0.792792	0.04275	p2
1.13418	1.08249	-0.561133	0.04275	p2
-0.0440113	1.32568	0.543122	0.04275	p2
0.689132	-0.288713	-1.42497	0.04275	p2
-0.968684	-0.37666	-1.3628	0.04275	p2
0.682483	-0.474605	-1.53476	0.04275	p2
-0.994505	-1.19735	-0.597285	0.04275	p2
-0.705523	-0.423815	1.24374	0.04275	p2
-1.11743	-0.647895	1.13631	0.04275	p2
0.755177	1.45682	-0.314103	0.04275	p2
-0.818351	-0.660838	-1.18634	0.04275	p2
-0.0465061	1.44477	0.848823	0.04275	p2
1.51981	0.235304	0.668781	0.04275	p2
-0.739216	-1.03562	0.890868	0.04275	p2
1.42623	-0.063523	-0.215988	0.04275	p2
0.0110273	1.44483	-0.730599	0.04275	p2
-0.34995	0.955383	1.13516	0.04275	p2
-0.460335	1.68135	-0.0775582	0.04275	p2
-0.277656	-1.02453	1.23128	0.04275	p2
0.36815	-1.54987	0.396975	0.04275	p2
-1.45829	-0.324601	0.542179	0.04275	p2
-0.291413	1.57131	0.400745	0.04275	p2
1.28407	-0.937365	-0.378047	0.04275	p2
-0.858183	0.711811	-1.3364	0.04275	p2
0.149375	-0.808907	1.41419	0.04275	p2
-0.116983	-1.59089	0.490003	0.04275	p2
-0.261466	-1.31095	0.497019	0.04275	p2
-0.501441	1.37123	0.968514	0.04275	p2
1.19546	-0.334819	0.907977	0.04275	p2
1.27963	0.309259	0.966795	0.04275	p2
0.801628	1.15028	-0.335432	0.04275	p2
0.965648	-0.30188	1.20684	0.04275	p2
1.04421	-0.632013	1.15373	0.04275	p2
-1.25441	0.559311	0.724045	0.04275	p2
0.0351237	1.22589	-0.739011	0.04275	p2
0.323241	-0.708902	1.56018	0.04275	p2
-0.568182	-1.34366	-0.800097	0.04275	p2
0.620152	-1.52755	0.0993473	0.04275	p2
0.356331	0.615746	-1.57233	0.04275	p2
0.186214	-0.829802	-1.35598	0.04275	p2
0.551019	-0.583909	-1.55618	0.04275	p2
0.736829	1.21836	0.67002	0.04275	p2
-0.71499	-1.33158	-0.0325071	0.04275	p2
-0.370773	0.127601	-1.50534	0.04275	p2
1.17435	-0.813072	-0.57581	0.04275	p2
1.34899	0.733961	0.175807	0.04275	p2
-0.0367153	-1.19715	1.09642	0.04275	p2
-1.32965	0.0208761	-0.868671	0.04275	p2
-1.59999	-0.37114	0.126412	0.04275	p2
-1.24015	0.873567	-0.266671	0.04275	p2
-0.781396	-1.07868	-0.770777	0.04275	p2
-0.345404	-0.675634	-1.5352	0.04275	p2
0.83149	0.960598	-0.848755	0.04275	p2
0.523399	-1.20601	-0.967448	0.04275	p2
1.60467	0.171245	-0.626875	0.04275	p2
0.77417	1.0444	-0.804337	0.04275	p2
1.09622	0.899503	0.856765	0.04275	p2
-1.32111	-0.219451	-1.04863	0.04275	p2
-0.837064	0.960575	-1.07667	0.04275	p2
-1.35741	0.634127	0.265786	0.04275	p2
1.13583	0.893887	-0.947428	0.04275	p2
-1.30705	0.233959	-0.51242	0.04275	p2
0.196206	-1.3102	1.14304	0.04275	p2
1.12169	0.493414	1.07164	0.04275	p2
-1.41752	0.331364	-0.428907	0.04275	p2
-0.725822	-0.143667	-1.25212	0.04275	p2
1.35125	0.406786	0.332671	0.04275	p2
-0.215944	-1.46589	0.779058	0.04275	p2
0.557568	0.276763	1.30964	0.04275	p2
1.57684	-0.269617	-0.0848547	0.04275	p2
-0.549149	-0.250822	1.30467	0.04275	p2
0.910513	-0.922137	-1.08287	0.04275	p2
1.30674	-0.614327	0.0395107	0.04275	p2
-1.05376	0.879656	-0.376245	0.04275	p2
1.63778	0.375645	0.382493	0.04275	p2
-0.446778	-0.121642	1.68548	0.04275	p2
0.674371	1.48723	-0.602367	0.04275	p2
1.60186	-0.369744	0.369304	0.04275	p2
0.843073	-1.21382	0.944134	0.04275	p2
-1.71872	0.226971	0.251269	0.04275	p2
0.823002	-1.32436	-0.652824	0.04275	p2
0.587484	-1.05729	-1.03187	0.04275	p2
-0.155227	0.463366	1.3486	0.04275	p2
-1.298	0.454846	1.03675	0.04275	p2
1.23642	0.888481	-0.444525	0.04275	p2
1.127	-0.899938	-0.631595	0.04275	p2
-0.57637	-1.0164	0.868405	0.04275	p2
-0.225334	-1.50517	0.0389868	0.04275	p2
-0.103752	1.57297	-0.75888	0.04275	p2
-1.02969	-0.741275	-0.92148	0.04275	p2
-0.00273442	0.948036	-1.3292	0.04275	p2
-0.545036	-1.43732	0.69008	0.04275	p2
1.28564	-0.383708	0.591522	0.04275	p2
1.03101	1.17637	0.342761	0.04275	p2
1.01639	-0.704552	-1.22822	0.04275	p2
0.853451	-0.419025	-1.437	0.04275	p2
0.247204	1.22754	0.710566	0.04275	p2
1.54828	0.253017	0.536439	0.04275	p2
-0.890356	0.677102	1.25591	0.04275	p2
1.60558	-0.669075	-0.115249	0.04275	p2
-1.08809	0.43653	-1.15817	0.04275	p2
0.870855	-1.34205	-0.41429	0.04275	p2
1.00343	1.08132	0.706586	0.04275	p2
0.0798876	1.71765	-0.030194	0.04275	p2
1.28797	0.491347	0.882492	0.04275	p2
1.02641	0.175673	0.983264	0.04275	p2
-1.17103	0.283113	0.902497	0.04275	p2
-1.36979	0.997981	0.277275	0.04275	p2
1.03074	-1.41901	-0.104598	0.04275	p2
-0.681736	1.26058	-0.191671	0.04275	p2
-0.18522	-1.44727	-0.16228	0.04275	p2
1.2272	-0.953332	-0.151842	0.04275	p2
-1.66379	-0.385388	0.350677	0.04275	p2
-0.831548	-0.975551	0.934823	0.04275	p2
0.581833	0.342081	1.45273	0.04275	p2
0.24411	-1.67319	-0.0505428	0.04275	p2
1.04978	0.516144	-1.30263	0.04275	p2
1.5063	0.455385	-0.733876	0.04275	p2
1.4216	0.140223	-0.75983	0.04275	p2
-1.56258	-0.105778	0.128616	0.04275	p2
0.362689	1.20541	-0.751518	0.04275	p2
1.70755	0.163099	0.359022	0.04275	p2
0.453319	1.37199	-0.488318	0.04275	p2
0.185536	-0.393874	1.68733	0.04275	p2
0.238365	-1.53434	-0.401074	0.04275	p2
0.422604	1.46558	0.306159	0.04275	p2
0.222614	-0.11657	-1.59218	0.04275	p2
-1.22609	-0.477333	-1.1518	0.04275	p2
1.23967	0.446885	-0.568282	0.04275	p2
-0.392772	1.20246	0.710405	0.04275	p2
-1.08195	0.93646	-0.119437	0.04275	p2
0.599894	-1.33126	0.452879	0.04275	p2
1.37886	-1.02945	0.182562	0.04275	p2
0.14054	-0.894325	-1.14697	0.04275	p2
1.43382	0.721828	-0.371163	0.04275	p2
-0.683446	1.34028	0.590935	0.04275	p2
0.706674	0.086313	-1.28579	0.04275	p2
-1.06755	-1.16901	-0.636118	0.04275	p2
0.647314	-0.771076	-1.17859	0.04275	p2
0.141023	-1.71527	-0.352658	0.04275	p2
1.03524	0.438906	1.33582	0.04275	p2
-1.65873	0.526277	-0.0554081	0.04275	p2
0.514826	0.0621652	-1.52005	0.04275	p2
1.10753	-0.862059	0.263434	0.04275	p2
-0.743363	0.540884	1.48519	0.04275	p2
-0.329785	0.823502	-1.16355	0.04275	p2
0.0807943	0.150261	1.61626	0.04275	p2
-0.569289	0.771766	-1.32433	0.04275	p2
-1.48329	0.773707	-0.514956	0.04275	p2
1.18984	-0.753498	-0.745504	0.04275	p2
-1.61693	0.154843	0.412811	0.04275	p2
-0.0910599	-0.324846	-1.65501	0.04275	p2
0.623666	-0.559051	-1.21376	0.04275	p2
1.02482	-1.20264	-0.0343833	0.04275	p2
-0.939675	-0.346085	1.42764	0.04275	p2
-0.909038	-0.307079	-1.41856	0.04275	p2
-0.778293	1.35927	-0.687506	0.04275	p2
-0.378153	-1.4556	0.194082	0.04275	p2
0.039328	0.0190916	-1.46113	0.04275	p2
0.646356	-1.29465	-0.983237	0.04275	p2
0.610771	-1.20057	-1.08566	0.04275	p2
0.403116	-1.38533	0.489597	0.04275	p2
0.479733	1.06132	-0.982086	0.04275	p2
1.03805	-0.446848	0.911582	0.04275	p2
-0.108951	1.38708	0.308958	0.04275	p2
-0.649995	-1.44743	0.629701	0.04275	p2
0.0971899	1.15006	-1.30752	0.04275	p2
-0.423165	-1.57173	0.121024	0.04275	p2
-0.0320423	-0.712908	-1.5165	0.04275	p2
-0.0645966	1.39308	-0.681229	0.04275	p2
-0.691979	-1.422	0.72327	0.04275	p2
1.61367	0.61687	-0.153278	0.04275	p2
-1.48165	0.492615	-0.794927	0.04275	p2
0.761974	0.407117	1.34538	0.04275	p2
0.163426	0.801777	-1.50735	0.04275	p2
-0.904108	0.0130496	-1.31084	0.04275	p2
1.45132	-0.789226	-0.392384	0.04275	p2
0.561709	-0.849853	1.10303	0.04275	p2
-0.255886	-1.3426	-0.668084	0.04275	p2
-0.607278	-0.905685	0.952999	0.04275	p2
-1.30157	-0.729558	0.819986	0.04275	p2
1.454	0.67743	0.275109	0.04275	p2
-0.762157	1.13718	-0.819343	0.04275	p2
0.575084	-0.61739	-1.16727	0.04275	p2
1.23395	0.84624	0.90841	0.04275	p2
1.24298	-0.705994	-0.68881	0.04275	p2
0.6723	1.51811	0.558951	0.04275	p2
-0.875987	1.07583	-0.648282	0.04275	p2
1.16435	-1.02491	-0.364188	0.04275	p2
1.468	-0.650973	0.649516	0.04275	p2
-0.577669	1.49693	0.207403	0.04275	p2
-0.402614	1.5899	-0.423675	0.04275	p2
0.0255133	0.99775	-1.08953	0.04275	p2
-0.311224	-1.42583	-0.22025	0.04275	p2
0.0279067	1.18998	-1.18303	0.04275	p2
1.43714	-0.13901	-0.911702	0.04275	p2
1.27127	-0.842801	0.0215178	0.04275	p2
1.18237	0.63039	-0.794105	0.04275	p2
-0.359282	-1.17458	0.919247	0.04275	p2
0.0337636	1.41422	-0.829567	0.04275	p2
0.442934	1.32212	-1.0596	0.04275	p2
0.0341476	-1.43253	-0.0388298	0.04275	p2
1.39552	-0.0409395	-0.518401	0.04275	p2
0.983177	-1.22731	-0.108707	0.04275	p2
-0.625232	1.22193	1.06354	0.04275	p2
0.854947	1.10908	-0.875383	0.04275	p2
-0.823199	1.33986	0.268468	0.04275	p2
0.301214	1.58193	-0.487747	0.04275	p2
0.529588	1.35653	-0.584734	0.04275	p2
0.498486	-1.42406	-0.221375	0.04275	p2
1.19693	-0.757213	-0.150147	0.04275	p2
0.456265	0.832397	-1.34872	0.04275	p2
-0.384078	0.894312	1.44568	0.04275	p2
-0.0322318	1.10992	-1.27269	0.04275	p2
-0.79724	-0.884204	-0.913934	0.04275	p2
0.355298	0.181775	-1.43165	0.04275	p2
1.56475	-0.658642	-0.239732	0.04275	p2
-1.2335	0.674181	0.444613	0.04275	p2
1.09988	0.694352	1.08341	0.04275	p2
0.889122	1.33853	0.138767	0.04275	p2
0.298769	-0.274805	-1.3718	0.04275	p2
-1.30198	1.06093	0.234451	0.04275	p2
0.098364	1.54157	-0.408234	0.04275	p2
-1.12641	-1.19181	0.162167	0.04275	p2
0.478275	-1.57638	-0.557928	0.04275	p2
-1.07674	1.31114	0.326524	0.04275	p2
-0.425437	-0.183911	-1.46524	0.04275	p2
-0.449287	0.515851	1.29485	0.04275	p2
1.33804	0.790844	-0.164262	0.04275	p2
1.71202	-0.203694	0.315098	0.04275	p2
0.329623	-1.04711	-1.36681	0.04275	p2
1.3655	-0.57439	0.635026	0.04275	p2
-0.4832	1.39675	-0.81905	0.04275	p2
0.157721	-1.31955	-0.583357	0.04275	p2
0.35048	1.35715	0.559776	0.04275	p2
0.951538	1.20238	0.478276	0.04275	p2
-0.107604	1.351	-0.616544	0.04275	p2
0.749648	-1.1749	0.897009	0.04275	p2
0.980317	-1.15911	-0.588851	0.04275	p2
-1.43924	0.104365	-0.602019	0.04275	p2
-0.526222	-1.32096	0.0839691	0.04275	p2
-1.4554	-0.751646	-0.168097	0.04275	p2
-0.44099	-1.61274	0.44983	0.04275	p2
1.23109	-0.585792	-0.920251	0.04275	p2
-1.12356	-0.925359	0.494391	0.04275	p2
0.815534	-1.32618	0.0238128	0.04275	p2
-0.8967	-0.673171	-0.939272	0.04275	p2
1.31832	-0.210242	-1.11836	0.04275	p2
0.142726	1.53468	-0.142617	0.04275	p2
-0.36875	-0.771955	1.15105	0.04275	p2
0.330524	0.873774	1.3872	0.04275	p2
-1.11672	-1.02399	-0.169966	0.04275	p2
-0.292007	1.29516	0.589618	0.04275	p2
0.538536	-0.00366936	1.5658	0.04275	p2
0.495454	1.30125	0.36568	0.04275	p2
0.829459	0.730475	-1.07901	0.04275	p2
-1.49681	0.402268	0.3476	0.04275	p2
-0.509944	1.23769	0.533971	0.04275	p2
-0.929983	-0.432323	-1.26095	0.04275	p2
1.05882	-0.712143	0.963293	0.04275	p2
-1.44936	-0.287501	0.942778	0.04275	p2
-0.889777	-1.29913	-0.62215	0.04275	p2
-0.0370249	-0.849906	1.14775	0.04275	p2
-0.174968	0.415372	-1.403	0.04275	p2
-1.4624	-0.0287152	0.884016	0.04275	p2
-0.999624	0.16288	1.0416	0.04275	p2
-0.164392	1.57002	0.191594	0.04275	p2
-0.675917	1.28611	-0.737766	0.04275	p2
-0.0338891	-0.613398	-1.40891	0.04275	p2
-0.593687	0.408727	1.54299	0.04275	p2
-0.236544	0.712312	1.53276	0.04275	p2
-1.4086	-0.153135	0.534892	0.04275	p2
-1.17971	-1.07434	0.367281	0.04275	p2
0.783786	-0.0709528	-1.32489	0.04275	p2
0.850986	0.989489	0.578643	0.04275	p2
-1.4691	-0.450168	0.0454688	0.04275	p2
0.303025	0.158016	1.63356	0.04275	p2
1.0859	1.20936	0.594078	0.04275	p2
0.130114	1.55385	0.103326	0.04275	p2
-0.845138	0.225795	1.50857	0.04275	p2
-0.846464	-0.17466	-1.20768	0.04275	p2
0.764266	0.771626	-1.12919	0.04275	p2
0.258558	0.0293959	1.41402	0.04275	p2
-0.209282	-1.63471	-0.35809	0.04275	p2
1.33569	0.0402239	-0.914671	0.04275	p2
1.42699	-0.498843	-0.89488	0.04275	p2
1.67082	0.238876	0.487068	0.04275	p2
-1.35288	-0.370787	0.73593	0.04275	p2
0.68317	-1.26956	-0.0970713	0.04275	p2
-0.43348	-0.298055	1.4949	0.04275	p2
-1.35644	0.541069	0.63655	0.04275	p2
-1.02545	0.671255	1.2306	0.04275	p2
-0.0318609	0.127132	1.60513	0.04275	p2
-1.05976	-1.18638	-0.233207	0.04275	p2
0.300823	-0.900242	1.13592	0.04275	p2
0.250023	-1.37715	-1.0283	0.04275	p2
0.366824	0.914837	1.25415	0.04275	p2
-0.722034	0.953093	-0.986559	0.04275	p2
-0.280384	1.38714	-0.998305	0.04275	p2
-1.4473	0.156833	-0.874765	0.04275	p2
0.0600401	-0.96365	-1.21142	0.04275	p2
0.596468	1.45039	-0.563055	0.04275	p2
-0.0954063	-1.42383	0.164512	0.04275	p2
-1.00001	-0.669439	-1.14443	0.04275	p2
0.501214	-1.60581	-0.079326	0.04275	p2
-1.12367	-0.598837	-0.658237	0.04275	p2
-0.487262	-0.212054	1.39969	0.04275	p2
-0.296415	-1.47782	0.30094	0.04275	p2
1.45119	0.0640153	0.484454	0.04275	p2
0.486417	0.917517	-1.39187	0.04275	p2
-0.528505	-0.73364	1.49342	0.04275	p2
1.64383	-0.356853	0.268729	0.04275	p2
1.18395	-0.485068	0.734519	0.04275	p2
1.05547	-1.03751	0.214885	0.04275	p2
-1.43687	0.673738	0.284676	0.04275	p2
-0.215665	1.40666	0.146245	0.04275	p2
-1.23752	-0.687363	-0.731864	0.04275	p2
0.295345	0.224585	1.52829	0.04275	p2
-0.908299	-1.20117	-0.510159	0.04275	p2
-1.28517	0.30756	-0.825645	0.04275	p2
1.03938	-0.264187	1.2377	0.04275	p2
-0.180882	-1.47111	0.568595	0.04275	p2
1.07605	-0.3587	0.862622	0.04275	p2
0.526812	-0.0895226	-1.48612	0.04275	p2
-0.582456	-0.84415	-1.36088	0.04275	p2
-1.47197	0.264344	0.686098	0.04275	p2
-0.0284073	1.45966	0.0509997	0.04275	p2
-0.412497	1.62312	-0.53122	0.04275	p2
-1.24917	-0.96976	-0.4624	0.04275	p2
-0.0761792	0.0617316	1.5231	0.04275	p2
-1.38493	0.355147	0.04117	0.04275	p2
-0.725068	0.6836	-1.07628	0.04275	p2
0.235819	1.24516	0.855604	0.04275	p2
1.61434	0.518937	-0.45885	0.04275	p2
-0.298597	-1.18038	1.05246	0.04275	p2
0.648371	-0.560671	1.29402	0.04275	p2
0.758685	-0.829141	-0.882109	0.04275	p2
-1.46462	-0.321204	0.208281	0.04275	p2
0.546661	-1.16822	0.671542	0.04275	p2
-0.804618	-1.38322	-0.447077	0.04275	p2
-0.403421	-1.40044	-0.042804	0.04275	p2
-0.0777957	1.59168	0.0957097	0.04275	p2
-0.352529	-1.6353	0.469137	0.04275	p2
-1.22542	-0.543849	0.511414	0.04275	p2
-1.23381	-0.917443	-0.299419	0.04275	p2
1.18691	1.0353	0.396194	0.04275	p2
-1.42587	-0.308347	-0.079559	0.04275	p2
-1.04173	0.915905	0.379466	0.04275	p2
0.269779	0.704501	1.52846	0.04275	p2
-1.44001	0.28171	0.0407769	0.04275	p2
-0.348816	1.10858	1.2057	0.04275	p2
0.458631	0.595742	1.54473	0.04275	p2
-0.456147	-1.38375	0.657384	0.04275	p2
-0.62465	0.0732133	-1.28197	0.04275	p2
-0.282986	0.375926	1.6024	0.04275	p2
0.0270263	-1.46215	-0.959651	0.04275	p2
0.807613	-0.53433	-1.44891	0.04275	p2
0.2033	1.51635	-0.0604646	0.04275	p2
-0.891112	-0.276811	1.4563	0.04275	p2
0.226902	-0.471479	-1.33121	0.04275	p2
1.47437	0.185901	0.344304	0.04275	p2
0.297119	-1.6287	-0.49535	0.04275	p2
1.02151	-1.12448	0.449296	0.04275	p2
-0.842475	0.579488	1.05965	0.04275	p2
-0.550655	-1.46812	-0.771503	0.04275	p2
-0.893829	1.28027	-0.364131	0.04275	p2
-1.27673	0.0398158	0.754367	0.04275	p2
-1.26717	0.293759	0.849604	0.04275	p2
-0.494659	1.16815	0.881887	0.04275	p2
-0.549137	0.0173099	-1.34736	0.04275	p2
-0.427862	1.19425	-0.689855	0.04275	p2
1.18888	-1.0325	-0.114178	0.04275	p2
-1.42508	-0.00324095	-0.495918	0.04275	p2
0.140974	-1.63878	0.470304	0.04275	p2
-0.822282	-1.16587	0.181644	0.04275	p2
-0.349076	-1.33596	0.893324	0.04275	p2
0.265048	-1.00925	1.04281	0.04275	p2
1.40953	0.121741	0.167999	0.04275	p2
-0.831698	0.64316	1.17501	0.04275	p2
1.25364	1.16737	-0.0555042	0.04275	p2
-0.825311	0.793406	-1.2956	0.04275	p2
-0.168052	-1.56154	0.156783	0.04275	p2
1.29661	-1.17092	-0.0568553	0.04275	p2
-0.888705	1.32887	-0.509146	0.04275	p2
0.575751	-1.18001	-0.801121	0.04275	p2
-0.628065	-1.49165	-0.674093	0.04275	p2
-0.72849	-1.30277	-0.40534	0.04275	p2
0.0995275	-0.756758	-1.36169	0.04275	p2
-1.04858	0.54198	-0.939297	0.04275	p2
1.20587	-1.12428	-0.127977	0.04275	p2
0.510385	1.41734	-0.881397	0.04275	p2
-0.790084	1.50234	-0.297353	0.04275	p2
-1.6532	-0.542893	-0.1095	0.04275	p2
-0.573944	0.874419	-0.981025	0.04275	p2
1.17356	-0.969217	-0.672741	0.04275	p2
1.65609	-0.374665	-0.287452	0.04275	p2
-0.17177	0.334084	1.57337	0.04275	p2
-0.123824	1.06797	1.32928	0.04275	p2
0.156028	0.319905	-1.70056	0.04275	p2
1.29471	-0.0788401	0.867456	0.04275	p2
-0.334817	-1.20746	-0.69263	0.04275	p2
-0.372242	0.383355	1.51305	0.04275	p2
-1.22256	0.0746207	-0.887012	0.04275	p2
-1.08472	1.13206	-0.754986	0.04275	p2
1.51523	-0.875129	0.132048	0.04275	p2
0.777102	1.40829	-0.418224	0.04275	p2
1.34447	-0.373598	-1.02322	0.04275	p2
0.460267	0.0880864	1.47054	0.04275	p2
1.24145	1.02759	0.0126515	0.04275	p2
0.0255461	0.421521	-1.54808	0.04275	p2
0.798347	1.23003	-0.278011	0.04275	p2
1.28418	-0.553572	-1.01529	0.04275	p2
0.0231994	0.686388	1.36403	0.04275	p2
-0.952692	-1.17637	0.860787	0.04275	p2
0.83973	1.25912	0.0755026	0.04275	p2
1.38442	-0.210296	-0.769685	0.04275	p2
-0.26932	-0.245199	-1.49048	0.04275	p2
-0.827776	0.913775	0.761561	0.04275	p2
1.5458	-0.489773	-0.51007	0.04275	p2
-0.489448	-1.25572	1.06015	0.04275	p2
-0.902847	-1.08238	0.939393	0.04275	p2
-1.44223	-0.765506	-0.635733	0.04275	p2
-1.08273	-0.117837	-0.933829	0.04275	p2
1.23305	0.736377	-0.062998	0.04275	p2
-1.45424	0.026691	0.117558	0.04275	p2
0.375628	-1.27389	0.826771	0.04275	p2
-0.390925	-0.491676	1.35572	0.04275	p2
-0.880021	-0.515398	1.29489	0.04275	p2
1.27628	0.323246	0.570932	0.04275	p2
1.4748	0.253234	-0.204268	0.04275	p2
-0.430304	-0.581956	-1.32172	0.04275	p2
-0.0816417	-1.34583	-0.52669	0.04275	p2
-1.39051	-0.307068	-0.581302	0.04275	p2
0.323401	-1.19487	-1.02778	0.04275	p2
1.20494	-0.444729	1.09496	0.04275	p2
0.684484	-1.08105	0.646977	0.04275	p2
0.241428	-0.753527	1.52429	0.04275	p2
-0.999014	1.19942	0.660554	0.04275	p2
0.21968	0.498985	1.39672	0.04275	p2
1.04188	-0.69363	0.745251	0.04275	p2
0.420893	0.476959	1.57439	0.04275	p2
1.0234	-1.03739	-0.012318	0.04275	p2
-0.463887	1.43599	-0.723454	0.04275	p2
-0.966589	1.19941	-0.200712	0.04275	p2
-0.744446	0.031689	1.40286	0.04275	p2
-0.224798	1.33039	-1.08459	0.04275	p2
0.998611	-1.23188	0.184527	0.04275	p2
1.05384	-1.07227	0.752676	0.04275	p2
-0.343569	-0.753056	-1.39123	0.04275	p2
1.09878	0.597314	0.712392	0.04275	p2
-0.869937	-1.39426	0.452313	0.04275	p2
0.176649	-0.194033	-1.61734	0.04275	p2
0.176349	1.66828	-0.0650894	0.04275	p2
1.20082	-1.07597	0.341074	0.04275	p2
1.03712	-0.219873	-1.24902	0.04275	p2
-0.117438	-0.121113	1.41875	0.04275	p2
-0.201857	-1.38898	-0.319733	0.04275	p2
0.256195	1.37007	-0.296892	0.04275	p2
-1.18451	0.501913	1.05994	0.04275	p2
1.28963	-0.424487	-0.810743	0.04275	p2
-1.43341	-0.539668	0.175419	0.04275	p2
1.4329	0.0277883	-0.607795	0.04275	p2
-0.346162	0.783214	-1.24649	0.04275	p2
-0.444393	-1.28817	-0.576123	0.04275	p2
0.541472	-1.3958	0.231743	0.04275	p2
-1.29463	-0.684225	0.259419	0.04275	p2
0.735218	-0.00288863	-1.44233	0.04275	p2
-0.535469	1.47737	-0.574736	0.04275	p2
1.0288	-1.27542	0.632985	0.04275	p2
0.610133	0.674215	1.47636	0.04275	p2
-1.21289	0.608389	-0.840661	0.04275	p2
-1.38286	0.79366	-0.148583	0.04275	p2
1.40373	0.442888	-0.547342	0.04275	p2
-0.728628	0.389701	1.5209	0.04275	p2
-0.193853	-0.201253	-1.5018	0.04275	p2
0.0949906	-0.799554	-1.28242	0.04275	p2
0.373811	1.00306	-1.17785	0.04275	p2
0.289077	0.696779	1.38063	0.04275	p2
0.191129	-1.43792	0.117543	0.04275	p2
-0.875942	1.06835	-0.39719	0.04275	p2
0.722118	1.29462	-0.631069	0.04275	p2
0.00201382	-1.58617	0.0728202	0.04275	p2
-1.46876	0.265196	-0.667056	0.04275	p2
-0.514398	-1.36971	0.740398	0.04275	p2
1.12881	-0.198374	1.32882	0.04275	p2
-1.09533	1.17636	0.492622	0.04275	p2
0.446109	1.55513	0.663932	0.04275	p2
1.32838	0.1005	-1.05351	0.04275	p2
-1.26265	-0.552774	0.863268	0.04275	p2
0.479641	1.18971	-0.769956	0.04275	p2
0.752695	0.0319939	1.247	0.04275	p2
0.561881	-0.251531	-1.31975	0.04275	p2
-0.249272	1.58095	0.680834	0.04275	p2
-0.882126	1.21911	-0.504995	0.04275	p2
-0.970106	0.939842	-0.740767	0.04275	p2
-0.905063	-0.803074	-0.82186	0.04275	p2
-1.60914	0.320365	0.100511	0.04275	p2
-1.02494	1.08682	0.306652	0.04275	p2
-0.755288	1.10622	0.959877	0.04275	p2
0.322823	1.55511	0.707869	0.04275	p2
-0.26398	-0.677551	-1.28424	0.04275	p2
-1.62543	-0.357699	-0.321834	0.04275	p2
-0.96017	-0.843454	1.16406	0.04275	p2
-1.16023	-0.763505	-0.648945	0.04275	p2
-0.639747	0.0770356	1.28206	0.04275	p2
1.02267	1.30637	-0.492002	0.04275	p2
0.727385	-0.127665	-1.28597	0.04275	p2
-0.729841	-1.42286	0.000146614	0.04275	p2
0.0780133	-1.04952	1.17702	0.04275	p2
0.937243	0.173444	-1.45394	0.04275	p2
-1.10494	0.798691	0.679819	0.04275	p2
-1.33655	-0.0428434	0.636563	0.04275	p2
-1.66256	0.0210284	-0.543046	0.04275	p2
-1.51758	-0.653373	0.267035	0.04275	p2
-0.79839	-0.252742	1.3807	0.04275	p2
-1.50134	-0.848574	-0.187587	0.04275	p2
0.360804	1.59469	0.141832	0.04275	p2
-0.983386	0.748973	1.17465	0.04275	p2
-1.06324	0.762893	1.14644	0.04275	p2
0.347662	-1.46703	0.422933	0.04275	p2
-1.67804	-0.160312	0.394301	0.04275	p2
-0.342085	-1.23509	0.990567	0.04275	p2
0.352074	1.03053	-1.26382	0.04275	p2
-0.925709	0.482175	1.35981	0.04275	p2
1.06819	-0.601914	0.926096	0.04275	p2
1.6596	0.0884566	0.379599	0.04275	p2
-0.399324	1.38171	0.0172346	0.04275	p2
1.29509	-0.998286	0.484006	0.04275	p2
1.08055	0.777479	-0.63031	0.04275	p2
-1.28478	-1.05982	0.467089	0.04275	p2
-1.14848	1.00496	-0.252952	0.04275	p2
-0.880122	-1.00064	-0.695619	0.04275	p2
-1.0842	-1.35805	-0.0223539	0.04275	p2
1.51714	-0.424704	-0.397427	0.04275	p2
1.72202	0.25468	0.162619	0.04275	p2
0.87194	1.48167	0.0946942	0.04275	p2
1.38601	0.683733	0.116161	0.04275	p2
0.288465	0.915629	1.12572	0.04275	p2
-1.19408	-0.776163	0.109598	0.04275	p2
-0.517164	-1.46022	0.00361829	0.04275	p2
-1.37409	-0.0877624	-1.06738	0.04275	p2
-0.902791	0.719113	-0.949395	0.04275	p2
-1.32886	0.208431	-0.852031	0.04275	p2
0.485095	-1.47628	0.236811	0.04275	p2
-0.0819227	1.26407	-1.16718	0.04275	p2
-0.955375	0.0715093	-1.19397	0.04275	p2
0.803541	-1.39932	-0.394917	0.04275	p2
-1.15187	0.149463	1.21622	0.04275	p2
1.52258	-0.322271	0.716507	0.04275	p2
-1.37703	-0.365006	0.55913	0.04275	p2
-0.0470997	0.166799	-1.70708	0.04275	p2
0.858349	-0.0291078	-1.32577	0.04275	p2
0.735017	0.43773	1.22989	0.04275	p2
0.00955331	-1.43825	-0.381297	0.04275	p2
1.2809	0.61429	-0.784734	0.04275	p2
-1.02949	0.343775	0.920455	0.04275	p2
0.0764108	0.387032	1.52055	0.04275	p2
-0.0708795	-1.46757	-0.729269	0.04275	p2
-0.535584	-0.356112	1.49815	0.04275	p2
1.39952	-0.402764	0.770644	0.04275	p2
-0.761107	0.799101	1.04819	0.04275	p2
0.11358	-1.09746	-1.25115	0.04275	p2
1.57165	0.618046	-0.409365	0.04275	p2
1.63759	-0.575873	0.261689	0.04275	p2
0.52461	1.30585	-0.322539	0.04275	p2
-0.256346	0.95957	1.31866	0.04275	p2
0.688053	0.231451	1.4854	0.04275	p2
-0.974369	-0.218331	1.1924	0.04275	p2
0.728515	-0.485802	1.38558	0.04275	p2
0.944755	0.945778	0.551966	0.04275	p2
1.01796	1.34924	-0.159898	0.04275	p2
1.27943	1.13136	0.347594	0.04275	p2
1.24719	0.903441	0.0467791	0.04275	p2
0.326591	-1.28893	-0.956118	0.04275	p2
-1.31144	-0.705995	0.0641791	0.04275	p2
1.28494	0.787067	-0.838155	0.04275	p2
-0.0363541	-1.43807	1.00404	0.04275	p2
-0.769693	1.19544	0.775727	0.04275	p2
0.0655326	0.825184	1.53249	0.04275	p2
1.29796	-0.632468	-0.960058	0.04275	p2
-0.230626	-0.555737	-1.44915	0.04275	p2
-0.0951218	0.675735	1.41203	0.04275	p2
-0.00539714	1.21782	-1.25835	0.04275	p2
-1.29185	0.884402	0.16161	0.04275	p2
-0.961298	1.36356	-0.544605	0.04275	p2
0.578082	1.41427	0.474299	0.04275	p2
1.09336	0.978881	0.233849	0.04275	p2
-1.33691	-0.170875	1.05565	0.04275	p2
-1.3921	-0.332254	0.0576119	0.04275	p2
-0.494562	-0.210168	1.63893	0.04275	p2
1.08189	-0.0794736	1.04188	0.04275	p2
0.180351	0.597363	1.46344	0.04275	p2
-0.036441	-1.31052	0.574076	0.04275	p2
0.81439	0.942509	-1.01012	0.04275	p2
-0.259492	-0.882111	1.39043	0.04275	p2
1.52737	0.204524	0.837518	0.04275	p2
-0.261459	-1.53545	0.803345	0.04275	p2
1.18543	-0.44456	-0.719564	0.04275	p2
-0.26489	-1.02043	-1.2763	0.04275	p2
-0.64233	-1.35096	0.629164	0.04275	p2
-0.247382	-1.33525	0.71786	0.04275	p2
-0.785728	1.26448	0.423348	0.04275	p2
1.02889	-1.06501	-0.436554	0.04275	p2
-0.157494	0.866458	1.2275	0.04275	p2
0.394698	1.479	0.589513	0.04275	p2
0.922132	-0.713659	-0.899413	0.04275	p2
0.694575	0.481673	-1.32197	0.04275	p2
0.363544	-0.00989387	1.55363	0.04275	p2
0.454386	-1.05473	-1.30504	0.04275	p2
-1.11833	-0.356275	0.813087	0.04275	p2
-0.323741	1.58169	0.293824	0.04275	p2
-1.36949	-0.615635	0.709714	0.04275	p2
-1.51003	0.681969	-0.169378	0.04275	p2
1.09626	-0.805493	1.02642	0.04275	p2
0.84898	0.386878	-1.47143	0.04275	p2
0.577924	-1.13416	1.0174	0.04275	p2
1.47055	0.0914934	0.584339	0.04275	p2
1.05245	-0.912527	-0.70348	0.04275	p2
0.314568	-1.6069	0.109927	0.04275	p2
0.323741	1.30756	0.855275	0.04275	p2
-0.403412	1.44336	0.383167	0.04275	p2
-1.16424	0.886375	0.690489	0.04275	p2
-1.26041	0.864801	0.245233	0.04275	p2
-1.31771	-0.374598	-1.04133	0.04275	p2
0.0495632	-1.7229	0.288272	0.04275	p2
0.671844	-0.91054	-0.912072	0.04275	p2
1.21253	0.719886	0.34658	0.04275	p2
-0.177279	-1.34231	0.479055	0.04275	p2
0.416529	0.044348	1.62559	0.04275	p2
-1.51523	0.100722	0.517994	0.04275	p2
-0.221054	-0.60745	1.5811	0.04275	p2
-1.68548	-0.414038	0.0897912	0.04275	p2
-0.697429	0.998586	1.2334	0.04275	p2
0.667962	0.434008	1.33851	0.04275	p2
1.38309	-0.122232	-0.41234	0.04275	p2
1.17584	0.201933	-0.978117	0.04275	p2
0.391493	-1.3502	-0.688756	0.04275	p2
1.18944	-0.090497	-1.1882	0.04275	p2
0.479354	0.983216	1.34505	0.04275	p2
0.129006	-1.54499	0.777803	0.04275	p2
-0.560282	0.137798	-1.40481	0.04275	p2
-0.772098	0.675822	-1.33249	0.04275	p2
0.668847	-0.41817	1.4528	0.04275	p2
-0.0800883	-0.0405424	-1.64047	0.04275	p2
0.544698	1.00094	-0.913281	0.04275	p2
1.26315	-1.12216	0.0884568	0.04275	p2
1.20389	0.497899	1.03634	0.04275	p2
-1.17481	-1.13212	0.0228076	0.04275	p2
0.0860624	-0.798632	1.50973	0.04275	p2
-1.07403	-0.651488	0.693494	0.04275	p2
-0.132247	-1.01252	-1.18437	0.04275	p2
-1.45918	0.901465	-0.0430491	0.04275	p2
1.03514	0.982383	-0.162528	0.04275	p2
-0.853707	0.0234945	-1.23417	0.04275	p2
0.84151	1.28394	-0.774361	0.04275	p2
0.835006	0.920745	0.74365	0.04275	p2
-0.768549	-0.733933	1.39189	0.04275	p2
1.28371	-0.15698	1.15101	0.04275	p2
-1.46259	-0.653699	-0.204258	0.04275	p2
0.385823	-0.569298	-1.54417	0.04275	p2
-0.103685	-0.600106	1.5912	0.04275	p2
-0.99522	1.19585	0.379505	0.04275	p2
-1.52641	0.346966	0.715224	0.04275	p2
0.820814	-0.419622	-1.0846	0.04275	p2
-0.542126	1.16073	1.16666	0.04275	p2
0.384569	0.29185	-1.37682	0.04275	p2
0.154	-1.25356	1.01173	0.04275	p2
0.11625	1.42985	-0.0381445	0.04275	p2
-1.31146	-0.279957	1.12995	0.04275	p2
-0.19999	-1.05758	1.12076	0.04275	p2
-0.876844	-0.242339	-1.34614	0.04275	p2
1.33825	-0.450969	0.378737	0.04275	p2
0.691345	1.59154	0.0238215	0.04275	p2
1.09792	0.789258	1.01979	0.04275	p2
1.39958	0.264917	0.896473	0.04275	p2
0.691921	-0.355991	-1.27872	0.04275	p2
1.43262	-0.26127	0.914699	0.04275	p2
0.108499	1.50521	0.282518	0.04275	p2
0.00402254	-1.09919	1.19186	0.04275	p2
0.340391	0.801465	1.27695	0.04275	p2
-0.619863	-1.02796	-1.20061	0.04275	p2
0.839285	-0.6609	1.26747	0.04275	p2
-0.573393	-1.06931	-0.752838	0.04275	p2
1.20683	1.18069	-0.478484	0.04275	p2
-1.09548	0.766162	0.912938	0.04275	p2
-1.36586	0.191393	-0.589494	0.04275	p2
-0.791106	-1.11309	1.08362	0.04275	p2
-1.57609	0.436967	-0.561355	0.04275	p2
-1.36959	0.985508	-0.160523	0.04275	p2
1.55749	0.426334	-0.335732	0.04275	p2
-0.592716	0.546281	1.43909	0.04275	p2
-1.53882	-0.538171	0.344405	0.04275	p2
0.489963	-1.23109	0.941218	0.04275	p2
-1.23757	-0.528665	1.10566	0.04275	p2
-0.0587162	1.49168	-0.691518	0.04275	p2
-1.21441	1.219	-0.252065	0.04275	p2
-0.0758888	1.34375	0.978952	0.04275	p2
0.326335	1.46553	0.393761	0.04275	p2
1.44716	-0.164945	-0.301119	0.04275	p2
-0.959855	0.289852	1.30325	0.04275	p2
-0.770016	0.858586	-1.0169	0.04275	p2
0.635543	-0.789512	-1.27347	0.04275	p2
-1.56905	-0.0386108	0.69501	0.04275	p2
0.465366	1.03323	1.14924	0.04275	p2
-1.38891	-0.28587	0.130745	0.04275	p2
-1.44597	0.0571448	-0.20592	0.04275	p2
-0.397476	0.857481	-1.29807	0.04275	p2
0.742242	1.47561	0.0485313	0.04275	p2
0.89233	0.0639154	1.46098	0.04275	p2
0.142772	-1.57309	-0.315345	0.04275	p2
1.08294	0.092542	-1.03258	0.04275	p2
-0.782681	0.879337	0.979181	0.04275	p2
-1.21908	0.24625	-1.15071	0.04275	p2
-1.39084	-0.498611	0.748758	0.04275	p2
0.12116	-1.44073	0.398974	0.04275	p2
-1.0405	0.457604	-1.32644	0.04275	p2
-0.454758	-1.04446	-0.994538	0.04275	p2
1.26033	-0.410647	-1.04007	0.04275	p2
-0.929523	0.91355	0.957114	0.04275	p2
0.402627	-0.277503	1.36496	0.04275	p2
0.927348	1.34731	-0.63523	0.04275	p2
-0.531954	0.0314737	-1.66474	0.04275	p2
1.47775	-0.510448	0.335642	0.04275	p2
-0.707077	-0.807746	1.36134	0.04275	p2
-0.788131	1.54249	-0.0546426	0.04275	p2
-0.138249	0.351986	-1.58091	0.04275	p2
-0.113132	0.641763	1.32394	0.04275	p2
1.34711	-0.319369	0.626829	0.04275	p2
0.33974	1.55617	-0.648707	0.04275	p2
1.72227	-0.103808	0.172192	0.04275	p2
-0.753764	1.29794	-0.439535	0.04275	p2
0.283174	-0.942582	-1.25551	0.04275	p2
-1.2666	-0.351478	1.00934	0.04275	p2
-1.35151	-0.451978	-0.0579662	0.04275	p2
-0.477681	-0.902686	-0.998226	0.04275	p2
-0.389833	-0.995296	-1.15075	0.04275	p2
1.50498	0.264695	0.75693	0.04275	p2
-0.192414	0.987	1.10247	0.04275	p2
1.32186	0.515414	0.55934	0.04275	p2
-1.31384	-0.550858	-0.39181	0.04275	p2
1.26285	1.03978	-0.557982	0.04275	p2
0.7716	0.377916	1.48226	0.04275	p2
-0.273649	0.918192	1.16062	0.04275	p2
1.27492	0.400841	0.923088	0.04275	p2
-0.41809	-0.814836	-1.27098	0.04275	p2
0.0180792	-1.30596	0.950393	0.04275	p2
-0.436142	1.56678	0.228038	0.04275	p2
-0.29163	0.0762016	-1.71251	0.04275	p2
-0.678122	1.40875	0.759195	0.04275	p2
0.316515	-1.30845	-1.05018	0.04275	p2
-0.0570882	1.57989	-0.0918786	0.04275	p2
1.66358	-0.263259	-0.0336513	0.04275	p2
-0.51448	-0.542038	1.51676	0.04275	p2
0.788204	0.878402	1.20468	0.04275	p2
-1.03642	1.32435	0.46969	0.04275	p2
-1.04331	-0.719498	0.775561	0.04275	p2
-1.05487	1.32977	-0.343393	0.04275	p2
1.02834	0.164089	-1.36605	0.04275	p2
1.15732	-0.285335	-1.16263	0.04275	p2
0.261419	0.134143	-1.63804	0.04275	p2
0.314639	-1.53428	-0.523812	0.04275	p2
1.51691	0.628537	0.586861	0.04275	p2
0.971207	0.815166	-1.14426	0.04275	p2
-0.849722	-0.558436	0.99867	0.04275	p2
0.559273	1.36178	-0.791476	0.04275	p2
-0.558323	0.803605	1.07873	0.04275	p2
0.196981	0.057909	-1.70153	0.04275	p2
0.64604	-1.07137	-0.899897	0.04275	p2
0.339132	1.43036	-0.536853	0.04275	p2
0.639887	0.696194	-1.47614	0.04275	p2
0.969199	-1.01734	-0.545057	0.04275	p2
-1.23093	-0.971388	0.254935	0.04275	p2
1.02244	-0.624724	-0.825965	0.04275	p2
-0.424042	-1.45608	0.303023	0.04275	p2
-0.880495	-0.63303	1.23057	0.04275	p2
-1.59555	-0.601311	-0.207666	0.04275	p2
-1.35596	-0.686233	-0.232763	0.04275	p2
0.106578	1.39821	-0.376425	0.04275	p2
0.964691	-1.39588	0.416729	0.04275	p2
0.41253	1.47675	-0.170314	0.04275	p2
0.3203	-1.56761	-0.195789	0.04275	p2
0.390405	1.6139	-0.262759	0.04275	p2
-0.469946	0.584649	-1.42933	0.04275	p2
1.34147	0.776149	-0.25181	0.04275	p2
0.535473	1.29201	0.274277	0.04275	p2
0.681123	1.38303	-0.625626	0.04275	p2
-1.2543	-0.752701	-0.632314	0.04275	p2
1.33582	0.917745	-0.668474	0.04275	p2
1.41878	0.287855	0.272529	0.04275	p2
0.845888	-0.451709	-1.23641	0.04275	p2
1.31239	-0.660504	-0.456915	0.04275	p2
0.590643	1.22462	1.10186	0.04275	p2
0.476809	-1.29381	-1.01074	0.04275	p2
-0.175887	-0.516836	1.43406	0.04275	p2
0.756269	1.26165	0.345926	0.04275	p2
-0.529461	1.18768	0.778846	0.04275	p2
-0.11871	1.63764	0.375213	0.04275	p2
0.562995	-0.054915	1.33025	0.04275	p2
1.59775	0.309593	-0.105717	0.04275	p2
-0.485083	-1.30991	-0.986299	0.04275	p2
0.289589	-1.46248	-0.387571	0.04275	p2
0.632707	-1.20567	0.651296	0.04275	p2
0.901453	1.12554	-0.311116	0.04275	p2
1.11688	-1.1956	0.0236201	0.04275	p2
-1.41955	0.180142	-0.0508579	0.04275	p2
1.21882	0.294559	-1.03128	0.04275	p2
-1.2466	0.540252	-0.744695	0.04275	p2
0.215297	-1.62261	0.536422	0.04275	p2
-1.42592	-0.141134	-0.989317	0.04275	p2
0.0512526	1.45453	-0.0882601	0.04275	p2
1.16489	1.07276	-0.480499	0.04275	p2
0.0442803	-0.137014	-1.63668	0.04275	p2
-0.143176	-0.689554	1.58731	0.04275	p2
0.81788	-1.2892	0.11896	0.04275	p2
-1.27112	-0.20656	0.618092	0.04275	p2
0.0721006	0.797339	1.20018	0.04275	p2
-0.80952	0.170631	-1.48928	0.04275	p2
-0.603764	-1.32194	0.985124	0.04275	p2
0.378171	-0.933406	-1.29957	0.04275	p2
-1.58178	-0.681244	-0.0321164	0.04275	p2
-0.428176	-1.32319	-1.06887	0.04275	p2
-1.46642	0.238344	0.89584	0.04275	p2
-1.43385	0.333314	0.159648	0.04275	p2
-0.481991	0.669427	-1.45469	0.04275	p2
-0.264834	-0.952192	1.10865	0.04275	p2
-0.569268	1.28608	-0.723102	0.04275	p2
0.721337	-0.834086	1.19504	0.04275	p2
-1.40765	0.160508	0.286454	0.04275	p2
0.731323	-1.21956	0.146051	0.04275	p2
-1.34668	-0.61617	-0.0135373	0.04275	p2
0.701411	0.321539	-1.22433	0.04275	p2
-0.866539	-0.381395	-1.3494	0.04275	p2
-0.730428	-1.23141	0.301238	0.04275	p2
0.945847	0.890844	1.04195	0.04275	p2
1.40045	-0.731256	0.718088	0.04275	p2
-1.2561	-0.271562	0.793605	0.04275	p2
1.66553	0.280275	-0.266474	0.04275	p2
-1.58443	-0.351701	0.0315264	0.04275	p2
0.290037	-0.177582	1.4039	0.04275	p2
-0.475922	1.17507	-0.847621	0.04275	p2
-1.23939	0.0591052	-0.70346	0.04275	p2
1.10245	-0.950494	0.16809	0.04275	p2
0.826574	-0.76842	-1.2696	0.04275	p2
-1.7019	0.294073	0.151828	0.04275	p2
1.06202	-0.553256	-1.16176	0.04275	p2
1.41865	-0.811567	0.278539	0.04275	p2
-0.285635	0.919447	1.05025	0.04275	p2
0.812053	-0.339883	1.12349	0.04275	p2
0.719613	1.20637	-0.94687	0.04275	p2
-1.29109	0.676024	-0.204022	0.04275	p2
-0.899648	0.173119	1.32843	0.04275	p2
-0.955902	-0.644793	1.04028	0.04275	p2
-0.112312	-1.67245	-0.515354	0.04275	p2
0.198637	1.29354	1.00614	0.04275	p2
0.962259	1.43443	0.161486	0.04275	p2
-1.36578	0.0243019	0.802279	0.04275	p2
0.893627	1.05712	0.77917	0.04275	p2
-1.16671	-0.118336	-1.29239	0.04275	p2
-0.406799	-1.20077	-0.796177	0.04275	p2
1.33979	-0.694131	-0.151555	0.04275	p2
-1.38033	-0.58738	0.622741	0.04275	p2
1.4327	-0.168798	0.291482	0.04275	p2
-1.01354	-0.977898	0.739781	0.04275	p2
0.146345	0.925834	-1.41163	0.04275	p2
0.0638864	-1.49232	-0.616298	0.04275	p2
-0.499	1.57774	-0.49779	0.04275	p2
-0.540766	1.48424	-0.147814	0.04275	p2
0.576529	-0.586731	1.48815	0.04275	p2
1.37505	-0.00974648	0.448746	0.04275	p2
-0.946817	0.391793	1.34535	0.04275	p2
-0.0372542	-0.643922	1.36598	0.04275	p2
0.175039	1.07005	1.08322	0.04275	p2
-0.703517	-1.09613	1.09907	0.04275	p2
0.638461	-1.01492	1.01187	0.04275	p2
-1.67956	0.250823	-0.0821302	0.04275	p2
-0.452848	0.412644	-1.51013	0.04275	p2
-0.723855	-0.0243441	-1.45244	0.04275	p2
-1.39168	0.620617	-0.00902028	0.04275	p2
1.036	-0.0864309	1.24987	0.04275	p2
-1.11266	1.00418	0.910234	0.04275	p2
0.0986166	1.55081	0.460989	0.04275	p2
0.0855675	-1.20276	0.977576	0.04275	p2
-0.90659	0.178098	-1.12906	0.04275	p2
0.939648	-0.271191	-1.39566	0.04275	p2
-0.289222	0.551259	1.44815	0.04275	p2
-0.61897	-1.52692	-0.558849	0.04275	p2
1.35946	1.05137	0.283558	0.04275	p2
0.39519	0.416406	1.37173	0.04275	p2
-1.41859	-0.48315	-0.186005	0.04275	p2
-1.31254	0.553136	-1.01431	0.04275	p2
0.664033	1.15723	1.05532	0.04275	p2
0.676064	0.362577	1.27887	0.04275	p2
-1.47636	-0.895426	0.221349	0.04275	p2
-0.0740745	1.12007	1.25805	0.04275	p2
1.18928	-0.564545	0.856114	0.04275	p2
0.314078	0.458893	1.43517	0.04275	p2
0.816495	-0.483438	1.37605	0.04275	p2
1.16166	1.12682	0.430691	0.04275	p2
1.14834	-0.806332	-0.255589	0.04275	p2
1.59584	-0.0433628	-0.163575	0.04275	p2
0.050383	0.0787607	-1.72031	0.04275	p2
-0.597409	1.13145	0.93571	0.04275	p2
-0.20965	-1.13972	-0.997453	0.04275	p2
-0.0799036	1.23863	0.896857	0.04275	p2
-0.598081	-1.41783	-0.516079	0.04275	p2
-1.11536	0.297211	-1.27912	0.04275	p2
-0.484919	-1.38809	-0.818737	0.04275	p2
-0.0577359	-0.827794	-1.38164	0.04275	p2
0.409429	0.125844	-1.58284	0.04275	p2
-0.94651	1.18684	0.552034	0.04275	p2
1.45101	0.657753	0.695868	0.04275	p2
0.878967	0.227239	1.3811	0.04275	p2
-1.45123	0.188058	-0.539912	0.04275	p2
-0.574568	0.932205	-1.27147	0.04275	p2
-0.14795	1.16488	1.17021	0.04275	p2
1.56177	0.391997	-0.567124	0.04275	p2
0.905619	-1.11804	-0.266989	0.04275	p2
-0.0223862	-1.12236	0.926569	0.04275	p2
1.22351	0.143756	0.950853	0.04275	p2
-0.801925	0.978993	0.706994	0.04275	p2
-0.481736	-0.0108066	1.39229	0.04275	p2
-0.350482	0.218238	-1.4213	0.04275	p2
0.754253	-1.18787	-0.708685	0.04275	p2
-0.466698	1.26271	1.09542	0.04275	p2
0.630949	-0.975955	1.25987	0.04275	p2
1.40267	0.0698524	0.353053	0.04275	p2
-0.217862	0.710502	-1.29575	0.04275	p2
-0.88254	-1.07195	-1.03277	0.04275	p2
1.05166	0.241287	1.1039	0.04275	p2
-1.04022	-0.530483	0.976329	0.04275	p2
0.943209	-0.00920246	-1.362	0.04275	p2
0.658589	0.870396	1.13964	0.04275	p2
-0.425089	1.44233	-0.640152	0.04275	p2
1.43349	-0.959975	0.331283	0.04275	p2
-1.72029	0.352076	0.0183072	0.04275	p2
0.525264	1.57901	0.313993	0.04275	p2
0.554394	1.06327	1.26905	0.04275	p2
-0.850338	1.04352	1.12379	0.04275	p2
0.932119	0.662497	0.863677	0.04275	p2
-1.56132	0.484265	-0.471191	0.04275	p2
1.52053	0.0730836	-0.52773	0.04275	p2
-1.20793	0.220674	-0.76128	0.04275	p2
0.512234	-0.682214	-1.25487	0.04275	p2
-0.634805	-0.674141	-1.48472	0.04275	p2
0.91115	-1.13262	0.76103	0.04275	p2
-0.59055	0.637997	1.24608	0.04275	p2
-0.88165	-1.20119	-0.110607	0.04275	p2
0.521509	0.987558	-1.13844	0.04275	p2
-1.56451	0.549463	-0.178115	0.04275	p2
-1.29705	-1.03862	-0.053632	0.04275	p2
-1.13803	1.3188	0.0727733	0.04275	p2
-1.34958	-0.782816	0.0400044	0.04275	p2
1.15044	-1.27455	-0.371212	0.04275	p2
-0.335918	1.2945	-0.492672	0.04275	p2
0.297914	1.26126	1.17911	0.04275	p2
-0.161755	1.4427	0.575429	0.04275	p2
0.821165	-0.161933	-1.26712	0.04275	p2
-1.09993	1.14034	0.627859	0.04275	p2
0.922823	-0.133441	-1.32448	0.04275	p2
0.953164	-1.08671	0.668044	0.04275	p2
1.17204	0.759566	-0.415837	0.04275	p2
0.659177	1.34272	0.302788	0.04275	p2
-0.748685	1.04413	0.654806	0.04275	p2
0.209902	-0.860557	-1.26668	0.04275	p2
0.707165	1.20902	-0.847414	0.04275	p2
0.852645	-0.75906	-1.02898	0.04275	p2
-0.165851	0.557831	1.33682	0.04275	p2
0.705653	-0.371489	-1.56048	0.04275	p2
0.0392296	-0.542341	-1.43456	0.04275	p2
-0.967689	0.140254	-1.38829	0.04275	p2
0.549316	0.23713	-1.32397	0.04275	p2
1.14167	0.67766	0.787442	0.04275	p2
-1.27927	-0.614849	0.778972	0.04275	p2
1.29215	-0.610881	-0.342996	0.04275	p2
1.14444	-1.03991	0.265076	0.04275	p2
-0.998154	0.287627	-1.12085	0.04275	p2
-0.278956	-0.691807	1.22261	0.04275	p2
0.738262	1.08551	-0.895385	0.04275	p2
-0.0341514	-0.166168	1.74669	0.04275	p2
0.42097	0.769887	-1.26926	0.04275	p2
0.00951508	1.67578	-0.19845	0.04275	p2
1.38633	0.149555	-0.499567	0.04275	p2
-0.196955	-1.58661	-0.682864	0.04275	p2
-0.148524	1.37949	-0.737037	0.04275	p2
0.358923	-1.64246	0.314873	0.04275	p2
-1.32081	-0.434489	-0.975745	0.04275	p2
1.36537	0.849701	-0.438011	0.04275	p2
0.143819	0.145111	1.74137	0.04275	p2
-0.123721	-1.61854	-0.3954	0.04275	p2
0.409517	-0.486826	1.44591	0.04275	p2
0.467504	1.50665	-0.276187	0.04275	p2
-0.770909	-0.767436	-0.933332	0.04275	p2
-1.21707	-0.737921	-0.0183096	0.04275	p2
0.264527	-0.253166	-1.61253	0.04275	p2
-1.59797	-0.112139	0.595488	0.04275	p2
0.779609	-1.1138	-0.901086	0.04275	p2
-1.56764	-0.285567	0.0856416	0.04275	p2
1.20204	-0.878261	-0.522656	0.04275	p2
-0.823121	-0.878736	-0.822642	0.04275	p2
0.737123	1.15487	-0.392224	0.04275	p2
0.529229	-1.49889	-0.589046	0.04275	p2
-1.49187	-0.586949	0.611658	0.04275	p2
-1.55663	0.0558508	-0.50991	0.04275	p2
0.000880881	-0.669947	1.61783	0.04275	p2
0.779262	1.21495	0.999732	0.04275	p2
1.35787	-0.482361	0.162222	0.04275	p2
0.215411	-0.523581	-1.57365	0.04275	p2
-1.00102	0.303881	-1.035	0.04275	p2
0.924997	0.242261	-1.2642	0.04275	p2
1.44156	-0.21216	0.0773042	0.04275	p2
-1.37093	-0.825473	0.27582	0.04275	p2
-0.609414	0.496141	-1.22142	0.04275	p2
-0.573717	1.45855	0.0762228	0.04275	p2
0.376579	-1.64514	-0.26244	0.04275	p2
-0.526424	-0.517565	1.22678	0.04275	p2
0.659302	-1.60532	-0.19478	0.04275	p2
0.750452	-1.0019	1.06121	0.04275	p2
-0.554276	1.32142	-0.396028	0.04275	p2
0.0328735	0.131675	-1.58987	0.04275	p2
-0.439059	-0.565118	1.27247	0.04275	p2
1.36434	0.207109	-0.43467	0.04275	p2
-0.702108	1.34612	0.0876183	0.04275	p2
1.03175	-0.987837	-0.155311	0.04275	p2
-0.325564	1.36323	0.860137	0.04275	p2
0.219903	0.00564571	1.65079	0.04275	p2
-0.103866	1.41129	0.510137	0.04275	p2
-1.60971	-0.0649486	0.331335	0.04275	p2
0.544527	0.334158	1.5851	0.04275	p2
-1.51977	-0.19618	-0.496277	0.04275	p2
-1.42718	-0.388304	-0.0188747	0.04275	p2
1.30041	-0.567348	0.360013	0.04275	p2
-0.747576	1.46473	-0.448899	0.04275	p2
-1.57972	-0.344851	-0.588514	0.04275	p2
1.16676	0.0282244	-1.23716	0.04275	p2
-0.263061	0.783204	1.17841	0.04275	p2
1.26063	0.876663	0.242734	0.04275	p2
0.815478	-1.50782	0.216086	0.04275	p2
-0.0153514	1.58908	-0.663734	0.04275	p2
0.797699	1.15814	-0.4918	0.04275	p2
1.18206	-0.823879	0.374252	0.04275	p2
-1.30397	-0.0370777	-1.14002	0.04275	p2
-0.956791	-0.0799878	1.0832	0.04275	p2
-0.820283	0.909042	-0.753452	0.04275	p2
0.994233	1.27513	-0.39985	0.04275	p2
-0.881489	1.29337	-0.0923078	0.04275	p2
-0.277204	-1.48794	-0.886213	0.04275	p2
0.470847	-1.44538	-0.768044	0.04275	p2
0.874671	-0.498107	1.00564	0.04275	p2
1.11545	1.21783	0.238963	0.04275	p2
-1.59648	0.252114	0.631182	0.04275	p2
-0.930112	-1.00853	0.775167	0.04275	p2
0.618712	-1.59439	0.229168	0.04275	p2
0.718224	1.29433	0.490997	0.04275	p2
-0.401686	0.194012	-1.57754	0.04275	p2
-1.23938	-0.0485999	0.843237	0.04275	p2
-0.655376	0.884221	-0.913401	0.04275	p2
-1.38032	-0.674552	0.554102	0.04275	p2
-0.488712	-1.19091	0.895982	0.04275	p2
-1.20687	0.859596	-0.563488	0.04275	p2
-0.510317	0.983427	-1.36259	0.04275	p2
1.28535	0.348975	-1.03502	0.04275	p2
-1.64768	-0.0362966	0.123939	0.04275	p2
0.411218	1.7025	0.00356188	0.04275	p2
1.23672	-1.02725	0.257138	0.04275	p2
0.835145	-0.949731	0.945881	0.04275	p2
-0.573294	-0.206098	-1.30429	0.04275	p2
-1.53052	-0.572129	-0.135084	0.04275	p2
-0.3364	-0.351225	1.36385	0.04275	p2
-1.25059	0.355447	0.661123	0.04275	p2
0.849188	-0.988012	-0.893236	0.04275	p2
1.09188	-1.06654	-0.850275	0.04275	p2
1.19654	-0.0459671	-1.27955	0.04275	p2
1.05176	-0.71357	0.654529	0.04275	p2
-0.602883	-1.02705	1.28739	0.04275	p2
1.1657	1.05941	0.30402	0.04275	p2
0.835803	-0.779912	1.20574	0.04275	p2
-0.954019	-1.21926	0.735706	0.04275	p2
-0.36238	0.0454723	-1.57557	0.04275	p2
1.25124	0.00890361	-0.815135	0.04275	p2
0.257125	-1.36105	-0.658797	0.04275	p2
-1.38668	-0.382069	-0.373164	0.04275	p2
-0.0992398	-1.40819	0.287956	0.04275	p2
1.35778	0.021159	-0.692011	0.04275	p2
0.280161	-0.829209	1.51286	0.04275	p2
-0.548274	1.29978	1.00924	0.04275	p2
-0.570734	1.50445	0.29293	0.04275	p2
-1.33669	0.189592	-1.08726	0.04275	p2
0.385291	1.28633	1.0949	0.04275	p2
-1.29743	-0.0957264	-0.610973	0.04275	p2
0.211773	0.0267803	1.73865	0.04275	p2
0.152975	1.35147	-0.612043	0.04275	p2
-0.478322	-1.45681	-0.232435	0.04275	p2
0.982794	1.05895	0.218956	0.04275	p2
1.34876	-0.753892	-0.51708	0.04275	p2
-1.61889	0.14315	-0.125153	0.04275	p2
1.60475	-0.00955763	0.683736	0.04275	p2
0.655509	1.29607	-0.0149821	0.04275	p2
-1.14676	0.741352	0.43503	0.04275	p2
-1.02758	0.932452	0.737805	0.04275	p2
1.20952	-0.142594	-0.858765	0.04275	p2
1.63432	-0.50654	0.332288	0.04275	p2
0.854011	-0.446378	1.4641	0.04275	p2
0.557257	0.604978	1.545	0.04275	p2
0.253923	-1.12258	-1.30332	0.04275	p2
1.22209	-0.515755	1.1495	0.04275	p2
1.12886	0.849231	0.585526	0.04275	p2
0.282432	-0.287009	1.47819	0.04275	p2
-1.58021	0.544643	-0.0134519	0.04275	p2
-0.947799	-1.25019	0.334149	0.04275	p2
0.642079	0.600386	1.12945	0.04275	p2
1.41872	0.641363	0.781195	0.04275	p2
-1.16646	-1.27858	-0.291387	0.04275	p2
0.370462	-1.45323	-0.911714	0.04275	p2
-1.37048	-0.670666	0.322878	0.04275	p2
-0.309426	-0.347958	-1.35146	0.04275	p2
1.3066	-0.230735	0.911626	0.04275	p2
-0.318091	-0.654593	-1.39267	0.04275	p2
-1.21655	-0.689958	-0.418572	0.04275	p2
-0.868251	-0.428348	-1.07739	0.04275	p2
-0.937786	-0.287547	-1.2335	0.04275	p2
0.451606	-1.08017	1.27858	0.04275	p2
1.374	0.399288	0.157021	0.04275	p2
1.63076	0.177782	0.404141	0.04275	p2
-1.42424	0.189684	0.716385	0.04275	p2
-0.0598049	-1.20795	-1.1807	0.04275	p2
-1.22983	-0.569726	-0.868781	0.04275	p2
0.768122	0.437331	-1.29227	0.04275	p2
-1.40151	0.441602	0.168452	0.04275	p2
-1.51184	0.286555	0.182971	0.04275	p2
-0.598905	-1.0946	1.04784	0.04275	p2
-1.20509	0.243031	1.23308	0.04275	p2
-0.878989	-0.151748	-1.35492	0.04275	p2
-0.983823	-0.0205724	-1.39156	0.04275	p2
0.0436104	-0.0330517	1.44899	0.04275	p2
-0.206574	-0.41933	1.623	0.04275	p2
-1.48378	-0.329588	0.729309	0.04275	p2
0.36897	0.667467	1.39413	0.04275	p2
-1.55555	0.100446	-0.308813	0.04275	p2
-0.596016	1.09673	0.743302	0.04275	p2
1.26105	1.14789	-0.279616	0.04275	p2
0.23309	1.61814	0.218691	0.04275	p2
1.28354	0.577312	0.945463	0.04275	p2
1.18272	-0.68259	0.850358	0.04275	p2
-0.766847	1.36113	0.577493	0.04275	p2
0.760521	1.10237	0.549405	0.04275	p2
-1.42965	-0.680941	0.688848	0.04275	p2
0.992806	-0.860038	-0.767464	0.04275	p2
1.02262	-0.850019	0.527628	0.04275	p2
0.2142	1.43683	-0.475994	0.04275	p2
0.364152	-1.38014	0.80492	0.04275	p2
0.280092	1.34065	0.778527	0.04275	p2
0.537692	1.28665	-0.471615	0.04275	p2
-1.53487	-0.353701	-0.224802	0.04275	p2
0.116555	-1.60208	0.683431	0.04275	p2
1.02858	-1.32916	0.322612	0.04275	p2
0.569775	1.34676	-0.20627	0.04275	p2
-0.527521	1.36039	0.874597	0.04275	p2
0.279274	-1.34381	0.495816	0.04275	p2
-0.574885	-0.498543	-1.54745	0.04275	p2
-0.923659	0.536384	1.2907	0.04275	p2
0.747268	1.21034	0.80722	0.04275	p2
-0.792253	-0.402185	-1.11892	0.04275	p2
0.185054	-1.44175	-0.654274	0.04275	p2
-0.913667	-1.24625	0.634221	0.04275	p2
-0.144404	1.11112	1.09568	0.04275	p2
-0.0334663	-1.42838	-0.508398	0.04275	p2
-1.18355	0.897228	0.400971	0.04275	p2
1.23041	0.26496	-0.673928	0.04275	p2
1.37595	-0.38927	0.926218	0.04275	p2
-0.249585	0.29282	-1.37088	0.04275	p2
-0.793768	0.165374	-1.18893	0.04275	p2
0.938304	-0.258487	1.38426	0.04275	p2
0.128207	1.2613	-0.858978	0.04275	p2
-0.702162	0.668114	1.17616	0.04275	p2
-0.982032	0.775375	0.823545	0.04275	p2
0.147583	-1.34878	-0.918427	0.04275	p2
-0.52448	-1.33687	-0.0348562	0.04275	p2
0.728487	-1.12845	0.544069	0.04275	p2
-0.194997	0.641179	1.3712	0.04275	p2
0.589116	-1.42808	-0.0162321	0.04275	p2
0.895431	-1.41838	-0.345324	0.04275	p2
-0.517274	0.881989	1.21518	0.04275	p2
0.350587	1.38426	-0.0850348	0.04275	p2
0.0566198	-0.0646067	-1.51157	0.04275	p2
-0.189863	-0.659027	-1.34367	0.04275	p2
-1.04971	-0.578278	-1.04267	0.04275	p2
0.500977	-0.868287	1.04355	0.04275	p2
-1.03962	0.267602	-1.25013	0.04275	p2
-1.40689	-0.117441	1.04105	0.04275	p2
-1.15023	1.00482	-0.868498	0.04275	p2
-0.897564	-1.22008	-0.342517	0.04275	p2
0.0872589	1.746	-0.169611	0.04275	p2
-1.20556	-0.962558	0.491271	0.04275	p2
-1.31498	-0.613536	-0.819396	0.04275	p2
0.901441	1.10666	-0.0938017	0.04275	p2
0.167783	0.919372	1.33505	0.04275	p2
-0.0656478	0.235207	1.51384	0.04275	p2
0.00410044	-1.56545	0.463966	0.04275	p2
1.48604	0.789969	-0.341686	0.04275	p2
-0.0563425	-1.47768	0.526027	0.04275	p2
0.18193	-1.69974	0.374889	0.04275	p2
-0.773129	0.388394	1.44371	0.04275	p2
1.67136	0.493878	0.00184198	0.04275	p2
-0.390555	1.33192	-0.38143	0.04275	p2
0.116409	0.898733	1.46291	0.04275	p2
-0.0144292	-1.46311	-0.643796	0.04275	p2
-1.09349	1.25767	-0.0499808	0.04275	p2
-1.17685	-0.677128	-0.608953	0.04275	p2
0.903223	0.829585	0.771764	0.04275	p2
-0.0233566	1.09046	1.16095	0.04275	p2
0.732142	-0.88474	-1.16484	0.04275	p2
-0.150232	-1.20795	-0.782089	0.04275	p2
0.849511	0.306309	1.22321	0.04275	p2
-0.802786	-0.205773	1.28702	0.04275	p2
0.317157	-1.12011	1.19039	0.04275	p2
-0.00644951	0.46028	-1.63479	0.04275	p2
-0.62888	-1.36938	-0.279985	0.04275	p2
0.324774	-1.26019	0.912487	0.04275	p2
-1.19648	0.132038	-1.11909	0.04275	p2
-0.706705	-0.135302	1.26444	0.04275	p2
-1.51711	0.697745	0.101123	0.04275	p2
-1.39997	0.993182	-0.0406926	0.04275	p2
0.970835	1.39322	-0.369144	0.04275	p2
1.15311	0.454429	-1.0949	0.04275	p2
-0.672047	-0.18351	1.5004	0.04275	p2
0.613946	-0.0925546	1.57176	0.04275	p2
1.21519	-0.0795698	0.810189	0.04275	p2
-0.896821	1.45759	-0.29559	0.04275	p2
0.575642	-0.269357	1.35121	0.04275	p2
0.396331	-1.2144	1.02885	0.04275	p2
0.472788	0.515079	1.26413	0.04275	p2
-0.240656	1.48952	0.16692	0.04275	p2
1.25053	0.846169	-0.215715	0.04275	p2
-0.857917	1.52633	0.0455468	0.04275	p2
-0.763499	1.53266	-0.386528	0.04275	p2
-0.657058	0.944327	-1.19547	0.04275	p2
0.60753	1.16765	0.643339	0.04275	p2
-0.408692	-0.942378	-1.37675	0.04275	p2
-1.22693	0.568792	-1.06808	0.04275	p2
-1.19454	-0.325179	-0.88667	0.04275	p2
-0.273391	1.6267	-0.113474	0.04275	p2
-0.272663	-1.37805	-0.997612	0.04275	p2
-1.22099	-0.168778	-0.932959	0.04275	p2
-1.19915	1.0896	0.607891	0.04275	p2
1.09787	0.962391	-0.461066	0.04275	p2
-0.819536	-0.257487	-1.50191	0.04275	p2
0.473136	0.00312237	-1.38662	0.04275	p2
-0.380551	-0.195979	-1.70246	0.04275	p2
0.163997	-0.944312	-1.23512	0.04275	p2
0.128234	-1.54266	-0.10317	0.04275	p2
1.37017	-0.952777	-0.38419	0.04275	p2
-0.344796	1.41528	-0.340348	0.04275	p2
0.793455	-0.167995	1.39293	0.04275	p2
0.929185	-0.917198	-1.17038	0.04275	p2
1.48098	0.00108792	0.00380974	0.04275	p2
-1.29027	0.523597	0.555362	0.04275	p2
1.74108	0.0213088	-0.0997779	0.04275	p2
-1.21588	-1.03003	-0.612836	0.04275	p2
-0.695647	-1.50071	0.1625	0.04275	p2
1.22505	0.61433	-0.389775	0.04275	p2
-1.33191	0.905264	0.687841	0.04275	p2
0.797722	0.17657	1.45389	0.04275	p2
0.659844	-1.27629	0.264932	0.04275	p2
0.278069	-1.00956	-1.10959	0.04275	p2
1.34336	-0.779233	-0.807614	0.04275	p2
1.55563	-0.19473	-0.3639	0.04275	p2
-0.777575	-0.588342	1.04034	0.04275	p2
-1.4823	0.444335	0.803662	0.04275	p2
-0.73354	-1.43806	0.102526	0.04275	p2
-1.58977	-0.160588	0.383289	0.04275	p2
0.59312	1.13219	0.93249	0.04275	p2
-0.395793	1.41515	0.824356	0.04275	p2
1.29379	0.0779031	0.653164	0.04275	p2
0.62922	1.51701	0.471431	0.04275	p2
0.732969	1.08805	-0.732731	0.04275	p2
-0.363752	-0.645147	1.43343	0.04275	p2
-0.340385	0.505537	-1.40814	0.04275	p2
1.10342	-0.852827	-1.02352	0.04275	p2
-1.51406	0.472276	0.706158	0.04275	p2
1.08241	-0.464622	0.812803	0.04275	p2
-0.0944153	-0.724502	-1.59626	0.04275	p2
-0.469058	-1.48598	0.125516	0.04275	p2
0.166618	-0.239722	1.40439	0.04275	p2
-1.10908	-0.544107	1.02753	0.04275	p2
-1.27017	-0.251675	-1.12014	0.04275	p2
-0.378263	-0.297725	-1.3793	0.04275	p2
-1.48117	0.454103	0.259102	0.04275	p2
-1.11063	0.944425	0.493718	0.04275	p2
0.968394	0.917923	0.777252	0.04275	p2
-1.50157	0.119951	0.345657	0.04275	p2
0.848706	1.47118	0.398824	0.04275	p2
-0.338787	-0.219561	-1.40983	0.04275	p2
0.122477	-0.977312	-1.41207	0.04275	p2
0.396039	0.0360647	1.43786	0.04275	p2
-0.471086	1.35726	0.205023	0.04275	p2
-0.396814	-1.36149	-0.597073	0.04275	p2
0.394663	0.357184	1.65643	0.04275	p2
1.59206	-0.0137461	-0.64507	0.04275	p2
-1.23352	-0.207742	1.09867	0.04275	p2
-1.25578	-0.753336	0.200492	0.04275	p2
0.880586	0.815594	-1.05519	0.04275	p2
-0.263058	1.2044	0.780696	0.04275	p2
-0.273691	1.20279	-0.748771	0.04275	p2
-1.08853	-0.14179	-1.16731	0.04275	p2
0.786279	1.30275	0.857502	0.04275	p2
-0.283563	0.740558	-1.20133	0.04275	p2
-0.926452	-0.440789	-0.991385	0.04275	p2
0.444918	0.430221	-1.40498	0.04275	p2
-1.42648	-0.525352	0.269982	0.04275	p2
-1.28469	0.804387	0.864943	0.04275	p2
0.32136	-0.273241	1.39703	0.04275	p2
-0.561225	-0.0492699	-1.61712	0.04275	p2
-1.6233	0.0672954	0.402716	0.04275	p2
0.429885	0.0611296	-1.65725	0.04275	p2
1.18082	-1.02638	0.701716	0.04275	p2
1.16442	0.509926	0.864248	0.04275	p2
1.33863	0.220093	0.965511	0.04275	p2
1.04746	0.948188	-0.377117	0.04275	p2
1.24044	-1.07038	-0.615556	0.04275	p2
-0.505037	-1.11872	-0.774861	0.04275	p2
-0.745482	-1.51011	-0.446287	0.04275	p2
-0.644279	-0.872455	-0.965777	0.04275	p2
-1.46354	-0.642004	0.362052	0.04275	p2
-1.5003	0.133987	0.125966	0.04275	p2
0.0315451	-0.302548	1.4965	0.04275	p2
-0.43856	-0.907441	-1.22659	0.04275	p2
-0.903862	1.19088	0.165391	0.04275	p2
-0.782492	-0.729486	-1.35946	0.04275	p2
-0.413339	1.04968	-1.20577	0.04275	p2
1.06993	-0.953175	-0.033841	0.04275	p2
1.42529	0.098645	0.0575685	0.04275	p2
-0.343848	1.38844	-0.612267	0.04275	p2
-0.3462	-0.970182	-1.0343	0.04275	p2
-0.0608631	1.33864	0.882065	0.04275	p2
0.00277686	0.516798	1.66015	0.04275	p2
0.321139	1.28058	-1.02472	0.04275	p2
-1.4337	-0.233774	0.061138	0.04275	p2
-0.286678	-1.48805	-0.322044	0.04275	p2
-1.14455	1.04215	0.516371	0.04275	p2
-1.33596	-0.901526	0.222524	0.04275	p2
-1.52757	-0.503351	-0.0108827	0.04275	p2
0.270516	1.48322	-0.621178	0.04275	p2
1.37782	0.544193	-0.124555	0.04275	p2
-1.15941	-0.902331	0.772797	0.04275	p2
0.893714	0.458741	-1.25767	0.04275	p2
0.0298026	1.0969	-1.13792	0.04275	p2
-0.484979	1.04588	-1.08605	0.04275	p2
-0.261599	-1.62243	0.00907519	0.04275	p2
1.20367	-0.425552	-0.86549	0.04275	p2
-0.405228	-1.57164	-0.0990282	0.04275	p2
-1.36129	0.805193	0.615202	0.04275	p2
-0.879453	0.607238	1.35819	0.04275	p2
0.893643	1.08967	-0.95079	0.04275	p2
-0.275134	-1.40135	-0.886266	0.04275	p2
1.05084	0.524739	0.903744	0.04275	p2
-0.131839	0.893346	1.43197	0.04275	p2
-0.950423	-1.40419	-0.00988682	0.04275	p2
-0.842381	1.38313	0.152591	0.04275	p2
0.248648	-1.71681	0.265414	0.04275	p2
0.176983	1.45311	-0.368457	0.04275	p2
0.34904	-0.348714	1.48885	0.04275	p2
0.692746	1.2232	0.920537	0.04275	p2
-1.17219	0.649075	-0.522637	0.04275	p2
0.560185	-1.44622	0.737292	0.04275	p2
0.910123	1.17396	0.309497	0.04275	p2
0.660122	-0.828372	-0.959332	0.04275	p2
0.880462	-0.640442	1.09267	0.04275	p2
-0.185206	-0.222036	1.45469	0.04275	p2
0.362717	1.45	0.0254169	0.04275	p2
-0.716731	0.308499	1.48776	0.04275	p2
1.0687	0.880486	-0.643342	0.04275	p2
1.26635	-0.0611094	-0.652518	0.04275	p2
1.12121	0.923366	0.697504	0.04275	p2
-0.127692	-1.3473	-1.10982	0.04275	p2
-0.682013	1.23896	0.235622	0.04275	p2
-0.154865	-1.58787	-0.285841	0.04275	p2
-1.64032	-0.399755	-0.449181	0.04275	p2
-0.441095	0.00662598	-1.69977	0.04275	p2
0.559547	1.1052	-1.23246	0.04275	p2
-0.923504	1.03584	-0.822217	0.04275	p2
-0.618702	1.23039	-1.03637	0.04275	p2
1.25807	-0.175627	0.838135	0.04275	p2
-1.21177	-0.739036	0.848283	0.04275	p2
-1.10569	0.838339	0.355185	0.04275	p2
-0.209278	-1.37845	0.888194	0.04275	p2
-0.590401	-0.549035	-1.32168	0.04275	p2
1.40015	-0.569165	0.894529	0.04275	p2
-0.753895	1.51029	0.487222	0.04275	p2
0.944029	1.35293	-0.47962	0.04275	p2
-1.11411	-0.0477336	0.942866	0.04275	p2
-1.02491	0.674703	-1.04607	0.04275	p2
1.28525	-0.707686	0.238599	0.04275	p2
1.52073	0.558706	-0.636676	0.04275	p2
-1.62448	0.571817	0.17417	0.04275	p2
-0.0880913	-1.57828	0.225524	0.04275	p2
-1.01982	-0.967086	-0.289065	0.04275	p2
-0.748548	0.753271	1.19279	0.04275	p2
1.06597	-1.30648	-0.123869	0.04275	p2
0.919348	-0.191116	1.47717	0.04275	p2
-1.30547	-0.394571	-0.658712	0.04275	p2
-1.40085	-0.257672	-0.368257	0.04275	p2
0.488896	-1.39797	0.573277	0.04275	p2
1.05922	1.08377	0.44026	0.04275	p2
-0.426432	-1.37102	0.1658	0.04275	p2
1.34832	0.307331	-0.896888	0.04275	p2
-0.11048	-1.4234	0.388344	0.04275	p2
0.155111	0.0436744	1.60072	0.04275	p2
-1.54177	-0.235933	-0.697203	0.04275	p2
-0.958744	0.0717405	-1.08607	0.04275	p2
-0.667199	1.52246	-0.400355	0.04275	p2
0.969479	-0.95062	-0.70474	0.04275	p2
0.494541	1.38355	-0.407799	0.04275	p2
0.631514	-1.34081	-0.219457	0.04275	p2
-0.205051	0.814296	-1.18053	0.04275	p2
1.07596	-0.779746	-0.623956	0.04275	p2
0.312057	-0.52304	1.43554	0.04275	p2
-1.29032	0.935851	0.285357	0.04275	p2
0.623777	1.28923	-0.145445	0.04275	p2
1.15513	-0.246837	0.884951	0.04275	p2
0.37285	-0.944197	-1.00648	0.04275	p2
-0.208219	1.6268	-0.296628	0.04275	p2
-0.907352	-1.45194	-0.24171	0.04275	p2
-0.352103	-1.64755	-0.484506	0.04275	p2
-1.52618	0.125585	0.760175	0.04275	p2
0.393732	0.805234	-1.14218	0.04275	p2
-0.288907	0.04424	-1.43002	0.04275	p2
-1.42146	0.529218	0.722308	0.04275	p2
-0.842754	-0.772375	1.18457	0.04275	p2
0.668742	1.60262	0.225248	0.04275	p2
-0.381347	1.19499	1.14673	0.04275	p2
0.339975	1.06291	0.952018	0.04275	p2
-0.977074	0.964182	-0.921178	0.04275	p2
-0.591112	-1.57592	-0.403617	0.04275	p2
1.32327	-1.07649	0.375891	0.04275	p2
